location,continent,date,population,new_cases,total_cases,new_deaths,total_deaths,new_vaccinations,total_vaccinations
United States,North America,2020-02-01,331000000,25,25,0,0,0,0
United States,North America,2020-02-02,331000000,23,48,0,1,0,0
United States,North America,2020-02-03,331000000,23,71,0,1,0,0
United States,North America,2020-02-04,331000000,23,94,0,1,0,0
United States,North America,2020-02-05,331000000,30,125,0,2,0,0
United States,North America,2020-02-06,331000000,28,153,1,2,0,0
United States,North America,2020-02-07,331000000,24,176,0,2,0,0
United States,North America,2020-02-08,331000000,28,204,0,3,0,0
United States,North America,2020-02-09,331000000,27,231,0,3,0,0
United States,North America,2020-02-10,331000000,19,250,0,3,0,0
United States,North America,2020-02-11,331000000,23,273,0,4,0,0
United States,North America,2020-02-12,331000000,29,302,0,4,0,0
United States,North America,2020-02-13,331000000,34,336,0,4,0,0
United States,North America,2020-02-14,331000000,27,364,0,5,0,0
United States,North America,2020-02-15,331000000,26,390,0,5,0,0
United States,North America,2020-02-16,331000000,30,420,0,5,0,0
United States,North America,2020-02-17,331000000,27,447,0,6,0,0
United States,North America,2020-02-18,331000000,29,476,0,6,0,0
United States,North America,2020-02-19,331000000,31,507,0,6,0,0
United States,North America,2020-02-20,331000000,26,533,0,7,0,0
United States,North America,2020-02-21,331000000,35,568,0,7,0,0
United States,North America,2020-02-22,331000000,26,594,0,8,0,0
United States,North America,2020-02-23,331000000,26,620,1,8,0,0
United States,North America,2020-02-24,331000000,34,654,1,9,0,0
United States,North America,2020-02-25,331000000,37,691,0,9,0,0
United States,North America,2020-02-26,331000000,35,726,0,10,0,0
United States,North America,2020-02-27,331000000,34,760,0,10,0,0
United States,North America,2020-02-28,331000000,33,793,0,10,0,0
United States,North America,2020-02-29,331000000,33,826,0,11,0,0
United States,North America,2020-03-01,331000000,41,867,1,11,0,0
United States,North America,2020-03-02,331000000,38,905,0,12,0,0
United States,North America,2020-03-03,331000000,35,939,1,12,0,0
United States,North America,2020-03-04,331000000,33,973,0,13,0,0
United States,North America,2020-03-05,331000000,41,1014,1,13,0,0
United States,North America,2020-03-06,331000000,44,1058,1,14,0,0
United States,North America,2020-03-07,331000000,44,1102,0,14,0,0
United States,North America,2020-03-08,331000000,34,1136,1,15,0,0
United States,North America,2020-03-09,331000000,38,1174,1,16,0,0
United States,North America,2020-03-10,331000000,37,1211,0,16,0,0
United States,North America,2020-03-11,331000000,39,1251,0,17,0,0
United States,North America,2020-03-12,331000000,46,1297,1,17,0,0
United States,North America,2020-03-13,331000000,50,1347,1,18,0,0
United States,North America,2020-03-14,331000000,44,1391,1,19,0,0
United States,North America,2020-03-15,331000000,38,1430,1,19,0,0
United States,North America,2020-03-16,331000000,43,1472,1,20,0,0
United States,North America,2020-03-17,331000000,54,1526,1,21,0,0
United States,North America,2020-03-18,331000000,45,1571,1,21,0,0
United States,North America,2020-03-19,331000000,43,1614,1,22,0,0
United States,North America,2020-03-20,331000000,44,1657,1,22,0,0
United States,North America,2020-03-21,331000000,48,1705,1,23,0,0
United States,North America,2020-03-22,331000000,41,1746,1,24,0,0
United States,North America,2020-03-23,331000000,43,1789,1,25,0,0
United States,North America,2020-03-24,331000000,54,1843,1,26,0,0
United States,North America,2020-03-25,331000000,50,1893,1,26,0,0
United States,North America,2020-03-26,331000000,49,1942,1,27,0,0
United States,North America,2020-03-27,331000000,56,1997,1,28,0,0
United States,North America,2020-03-28,331000000,44,2041,0,29,0,0
United States,North America,2020-03-29,331000000,47,2089,1,29,0,0
United States,North America,2020-03-30,331000000,52,2141,0,30,0,0
United States,North America,2020-03-31,331000000,53,2194,1,30,0,0
United States,North America,2020-04-01,331000000,40,2234,0,31,0,0
United States,North America,2020-04-02,331000000,48,2283,1,31,0,0
United States,North America,2020-04-03,331000000,51,2334,1,32,0,0
United States,North America,2020-04-04,331000000,56,2390,1,33,0,0
United States,North America,2020-04-05,331000000,55,2445,1,34,0,0
United States,North America,2020-04-06,331000000,53,2498,1,35,0,0
United States,North America,2020-04-07,331000000,39,2537,0,35,0,0
United States,North America,2020-04-08,331000000,55,2591,0,36,0,0
United States,North America,2020-04-09,331000000,56,2647,0,36,0,0
United States,North America,2020-04-10,331000000,76,2723,1,37,0,0
United States,North America,2020-04-11,331000000,55,2778,1,38,0,0
United States,North America,2020-04-12,331000000,59,2837,1,38,0,0
United States,North America,2020-04-13,331000000,67,2905,1,39,0,0
United States,North America,2020-04-14,331000000,64,2969,1,40,0,0
United States,North America,2020-04-15,331000000,71,3039,1,41,0,0
United States,North America,2020-04-16,331000000,46,3086,1,42,0,0
United States,North America,2020-04-17,331000000,50,3136,0,42,0,0
United States,North America,2020-04-18,331000000,55,3191,1,43,0,0
United States,North America,2020-04-19,331000000,46,3237,1,44,0,0
United States,North America,2020-04-20,331000000,61,3298,1,45,0,0
United States,North America,2020-04-21,331000000,53,3351,1,46,0,0
United States,North America,2020-04-22,331000000,76,3427,1,46,0,0
United States,North America,2020-04-23,331000000,55,3482,1,47,0,0
United States,North America,2020-04-24,331000000,60,3542,1,48,0,0
United States,North America,2020-04-25,331000000,71,3612,1,50,0,0
United States,North America,2020-04-26,331000000,52,3664,1,50,0,0
United States,North America,2020-04-27,331000000,49,3713,0,51,0,0
United States,North America,2020-04-28,331000000,66,3779,1,52,0,0
United States,North America,2020-04-29,331000000,67,3846,1,53,0,0
United States,North America,2020-04-30,331000000,73,3920,1,54,0,0
United States,North America,2020-05-01,331000000,71,3991,1,55,0,0
United States,North America,2020-05-02,331000000,69,4060,1,56,0,0
United States,North America,2020-05-03,331000000,60,4120,1,57,0,0
United States,North America,2020-05-04,331000000,70,4189,1,58,0,0
United States,North America,2020-05-05,331000000,71,4260,1,59,0,0
United States,North America,2020-05-06,331000000,61,4321,1,59,0,0
United States,North America,2020-05-07,331000000,88,4408,1,61,0,0
United States,North America,2020-05-08,331000000,74,4482,1,62,0,0
United States,North America,2020-05-09,331000000,59,4541,1,62,0,0
United States,North America,2020-05-10,331000000,78,4619,1,64,0,0
United States,North America,2020-05-11,331000000,80,4700,1,65,0,0
United States,North America,2020-05-12,331000000,75,4775,1,66,0,0
United States,North America,2020-05-13,331000000,68,4843,1,67,0,0
United States,North America,2020-05-14,331000000,63,4906,1,67,0,0
United States,North America,2020-05-15,331000000,71,4977,1,69,0,0
United States,North America,2020-05-16,331000000,76,5053,1,70,0,0
United States,North America,2020-05-17,331000000,73,5126,1,71,0,0
United States,North America,2020-05-18,331000000,89,5215,1,72,0,0
United States,North America,2020-05-19,331000000,80,5295,1,73,0,0
United States,North America,2020-05-20,331000000,64,5360,1,74,0,0
United States,North America,2020-05-21,331000000,62,5422,1,75,0,0
United States,North America,2020-05-22,331000000,80,5502,2,77,0,0
United States,North America,2020-05-23,331000000,72,5574,1,77,0,0
United States,North America,2020-05-24,331000000,83,5658,2,79,0,0
United States,North America,2020-05-25,331000000,81,5738,2,80,0,0
United States,North America,2020-05-26,331000000,75,5814,1,82,0,0
United States,North America,2020-05-27,331000000,67,5880,1,83,0,0
United States,North America,2020-05-28,331000000,59,5940,1,84,0,0
United States,North America,2020-05-29,331000000,79,6019,2,85,0,0
United States,North America,2020-05-30,331000000,63,6082,1,86,0,0
United States,North America,2020-05-31,331000000,67,6149,1,87,0,0
United States,North America,2020-06-01,331000000,80,6229,2,89,0,0
United States,North America,2020-06-02,331000000,79,6308,1,90,0,0
United States,North America,2020-06-03,331000000,65,6373,1,91,0,0
United States,North America,2020-06-04,331000000,92,6465,1,92,0,0
United States,North America,2020-06-05,331000000,92,6557,1,94,0,0
United States,North America,2020-06-06,331000000,86,6643,2,95,0,0
United States,North America,2020-06-07,331000000,86,6729,2,97,0,0
United States,North America,2020-06-08,331000000,86,6815,2,98,0,0
United States,North America,2020-06-09,331000000,127,6942,2,100,0,0
United States,North America,2020-06-10,331000000,92,7034,2,102,0,0
United States,North America,2020-06-11,331000000,89,7123,1,103,0,0
United States,North America,2020-06-12,331000000,72,7195,1,104,0,0
United States,North America,2020-06-13,331000000,79,7274,1,105,0,0
United States,North America,2020-06-14,331000000,110,7384,1,106,0,0
United States,North America,2020-06-15,331000000,59,7443,1,107,0,0
United States,North America,2020-06-16,331000000,77,7520,1,108,0,0
United States,North America,2020-06-17,331000000,96,7616,1,109,0,0
United States,North America,2020-06-18,331000000,74,7690,1,110,0,0
United States,North America,2020-06-19,331000000,92,7782,1,111,0,0
United States,North America,2020-06-20,331000000,84,7866,1,112,0,0
United States,North America,2020-06-21,331000000,75,7941,1,113,0,0
United States,North America,2020-06-22,331000000,58,8000,1,114,0,0
United States,North America,2020-06-23,331000000,86,8086,1,115,0,0
United States,North America,2020-06-24,331000000,74,8160,1,116,0,0
United States,North America,2020-06-25,331000000,83,8244,2,118,0,0
United States,North America,2020-06-26,331000000,91,8335,1,119,0,0
United States,North America,2020-06-27,331000000,96,8431,1,120,0,0
United States,North America,2020-06-28,331000000,79,8510,1,121,0,0
United States,North America,2020-06-29,331000000,77,8587,1,122,0,0
United States,North America,2020-06-30,331000000,69,8656,1,124,0,0
United States,North America,2020-07-01,331000000,98,8754,2,125,0,0
United States,North America,2020-07-02,331000000,113,8867,1,127,0,0
United States,North America,2020-07-03,331000000,100,8967,1,128,0,0
United States,North America,2020-07-04,331000000,103,9070,1,129,0,0
United States,North America,2020-07-05,331000000,77,9147,1,129,0,0
United States,North America,2020-07-06,331000000,93,9239,1,131,0,0
United States,North America,2020-07-07,331000000,97,9337,1,131,0,0
United States,North America,2020-07-08,331000000,45,9381,0,132,0,0
United States,North America,2020-07-09,331000000,74,9455,1,133,0,0
United States,North America,2020-07-10,331000000,109,9564,2,135,0,0
United States,North America,2020-07-11,331000000,69,9633,1,135,0,0
United States,North America,2020-07-12,331000000,107,9739,1,137,0,0
United States,North America,2020-07-13,331000000,69,9808,1,138,0,0
United States,North America,2020-07-14,331000000,75,9884,1,139,0,0
United States,North America,2020-07-15,331000000,94,9978,1,140,0,0
United States,North America,2020-07-16,331000000,89,10067,2,142,0,0
United States,North America,2020-07-17,331000000,83,10151,1,143,0,0
United States,North America,2020-07-18,331000000,110,10260,1,145,0,0
United States,North America,2020-07-19,331000000,72,10333,1,146,0,0
United States,North America,2020-07-20,331000000,87,10420,2,147,0,0
United States,North America,2020-07-21,331000000,97,10517,2,149,0,0
United States,North America,2020-07-22,331000000,93,10610,1,150,0,0
United States,North America,2020-07-23,331000000,81,10691,1,151,0,0
United States,North America,2020-07-24,331000000,82,10772,1,152,0,0
United States,North America,2020-07-25,331000000,101,10873,2,153,0,0
United States,North America,2020-07-26,331000000,102,10975,2,155,0,0
United States,North America,2020-07-27,331000000,94,11069,2,157,0,0
United States,North America,2020-07-28,331000000,79,11148,1,158,0,0
United States,North America,2020-07-29,331000000,83,11230,1,160,0,0
United States,North America,2020-07-30,331000000,90,11320,1,161,0,0
United States,North America,2020-07-31,331000000,92,11412,2,162,0,0
United States,North America,2020-08-01,331000000,98,11510,2,164,0,0
United States,North America,2020-08-02,331000000,88,11598,1,165,0,0
United States,North America,2020-08-03,331000000,102,11700,1,166,0,0
United States,North America,2020-08-04,331000000,102,11802,2,168,0,0
United States,North America,2020-08-05,331000000,109,11910,1,169,0,0
United States,North America,2020-08-06,331000000,91,12002,2,171,0,0
United States,North America,2020-08-07,331000000,96,12097,2,173,0,0
United States,North America,2020-08-08,331000000,89,12187,1,174,0,0
United States,North America,2020-08-09,331000000,80,12267,1,175,0,0
United States,North America,2020-08-10,331000000,120,12387,1,177,0,0
United States,North America,2020-08-11,331000000,107,12495,2,178,0,0
United States,North America,2020-08-12,331000000,103,12597,2,180,0,0
United States,North America,2020-08-13,331000000,92,12689,1,181,0,0
United States,North America,2020-08-14,331000000,80,12768,1,182,0,0
United States,North America,2020-08-15,331000000,105,12874,1,183,0,0
United States,North America,2020-08-16,331000000,90,12964,1,184,0,0
United States,North America,2020-08-17,331000000,98,13062,2,186,0,0
United States,North America,2020-08-18,331000000,85,13146,1,187,0,0
United States,North America,2020-08-19,331000000,96,13242,1,187,0,0
United States,North America,2020-08-20,331000000,85,13328,2,189,0,0
United States,North America,2020-08-21,331000000,86,13414,1,190,0,0
United States,North America,2020-08-22,331000000,96,13510,2,192,0,0
United States,North America,2020-08-23,331000000,73,13582,1,193,0,0
United States,North America,2020-08-24,331000000,73,13656,1,194,0,0
United States,North America,2020-08-25,331000000,83,13739,1,196,0,0
United States,North America,2020-08-26,331000000,90,13829,1,197,0,0
United States,North America,2020-08-27,331000000,105,13934,1,198,0,0
United States,North America,2020-08-28,331000000,91,14025,1,199,0,0
United States,North America,2020-08-29,331000000,93,14118,1,200,0,0
United States,North America,2020-08-30,331000000,90,14208,1,201,0,0
United States,North America,2020-08-31,331000000,98,14306,2,203,0,0
United States,North America,2020-09-01,331000000,82,14388,1,204,0,0
United States,North America,2020-09-02,331000000,92,14481,1,205,0,0
United States,North America,2020-09-03,331000000,100,14580,2,207,0,0
United States,North America,2020-09-04,331000000,97,14678,1,208,0,0
United States,North America,2020-09-05,331000000,94,14772,1,209,0,0
United States,North America,2020-09-06,331000000,95,14867,1,211,0,0
United States,North America,2020-09-07,331000000,102,14968,2,212,0,0
United States,North America,2020-09-08,331000000,125,15094,2,214,0,0
United States,North America,2020-09-09,331000000,84,15177,2,216,0,0
United States,North America,2020-09-10,331000000,126,15303,1,217,0,0
United States,North America,2020-09-11,331000000,83,15387,1,218,0,0
United States,North America,2020-09-12,331000000,65,15452,1,219,0,0
United States,North America,2020-09-13,331000000,88,15539,1,220,0,0
United States,North America,2020-09-14,331000000,100,15640,1,221,0,0
United States,North America,2020-09-15,331000000,122,15762,2,223,0,0
United States,North America,2020-09-16,331000000,83,15845,2,225,0,0
United States,North America,2020-09-17,331000000,103,15947,2,226,0,0
United States,North America,2020-09-18,331000000,77,16024,1,228,0,0
United States,North America,2020-09-19,331000000,122,16147,2,230,0,0
United States,North America,2020-09-20,331000000,113,16260,2,232,0,0
United States,North America,2020-09-21,331000000,89,16349,1,233,0,0
United States,North America,2020-09-22,331000000,72,16421,1,235,0,0
United States,North America,2020-09-23,331000000,116,16537,2,237,0,0
United States,North America,2020-09-24,331000000,95,16632,1,238,0,0
United States,North America,2020-09-25,331000000,115,16747,1,239,0,0
United States,North America,2020-09-26,331000000,97,16844,2,241,0,0
United States,North America,2020-09-27,331000000,98,16941,2,243,0,0
United States,North America,2020-09-28,331000000,91,17032,1,244,0,0
United States,North America,2020-09-29,331000000,106,17138,1,245,0,0
United States,North America,2020-09-30,331000000,99,17238,1,246,0,0
United States,North America,2020-10-01,331000000,105,17343,2,248,0,0
United States,North America,2020-10-02,331000000,75,17418,1,249,0,0
United States,North America,2020-10-03,331000000,117,17535,2,250,0,0
United States,North America,2020-10-04,331000000,121,17656,2,252,0,0
United States,North America,2020-10-05,331000000,100,17756,2,254,0,0
United States,North America,2020-10-06,331000000,129,17884,2,256,0,0
United States,North America,2020-10-07,331000000,124,18009,2,258,0,0
United States,North America,2020-10-08,331000000,108,18117,2,260,0,0
United States,North America,2020-10-09,331000000,119,18236,1,261,0,0
United States,North America,2020-10-10,331000000,115,18351,1,263,0,0
United States,North America,2020-10-11,331000000,73,18424,1,263,0,0
United States,North America,2020-10-12,331000000,95,18519,1,265,0,0
United States,North America,2020-10-13,331000000,110,18630,2,267,0,0
United States,North America,2020-10-14,331000000,124,18754,2,269,0,0
United States,North America,2020-10-15,331000000,79,18833,2,271,0,0
United States,North America,2020-10-16,331000000,74,18907,1,272,0,0
United States,North America,2020-10-17,331000000,99,19006,2,274,0,0
United States,North America,2020-10-18,331000000,69,19076,1,275,0,0
United States,North America,2020-10-19,331000000,99,19175,1,276,0,0
United States,North America,2020-10-20,331000000,106,19281,1,277,0,0
United States,North America,2020-10-21,331000000,87,19368,1,278,0,0
United States,North America,2020-10-22,331000000,100,19468,2,279,0,0
United States,North America,2020-10-23,331000000,116,19583,1,281,0,0
United States,North America,2020-10-24,331000000,93,19676,1,282,0,0
United States,North America,2020-10-25,331000000,89,19766,1,282,0,0
United States,North America,2020-10-26,331000000,100,19866,1,283,0,0
United States,North America,2020-10-27,331000000,86,19952,1,284,0,0
United States,North America,2020-10-28,331000000,132,20084,1,286,0,0
United States,North America,2020-10-29,331000000,103,20187,2,287,0,0
United States,North America,2020-10-30,331000000,92,20278,2,289,0,0
United States,North America,2020-10-31,331000000,106,20384,2,291,0,0
United States,North America,2020-11-01,331000000,101,20485,2,293,0,0
United States,North America,2020-11-02,331000000,99,20584,2,295,0,0
United States,North America,2020-11-03,331000000,95,20679,1,296,0,0
United States,North America,2020-11-04,331000000,94,20774,1,297,0,0
United States,North America,2020-11-05,331000000,80,20853,1,298,0,0
United States,North America,2020-11-06,331000000,125,20978,2,300,0,0
United States,North America,2020-11-07,331000000,113,21091,2,302,0,0
United States,North America,2020-11-08,331000000,109,21200,2,303,0,0
United States,North America,2020-11-09,331000000,102,21302,1,305,0,0
United States,North America,2020-11-10,331000000,89,21391,1,306,0,0
United States,North America,2020-11-11,331000000,93,21484,1,307,0,0
United States,North America,2020-11-12,331000000,82,21566,1,308,0,0
United States,North America,2020-11-13,331000000,95,21660,1,308,0,0
United States,North America,2020-11-14,331000000,88,21748,2,310,0,0
United States,North America,2020-11-15,331000000,132,21880,2,312,0,0
United States,North America,2020-11-16,331000000,119,21999,2,314,0,0
United States,North America,2020-11-17,331000000,107,22106,2,316,0,0
United States,North America,2020-11-18,331000000,92,22198,2,317,0,0
United States,North America,2020-11-19,331000000,89,22287,1,318,0,0
United States,North America,2020-11-20,331000000,103,22390,1,320,0,0
United States,North America,2020-11-21,331000000,121,22511,1,321,0,0
United States,North America,2020-11-22,331000000,137,22647,3,324,0,0
United States,North America,2020-11-23,331000000,84,22732,1,325,0,0
United States,North America,2020-11-24,331000000,116,22847,1,326,0,0
United States,North America,2020-11-25,331000000,96,22943,1,327,0,0
United States,North America,2020-11-26,331000000,99,23043,1,328,0,0
United States,North America,2020-11-27,331000000,108,23150,1,329,0,0
United States,North America,2020-11-28,331000000,94,23244,2,331,0,0
United States,North America,2020-11-29,331000000,104,23348,2,333,0,0
United States,North America,2020-11-30,331000000,93,23441,2,335,0,0
United States,North America,2020-12-01,331000000,98,23539,1,336,0,0
United States,North America,2020-12-02,331000000,120,23659,2,338,0,0
United States,North America,2020-12-03,331000000,110,23769,2,339,0,0
United States,North America,2020-12-04,331000000,120,23889,1,341,0,0
United States,North America,2020-12-05,331000000,98,23987,1,342,0,0
United States,North America,2020-12-06,331000000,118,24104,2,343,0,0
United States,North America,2020-12-07,331000000,82,24186,1,344,0,0
United States,North America,2020-12-08,331000000,110,24296,2,346,0,0
United States,North America,2020-12-09,331000000,119,24415,1,347,0,0
United States,North America,2020-12-10,331000000,82,24497,1,348,0,0
United States,North America,2020-12-11,331000000,98,24596,1,349,0,0
United States,North America,2020-12-12,331000000,110,24706,1,350,0,0
United States,North America,2020-12-13,331000000,126,24832,1,352,0,0
United States,North America,2020-12-14,331000000,100,24932,2,353,0,0
United States,North America,2020-12-15,331000000,118,25050,2,355,0,0
United States,North America,2020-12-16,331000000,134,25184,2,357,0,0
United States,North America,2020-12-17,331000000,119,25303,2,359,0,0
United States,North America,2020-12-18,331000000,107,25410,2,361,0,0
United States,North America,2020-12-19,331000000,116,25526,2,363,0,0
United States,North America,2020-12-20,331000000,100,25627,1,364,0,0
United States,North America,2020-12-21,331000000,112,25739,2,366,0,0
United States,North America,2020-12-22,331000000,108,25847,2,368,0,0
United States,North America,2020-12-23,331000000,116,25963,1,369,0,0
United States,North America,2020-12-24,331000000,104,26067,1,370,0,0
United States,North America,2020-12-25,331000000,118,26185,2,372,0,0
United States,North America,2020-12-26,331000000,104,26289,1,373,0,0
United States,North America,2020-12-27,331000000,126,26414,2,375,0,0
United States,North America,2020-12-28,331000000,106,26520,2,377,0,0
United States,North America,2020-12-29,331000000,77,26598,1,378,0,0
United States,North America,2020-12-30,331000000,95,26692,1,379,0,0
United States,North America,2020-12-31,331000000,112,26804,1,380,0,0
United States,North America,2021-01-01,331000000,140,26944,3,383,0,0
United States,North America,2021-01-02,331000000,126,27070,2,385,0,0
United States,North America,2021-01-03,331000000,75,27144,1,386,0,0
United States,North America,2021-01-04,331000000,87,27232,1,387,0,0
United States,North America,2021-01-05,331000000,131,27363,2,390,0,0
United States,North America,2021-01-06,331000000,123,27486,2,392,0,0
United States,North America,2021-01-07,331000000,151,27636,3,395,0,0
United States,North America,2021-01-08,331000000,105,27741,1,396,0,0
United States,North America,2021-01-09,331000000,98,27839,2,397,0,0
United States,North America,2021-01-10,331000000,114,27953,2,399,0,0
United States,North America,2021-01-11,331000000,105,28058,2,401,0,0
United States,North America,2021-01-12,331000000,130,28188,1,402,0,0
United States,North America,2021-01-13,331000000,104,28292,2,404,0,0
United States,North America,2021-01-14,331000000,108,28401,2,406,0,0
United States,North America,2021-01-15,331000000,96,28497,1,407,23077,23077
United States,North America,2021-01-16,331000000,129,28627,2,409,27218,50295
United States,North America,2021-01-17,331000000,130,28756,2,411,24379,74674
United States,North America,2021-01-18,331000000,95,28851,2,413,27648,102322
United States,North America,2021-01-19,331000000,105,28956,1,414,27306,129628
United States,North America,2021-01-20,331000000,116,29073,2,416,24194,153822
United States,North America,2021-01-21,331000000,158,29231,3,419,32713,186535
United States,North America,2021-01-22,331000000,144,29375,3,422,31495,218030
United States,North America,2021-01-23,331000000,124,29499,1,423,31054,249083
United States,North America,2021-01-24,331000000,91,29590,2,424,35133,284216
United States,North America,2021-01-25,331000000,146,29736,3,427,31353,315569
United States,North America,2021-01-26,331000000,157,29893,2,429,28226,343795
United States,North America,2021-01-27,331000000,123,30016,1,431,36381,380176
United States,North America,2021-01-28,331000000,129,30144,2,433,32567,412743
United States,North America,2021-01-29,331000000,74,30219,1,434,37438,450180
United States,North America,2021-01-30,331000000,88,30307,1,435,31918,482099
United States,North America,2021-01-31,331000000,110,30417,1,436,36598,518697
United States,North America,2021-02-01,331000000,128,30545,2,438,38383,557080
United States,North America,2021-02-02,331000000,112,30656,2,440,32754,589834
United States,North America,2021-02-03,331000000,97,30753,2,442,35118,624952
United States,North America,2021-02-04,331000000,123,30877,2,443,35177,660129
United States,North America,2021-02-05,331000000,115,30991,2,445,35773,695902
United States,North America,2021-02-06,331000000,117,31108,2,447,38409,734312
United States,North America,2021-02-07,331000000,113,31221,1,448,37064,771376
United States,North America,2021-02-08,331000000,117,31338,2,450,44905,816281
United States,North America,2021-02-09,331000000,139,31477,2,452,43727,860007
United States,North America,2021-02-10,331000000,69,31546,1,453,41341,901348
United States,North America,2021-02-11,331000000,120,31666,2,455,45380,946729
United States,North America,2021-02-12,331000000,111,31777,1,456,50343,997072
United States,North America,2021-02-13,331000000,109,31885,1,457,52565,1049637
United States,North America,2021-02-14,331000000,114,31999,2,459,43333,1092970
United States,North America,2021-02-15,331000000,103,32102,2,461,44209,1137179
United States,North America,2021-02-16,331000000,103,32205,1,462,57581,1194760
United States,North America,2021-02-17,331000000,124,32329,1,463,47536,1242296
United States,North America,2021-02-18,331000000,97,32426,1,464,58938,1301234
United States,North America,2021-02-19,331000000,119,32545,2,466,59353,1360587
United States,North America,2021-02-20,331000000,120,32665,1,467,54192,1414779
United States,North America,2021-02-21,331000000,87,32752,2,468,64703,1479482
United States,North America,2021-02-22,331000000,146,32898,2,470,56043,1535525
United States,North America,2021-02-23,331000000,138,33036,2,472,64053,1599578
United States,North America,2021-02-24,331000000,85,33122,1,473,64116,1663694
United States,North America,2021-02-25,331000000,85,33207,2,474,69637,1733330
United States,North America,2021-02-26,331000000,106,33313,1,475,73255,1806585
United States,North America,2021-02-27,331000000,133,33446,2,478,65908,1872493
United States,North America,2021-02-28,331000000,115,33562,1,479,64124,1936617
United States,North America,2021-03-01,331000000,154,33715,2,480,62799,1999416
United States,North America,2021-03-02,331000000,128,33843,2,483,82415,2081832
United States,North America,2021-03-03,331000000,94,33937,1,484,62904,2144735
United States,North America,2021-03-04,331000000,118,34055,2,486,66509,2211245
United States,North America,2021-03-05,331000000,88,34143,1,487,80237,2291482
United States,North America,2021-03-06,331000000,126,34269,2,490,71500,2362982
United States,North America,2021-03-07,331000000,145,34414,2,492,72291,2435272
United States,North America,2021-03-08,331000000,144,34558,3,495,79811,2515084
United States,North America,2021-03-09,331000000,123,34681,1,496,75184,2590268
United States,North America,2021-03-10,331000000,75,34757,1,497,74644,2664912
United States,North America,2021-03-11,331000000,92,34848,1,498,81605,2746517
United States,North America,2021-03-12,331000000,127,34976,2,500,94809,2841326
United States,North America,2021-03-13,331000000,127,35103,2,501,95289,2936615
United States,North America,2021-03-14,331000000,86,35189,2,503,99195,3035810
United States,North America,2021-03-15,331000000,128,35317,1,504,94550,3130361
United States,North America,2021-03-16,331000000,91,35408,1,506,91808,3222169
United States,North America,2021-03-17,331000000,111,35519,1,507,105353,3327522
United States,North America,2021-03-18,331000000,122,35641,2,508,106312,3433834
United States,North America,2021-03-19,331000000,90,35731,2,510,111901,3545736
United States,North America,2021-03-20,331000000,111,35841,2,512,97602,3643338
United States,North America,2021-03-21,331000000,87,35928,1,513,120261,3763599
United States,North America,2021-03-22,331000000,138,36066,1,514,123756,3887354
United States,North America,2021-03-23,331000000,95,36161,1,515,123652,4011006
United States,North America,2021-03-24,331000000,114,36275,2,517,123853,4134859
United States,North America,2021-03-25,331000000,141,36416,3,520,106980,4241839
United States,North America,2021-03-26,331000000,137,36553,2,522,108078,4349917
United States,North America,2021-03-27,331000000,133,36686,1,523,127372,4477288
United States,North America,2021-03-28,331000000,121,36807,1,524,138197,4615485
United States,North America,2021-03-29,331000000,139,36946,3,527,118179,4733664
United States,North America,2021-03-30,331000000,117,37063,2,529,109673,4843337
United States,North America,2021-03-31,331000000,94,37157,1,530,113324,4956661
United States,North America,2021-04-01,331000000,128,37285,2,532,125909,5082570
United States,North America,2021-04-02,331000000,115,37400,1,533,136355,5218925
United States,North America,2021-04-03,331000000,122,37521,2,535,129821,5348745
United States,North America,2021-04-04,331000000,135,37656,2,537,128640,5477386
United States,North America,2021-04-05,331000000,125,37781,1,538,158245,5635631
United States,North America,2021-04-06,331000000,132,37913,2,541,166717,5802348
United States,North America,2021-04-07,331000000,121,38034,1,542,159536,5961884
United States,North America,2021-04-08,331000000,111,38145,2,544,167232,6129117
United States,North America,2021-04-09,331000000,75,38220,1,545,165401,6294518
United States,North America,2021-04-10,331000000,90,38310,2,547,143605,6438123
United States,North America,2021-04-11,331000000,89,38399,1,548,151663,6589787
United States,North America,2021-04-12,331000000,102,38501,1,549,139203,6728990
United States,North America,2021-04-13,331000000,102,38603,1,550,188213,6917203
United States,North America,2021-04-14,331000000,86,38688,1,551,152917,7070120
United States,North America,2021-04-15,331000000,99,38787,2,553,184503,7254622
United States,North America,2021-04-16,331000000,118,38905,2,555,195860,7450483
United States,North America,2021-04-17,331000000,106,39012,1,557,181707,7632189
United States,North America,2021-04-18,331000000,143,39154,2,559,164239,7796428
United States,North America,2021-04-19,331000000,151,39305,2,560,166415,7962843
United States,North America,2021-04-20,331000000,132,39437,2,562,160150,8122993
United States,North America,2021-04-21,331000000,110,39548,2,564,209267,8332260
United States,North America,2021-04-22,331000000,115,39663,2,566,201915,8534175
United States,North America,2021-04-23,331000000,101,39764,1,567,212121,8746296
United States,North America,2021-04-24,331000000,109,39873,2,568,202332,8948628
United States,North America,2021-04-25,331000000,110,39983,2,570,175441,9124069
United States,North America,2021-04-26,331000000,116,40099,1,571,226749,9350818
United States,North America,2021-04-27,331000000,134,40232,3,574,228607,9579425
United States,North America,2021-04-28,331000000,133,40365,2,576,183421,9762847
United States,North America,2021-04-29,331000000,143,40508,2,578,204418,9967264
United States,North America,2021-04-30,331000000,140,40648,2,580,188610,10155874
United States,North America,2021-05-01,331000000,106,40754,1,581,230963,10386838
United States,North America,2021-05-02,331000000,59,40813,1,582,243783,10630621
United States,North America,2021-05-03,331000000,108,40921,1,583,237411,10868032
United States,North America,2021-05-04,331000000,94,41014,2,585,249017,11117049
United States,North America,2021-05-05,331000000,133,41147,2,587,256258,11373307
United States,North America,2021-05-06,331000000,132,41279,2,589,249065,11622372
United States,North America,2021-05-07,331000000,138,41417,2,591,246891,11869263
United States,North America,2021-05-08,331000000,113,41529,2,593,268650,12137913
United States,North America,2021-05-09,331000000,134,41663,1,595,268922,12406836
United States,North America,2021-05-10,331000000,118,41781,2,596,223004,12629840
United States,North America,2021-05-11,331000000,110,41891,2,598,276638,12906478
United States,North America,2021-05-12,331000000,121,42012,1,600,263815,13170293
United States,North America,2021-05-13,331000000,126,42138,2,602,268391,13438684
United States,North America,2021-05-14,331000000,140,42278,2,604,283443,13722127
United States,North America,2021-05-15,331000000,100,42378,1,605,285536,14007663
United States,North America,2021-05-16,331000000,136,42514,2,607,278777,14286440
United States,North America,2021-05-17,331000000,127,42641,2,609,239053,14525493
United States,North America,2021-05-18,331000000,130,42771,1,611,258321,14783814
United States,North America,2021-05-19,331000000,134,42906,2,613,241942,15025756
United States,North America,2021-05-20,331000000,92,42998,1,614,242990,15268746
United States,North America,2021-05-21,331000000,145,43143,3,617,325053,15593799
United States,North America,2021-05-22,331000000,134,43277,1,618,246635,15840434
United States,North America,2021-05-23,331000000,117,43394,1,619,290200,16130634
United States,North America,2021-05-24,331000000,141,43536,2,621,274467,16405101
United States,North America,2021-05-25,331000000,148,43684,3,624,291135,16696236
United States,North America,2021-05-26,331000000,104,43788,2,626,318471,17014707
United States,North America,2021-05-27,331000000,124,43913,1,627,266110,17280817
United States,North America,2021-05-28,331000000,150,44062,2,629,349041,17629858
United States,North America,2021-05-29,331000000,153,44216,2,631,304366,17934224
United States,North America,2021-05-30,331000000,126,44342,2,633,304233,18238458
United States,North America,2021-05-31,331000000,141,44483,2,634,363101,18601558
United States,North America,2021-06-01,331000000,146,44629,2,636,292676,18894234
United States,North America,2021-06-02,331000000,125,44753,1,637,338109,19232343
United States,North America,2021-06-03,331000000,147,44901,2,639,372398,19604741
United States,North America,2021-06-04,331000000,122,45023,1,640,366110,19970851
United States,North America,2021-06-05,331000000,143,45166,3,643,358813,20329664
United States,North America,2021-06-06,331000000,143,45310,2,645,298686,20628350
United States,North America,2021-06-07,331000000,154,45463,2,647,299991,20928341
United States,North America,2021-06-08,331000000,139,45603,1,648,360975,21289317
United States,North America,2021-06-09,331000000,103,45706,1,650,299859,21589175
United States,North America,2021-06-10,331000000,124,45830,2,652,323839,21913014
United States,North America,2021-06-11,331000000,118,45947,2,653,299509,22212523
United States,North America,2021-06-12,331000000,150,46097,1,654,342459,22554983
United States,North America,2021-06-13,331000000,179,46275,2,656,377666,22932648
United States,North America,2021-06-14,331000000,121,46396,2,659,389891,23322540
United States,North America,2021-06-15,331000000,130,46526,1,660,334507,23657047
United States,North America,2021-06-16,331000000,119,46645,2,662,326220,23983267
United States,North America,2021-06-17,331000000,178,46823,3,665,374818,24358085
United States,North America,2021-06-18,331000000,130,46953,1,666,351704,24709790
United States,North America,2021-06-19,331000000,114,47067,1,668,321439,25031229
United States,North America,2021-06-20,331000000,132,47199,1,669,364876,25396105
United States,North America,2021-06-21,331000000,135,47333,2,671,413422,25809527
United States,North America,2021-06-22,331000000,110,47444,1,672,343806,26153333
United States,North America,2021-06-23,331000000,137,47580,2,674,330512,26483845
United States,North America,2021-06-24,331000000,116,47696,2,677,335130,26818975
United States,North America,2021-06-25,331000000,167,47863,3,680,414789,27233764
United States,North America,2021-06-26,331000000,138,48001,2,682,373419,27607182
United States,North America,2021-06-27,331000000,134,48135,2,685,389193,27996376
United States,North America,2021-06-28,331000000,150,48285,2,687,400485,28396861
United States,North America,2021-06-29,331000000,124,48409,1,688,369470,28766331
United States,North America,2021-06-30,331000000,136,48545,1,689,447101,29213432
United States,North America,2021-07-01,331000000,111,48656,2,691,423905,29637337
United States,North America,2021-07-02,331000000,121,48777,2,693,413771,30051108
United States,North America,2021-07-03,331000000,113,48890,2,695,467657,30518765
United States,North America,2021-07-04,331000000,146,49037,2,698,374552,30893317
United States,North America,2021-07-05,331000000,122,49158,1,699,383843,31277160
United States,North America,2021-07-06,331000000,136,49294,2,700,462158,31739319
United States,North America,2021-07-07,331000000,150,49444,2,702,399053,32138371
United States,North America,2021-07-08,331000000,149,49593,2,704,482098,32620470
United States,North America,2021-07-09,331000000,101,49694,2,706,421029,33041499
United States,North America,2021-07-10,331000000,171,49865,3,709,475906,33517405
United States,North America,2021-07-11,331000000,99,49964,2,711,479736,33997141
United States,North America,2021-07-12,331000000,120,50084,1,712,444800,34441941
United States,North America,2021-07-13,331000000,159,50243,2,713,458903,34900844
United States,North America,2021-07-14,331000000,147,50389,3,716,391379,35292224
United States,North America,2021-07-15,331000000,138,50527,2,718,401964,35694188
United States,North America,2021-07-16,331000000,126,50653,2,720,429706,36123894
United States,North America,2021-07-17,331000000,87,50740,1,722,394480,36518374
United States,North America,2021-07-18,331000000,136,50875,2,723,502689,37021063
United States,North America,2021-07-19,331000000,147,51022,2,725,478773,37499837
United States,North America,2021-07-20,331000000,106,51129,1,726,506896,38006732
United States,North America,2021-07-21,331000000,100,51229,1,727,401860,38408592
United States,North America,2021-07-22,331000000,125,51354,2,729,425898,38834490
United States,North America,2021-07-23,331000000,125,51480,1,730,465307,39299797
United States,North America,2021-07-24,331000000,155,51634,3,733,406126,39705923
United States,North America,2021-07-25,331000000,147,51781,2,735,499607,40205530
United States,North America,2021-07-26,331000000,154,51935,3,737,466113,40671643
United States,North America,2021-07-27,331000000,124,52059,1,739,424570,41096212
United States,North America,2021-07-28,331000000,137,52197,1,740,461921,41558133
United States,North America,2021-07-29,331000000,127,52324,2,742,433857,41991990
United States,North America,2021-07-30,331000000,109,52433,2,744,397336,42389326
United States,North America,2021-07-31,331000000,132,52565,2,746,455904,42845230
United States,North America,2021-08-01,331000000,138,52703,2,748,462085,43307315
United States,North America,2021-08-02,331000000,112,52815,1,749,438269,43745584
United States,North America,2021-08-03,331000000,137,52952,2,751,424747,44170332
United States,North America,2021-08-04,331000000,134,53086,2,753,519517,44689849
United States,North America,2021-08-05,331000000,116,53202,1,754,496312,45186161
United States,North America,2021-08-06,331000000,128,53329,2,756,522596,45708757
United States,North America,2021-08-07,331000000,166,53496,2,759,405350,46114107
United States,North America,2021-08-08,331000000,131,53627,2,761,432743,46546850
United States,North America,2021-08-09,331000000,136,53763,2,763,459243,47006093
United States,North America,2021-08-10,331000000,112,53875,2,765,546823,47552916
United States,North America,2021-08-11,331000000,133,54008,1,766,545023,48097939
United States,North America,2021-08-12,331000000,146,54154,3,769,487558,48585497
United States,North America,2021-08-13,331000000,122,54275,2,771,533507,49119005
United States,North America,2021-08-14,331000000,94,54369,2,772,524585,49643589
United States,North America,2021-08-15,331000000,108,54477,2,774,524346,50167936
United States,North America,2021-08-16,331000000,150,54627,1,775,488865,50656801
United States,North America,2021-08-17,331000000,120,54747,1,776,458047,51114848
United States,North America,2021-08-18,331000000,101,54848,2,778,468332,51583180
United States,North America,2021-08-19,331000000,94,54942,1,779,447321,52030501
United States,North America,2021-08-20,331000000,100,55042,1,780,501651,52532152
United States,North America,2021-08-21,331000000,113,55155,2,782,505006,53037158
United States,North America,2021-08-22,331000000,82,55236,2,783,491284,53528442
United States,North America,2021-08-23,331000000,110,55347,2,785,419777,53948218
United States,North America,2021-08-24,331000000,101,55448,1,786,502138,54450356
United States,North America,2021-08-25,331000000,94,55542,1,788,507145,54957501
United States,North America,2021-08-26,331000000,134,55677,2,790,559375,55516876
United States,North America,2021-08-27,331000000,132,55809,1,791,447991,55964867
United States,North America,2021-08-28,331000000,117,55925,2,793,428682,56393549
United States,North America,2021-08-29,331000000,128,56053,2,796,472634,56866183
United States,North America,2021-08-30,331000000,120,56173,1,797,463483,57329666
United States,North America,2021-08-31,331000000,103,56275,1,798,541362,57871028
United States,North America,2021-09-01,331000000,85,56361,1,799,529252,58400280
United States,North America,2021-09-02,331000000,126,56487,1,801,484868,58885148
United States,North America,2021-09-03,331000000,116,56603,2,803,450875,59336023
United States,North America,2021-09-04,331000000,115,56718,2,804,530550,59866574
United States,North America,2021-09-05,331000000,120,56838,1,806,569381,60435954
United States,North America,2021-09-06,331000000,101,56939,1,807,546598,60982553
United States,North America,2021-09-07,331000000,107,57046,2,809,569207,61551759
United States,North America,2021-09-08,331000000,117,57163,2,811,550047,62101807
United States,North America,2021-09-09,331000000,111,57274,1,812,519361,62621168
United States,North America,2021-09-10,331000000,122,57396,2,813,554571,63175739
United States,North America,2021-09-11,331000000,110,57506,1,814,546284,63722023
United States,North America,2021-09-12,331000000,127,57633,1,816,553309,64275332
United States,North America,2021-09-13,331000000,145,57777,1,817,523842,64799174
United States,North America,2021-09-14,331000000,99,57877,1,819,518791,65317965
United States,North America,2021-09-15,331000000,121,57998,2,821,463201,65781166
United States,North America,2021-09-16,331000000,100,58098,1,822,434349,66215514
United States,North America,2021-09-17,331000000,132,58230,2,824,466515,66682029
United States,North America,2021-09-18,331000000,138,58368,2,825,522232,67204260
United States,North America,2021-09-19,331000000,116,58483,1,826,538115,67742375
United States,North America,2021-09-20,331000000,110,58593,1,828,497897,68240272
United States,North America,2021-09-21,331000000,125,58718,2,830,452567,68692839
United States,North America,2021-09-22,331000000,127,58845,1,832,544144,69236983
United States,North America,2021-09-23,331000000,82,58927,1,832,446870,69683853
United States,North America,2021-09-24,331000000,117,59043,2,834,463547,70147400
United States,North America,2021-09-25,331000000,89,59133,1,836,445176,70592576
United States,North America,2021-09-26,331000000,95,59228,1,837,445280,71037856
United States,North America,2021-09-27,331000000,96,59324,1,838,570467,71608323
United States,North America,2021-09-28,331000000,116,59440,2,840,517564,72125886
United States,North America,2021-09-29,331000000,86,59526,1,842,588939,72714826
United States,North America,2021-09-30,331000000,85,59611,1,843,522203,73237029
United States,North America,2021-10-01,331000000,99,59710,1,844,523296,73760324
United States,North America,2021-10-02,331000000,129,59839,3,846,464001,74224325
United States,North America,2021-10-03,331000000,87,59926,1,848,452202,74676526
United States,North America,2021-10-04,331000000,111,60037,1,849,554375,75230901
United States,North America,2021-10-05,331000000,121,60157,2,851,581188,75812089
United States,North America,2021-10-06,331000000,82,60239,1,852,499943,76312032
United States,North America,2021-10-07,331000000,100,60340,2,854,519096,76831129
United States,North America,2021-10-08,331000000,110,60450,2,856,452558,77283686
United States,North America,2021-10-09,331000000,90,60540,2,857,560208,77843894
United States,North America,2021-10-10,331000000,103,60643,2,859,444906,78288799
United States,North America,2021-10-11,331000000,81,60724,1,860,453158,78741957
United States,North America,2021-10-12,331000000,83,60807,2,861,525783,79267740
United States,North America,2021-10-13,331000000,83,60891,1,863,533349,79801089
United States,North America,2021-10-14,331000000,72,60963,1,864,583187,80384276
United States,North America,2021-10-15,331000000,98,61060,2,865,472969,80857244
United States,North America,2021-10-16,331000000,93,61154,2,867,458883,81316128
United States,North America,2021-10-17,331000000,87,61240,2,869,576120,81892248
United States,North America,2021-10-18,331000000,108,61348,2,871,564258,82456506
United States,North America,2021-10-19,331000000,84,61433,1,872,468481,82924987
United States,North America,2021-10-20,331000000,87,61520,1,873,495606,83420592
United States,North America,2021-10-21,331000000,91,61611,2,875,462530,83883122
United States,North America,2021-10-22,331000000,91,61702,2,876,586034,84469156
United States,North America,2021-10-23,331000000,121,61823,2,879,469551,84938706
United States,North America,2021-10-24,331000000,84,61907,1,880,504706,85443413
United States,North America,2021-10-25,331000000,82,61989,1,880,446671,85890084
United States,North America,2021-10-26,331000000,74,62063,1,881,593346,86483430
United States,North America,2021-10-27,331000000,92,62155,1,882,491753,86975183
United States,North America,2021-10-28,331000000,86,62241,1,884,511920,87487103
United States,North America,2021-10-29,331000000,88,62329,1,885,540293,88027396
United States,North America,2021-10-30,331000000,74,62402,1,886,467306,88494702
United States,North America,2021-10-31,331000000,74,62476,1,887,452719,88947421
United States,North America,2021-11-01,331000000,81,62558,1,888,597918,89545339
United States,North America,2021-11-02,331000000,74,62632,1,889,491506,90036845
United States,North America,2021-11-03,331000000,76,62708,1,890,552632,90589478
United States,North America,2021-11-04,331000000,80,62788,2,891,571915,91161393
United States,North America,2021-11-05,331000000,71,62859,1,893,492461,91653854
United States,North America,2021-11-06,331000000,84,62943,1,894,465073,92118927
United States,North America,2021-11-07,331000000,104,63047,2,896,515295,92634222
United States,North America,2021-11-08,331000000,71,63119,1,897,574757,93208979
United States,North America,2021-11-09,331000000,63,63182,1,898,565780,93774759
United States,North America,2021-11-10,331000000,75,63257,1,899,448105,94222864
United States,North America,2021-11-11,331000000,73,63330,1,899,564682,94787546
United States,North America,2021-11-12,331000000,75,63405,1,900,447240,95234786
United States,North America,2021-11-13,331000000,61,63466,1,901,598878,95833664
United States,North America,2021-11-14,331000000,62,63528,1,902,517023,96350687
United States,North America,2021-11-15,331000000,72,63600,1,903,461108,96811796
United States,North America,2021-11-16,331000000,59,63658,1,904,561804,97373599
United States,North America,2021-11-17,331000000,70,63728,1,905,505052,97878651
United States,North America,2021-11-18,331000000,61,63789,1,906,586426,98465077
United States,North America,2021-11-19,331000000,46,63835,1,907,569999,99035076
United States,North America,2021-11-20,331000000,80,63915,1,908,486308,99521384
United States,North America,2021-11-21,331000000,56,63971,1,909,452352,99973736
United States,North America,2021-11-22,331000000,66,64037,1,910,550275,100524011
United States,North America,2021-11-23,331000000,75,64113,1,911,546814,101070824
United States,North America,2021-11-24,331000000,59,64172,1,912,470244,101541069
United States,North America,2021-11-25,331000000,66,64238,1,913,527413,102068482
United States,North America,2021-11-26,331000000,62,64300,1,914,559696,102628178
United States,North America,2021-11-27,331000000,64,64365,1,914,458070,103086248
United States,North America,2021-11-28,331000000,55,64420,1,915,502074,103588323
United States,North America,2021-11-29,331000000,74,64494,1,916,551333,104139656
United States,North America,2021-11-30,331000000,57,64551,1,917,551261,104690916
United States,North America,2021-12-01,331000000,57,64608,1,918,488976,105179892
United States,North America,2021-12-02,331000000,65,64673,1,919,479687,105659580
United States,North America,2021-12-03,331000000,71,64744,1,919,544384,106203964
United States,North America,2021-12-04,331000000,64,64808,1,920,453987,106657951
United States,North America,2021-12-05,331000000,69,64877,1,922,573563,107231514
United States,North America,2021-12-06,331000000,70,64947,1,923,575711,107807225
United States,North America,2021-12-07,331000000,72,65018,1,924,467799,108275023
United States,North America,2021-12-08,331000000,61,65079,1,924,506425,108781449
United States,North America,2021-12-09,331000000,53,65132,1,925,517120,109298569
United States,North America,2021-12-10,331000000,59,65192,1,926,466952,109765521
United States,North America,2021-12-11,331000000,55,65247,1,926,587989,110353510
United States,North America,2021-12-12,331000000,42,65289,1,927,584025,110937535
United States,North America,2021-12-13,331000000,60,65349,1,928,593198,111530733
United States,North America,2021-12-14,331000000,58,65407,1,929,581108,112111841
United States,North America,2021-12-15,331000000,45,65452,1,930,570812,112682653
United States,North America,2021-12-16,331000000,43,65495,1,930,603808,113286461
United States,North America,2021-12-17,331000000,54,65549,1,931,454965,113741425
United States,North America,2021-12-18,331000000,49,65597,1,932,577546,114318971
United States,North America,2021-12-19,331000000,48,65645,1,933,528260,114847231
United States,North America,2021-12-20,331000000,52,65697,1,934,541685,115388916
United States,North America,2021-12-21,331000000,53,65749,1,934,495410,115884326
United States,North America,2021-12-22,331000000,59,65809,1,935,549065,116433391
United States,North America,2021-12-23,331000000,50,65859,1,936,473750,116907142
United States,North America,2021-12-24,331000000,44,65903,0,937,563444,117470586
United States,North America,2021-12-25,331000000,45,65948,1,938,464201,117934787
United States,North America,2021-12-26,331000000,53,66001,1,938,536417,118471204
United States,North America,2021-12-27,331000000,41,66042,1,939,546107,119017311
United States,North America,2021-12-28,331000000,40,66081,1,940,536375,119553686
United States,North America,2021-12-29,331000000,35,66117,0,940,569162,120122848
United States,North America,2021-12-30,331000000,33,66150,0,940,497092,120619940
United States,North America,2021-12-31,331000000,34,66184,1,941,606527,121226467
United States,North America,2022-01-01,331000000,36,66220,1,941,589130,121815597
United States,North America,2022-01-02,331000000,28,66247,0,942,510819,122326416
United States,North America,2022-01-03,331000000,50,66297,0,942,546985,122873401
United States,North America,2022-01-04,331000000,35,66331,0,943,574687,123448089
United States,North America,2022-01-05,331000000,39,66371,1,943,550666,123998754
United States,North America,2022-01-06,331000000,33,66404,0,943,540826,124539581
United States,North America,2022-01-07,331000000,48,66452,1,944,556151,125095732
United States,North America,2022-01-08,331000000,47,66499,1,945,491748,125587480
United States,North America,2022-01-09,331000000,36,66535,0,945,458298,126045778
United States,North America,2022-01-10,331000000,43,66578,1,946,573443,126619221
United States,North America,2022-01-11,331000000,40,66618,1,946,518844,127138065
United States,North America,2022-01-12,331000000,38,66656,0,947,501122,127639187
United States,North America,2022-01-13,331000000,30,66686,0,947,543955,128183142
United States,North America,2022-01-14,331000000,33,66719,1,948,607415,128790557
United States,North America,2022-01-15,331000000,34,66753,0,948,550033,129340590
United States,North America,2022-01-16,331000000,35,66788,1,949,467963,129808552
United States,North America,2022-01-17,331000000,38,66826,0,949,539896,130348448
United States,North America,2022-01-18,331000000,30,66856,0,950,478499,130826947
United States,North America,2022-01-19,331000000,24,66880,0,950,453107,131280053
United States,North America,2022-01-20,331000000,25,66905,0,950,492595,131772648
United States,North America,2022-01-21,331000000,22,66927,0,951,490434,132263082
United States,North America,2022-01-22,331000000,30,66957,0,951,587740,132850822
United States,North America,2022-01-23,331000000,27,66985,0,952,522022,133372844
United States,North America,2022-01-24,331000000,30,67015,0,952,470545,133843389
United States,North America,2022-01-25,331000000,29,67044,0,952,518683,134362072
United States,North America,2022-01-26,331000000,26,67070,0,953,570836,134932908
United States,North America,2022-01-27,331000000,29,67099,0,953,568617,135501525
United States,North America,2022-01-28,331000000,22,67121,0,953,601197,136102722
United States,North America,2022-01-29,331000000,22,67144,0,954,593231,136695953
United States,North America,2022-01-30,331000000,22,67166,0,954,492627,137188580
United States,North America,2022-01-31,331000000,24,67190,0,954,459871,137648451
India,Asia,2020-02-01,1380000000,107,107,1,1,0,0
India,Asia,2020-02-02,1380000000,56,163,1,2,0,0
India,Asia,2020-02-03,1380000000,101,264,2,4,0,0
India,Asia,2020-02-04,1380000000,92,356,2,6,0,0
India,Asia,2020-02-05,1380000000,100,456,1,7,0,0
India,Asia,2020-02-06,1380000000,72,528,1,8,0,0
India,Asia,2020-02-07,1380000000,88,616,2,10,0,0
India,Asia,2020-02-08,1380000000,109,724,1,11,0,0
India,Asia,2020-02-09,1380000000,80,804,1,12,0,0
India,Asia,2020-02-10,1380000000,107,912,2,14,0,0
India,Asia,2020-02-11,1380000000,101,1013,1,15,0,0
India,Asia,2020-02-12,1380000000,92,1105,2,17,0,0
India,Asia,2020-02-13,1380000000,92,1197,1,18,0,0
India,Asia,2020-02-14,1380000000,90,1287,2,20,0,0
India,Asia,2020-02-15,1380000000,109,1397,2,21,0,0
India,Asia,2020-02-16,1380000000,113,1509,2,23,0,0
India,Asia,2020-02-17,1380000000,105,1615,1,24,0,0
India,Asia,2020-02-18,1380000000,95,1710,1,25,0,0
India,Asia,2020-02-19,1380000000,65,1774,1,26,0,0
India,Asia,2020-02-20,1380000000,124,1898,2,28,0,0
India,Asia,2020-02-21,1380000000,134,2033,2,30,0,0
India,Asia,2020-02-22,1380000000,131,2164,1,31,0,0
India,Asia,2020-02-23,1380000000,159,2323,2,33,0,0
India,Asia,2020-02-24,1380000000,120,2443,1,34,0,0
India,Asia,2020-02-25,1380000000,151,2594,3,37,0,0
India,Asia,2020-02-26,1380000000,115,2709,1,38,0,0
India,Asia,2020-02-27,1380000000,113,2822,1,39,0,0
India,Asia,2020-02-28,1380000000,133,2955,1,40,0,0
India,Asia,2020-02-29,1380000000,164,3119,3,44,0,0
India,Asia,2020-03-01,1380000000,128,3247,3,46,0,0
India,Asia,2020-03-02,1380000000,104,3351,2,48,0,0
India,Asia,2020-03-03,1380000000,156,3507,2,50,0,0
India,Asia,2020-03-04,1380000000,138,3645,2,52,0,0
India,Asia,2020-03-05,1380000000,148,3793,3,55,0,0
India,Asia,2020-03-06,1380000000,127,3920,2,56,0,0
India,Asia,2020-03-07,1380000000,147,4067,2,58,0,0
India,Asia,2020-03-08,1380000000,115,4182,2,60,0,0
India,Asia,2020-03-09,1380000000,190,4372,3,63,0,0
India,Asia,2020-03-10,1380000000,175,4547,2,66,0,0
India,Asia,2020-03-11,1380000000,154,4701,2,67,0,0
India,Asia,2020-03-12,1380000000,174,4875,3,70,0,0
India,Asia,2020-03-13,1380000000,141,5016,3,73,0,0
India,Asia,2020-03-14,1380000000,182,5198,3,76,0,0
India,Asia,2020-03-15,1380000000,152,5350,2,78,0,0
India,Asia,2020-03-16,1380000000,152,5502,3,80,0,0
India,Asia,2020-03-17,1380000000,140,5642,2,82,0,0
India,Asia,2020-03-18,1380000000,176,5818,3,85,0,0
India,Asia,2020-03-19,1380000000,168,5986,3,88,0,0
India,Asia,2020-03-20,1380000000,205,6192,3,91,0,0
India,Asia,2020-03-21,1380000000,144,6336,3,94,0,0
India,Asia,2020-03-22,1380000000,184,6520,2,96,0,0
India,Asia,2020-03-23,1380000000,206,6726,3,99,0,0
India,Asia,2020-03-24,1380000000,246,6972,5,104,0,0
India,Asia,2020-03-25,1380000000,184,7156,2,106,0,0
India,Asia,2020-03-26,1380000000,171,7327,3,109,0,0
India,Asia,2020-03-27,1380000000,187,7514,3,112,0,0
India,Asia,2020-03-28,1380000000,221,7735,3,115,0,0
India,Asia,2020-03-29,1380000000,223,7959,3,118,0,0
India,Asia,2020-03-30,1380000000,185,8144,2,120,0,0
India,Asia,2020-03-31,1380000000,227,8371,3,123,0,0
India,Asia,2020-04-01,1380000000,192,8563,2,125,0,0
India,Asia,2020-04-02,1380000000,219,8781,2,127,0,0
India,Asia,2020-04-03,1380000000,212,8994,2,129,0,0
India,Asia,2020-04-04,1380000000,186,9180,2,131,0,0
India,Asia,2020-04-05,1380000000,172,9352,3,134,0,0
India,Asia,2020-04-06,1380000000,239,9591,3,137,0,0
India,Asia,2020-04-07,1380000000,250,9841,5,142,0,0
India,Asia,2020-04-08,1380000000,218,10059,3,145,0,0
India,Asia,2020-04-09,1380000000,207,10265,2,147,0,0
India,Asia,2020-04-10,1380000000,172,10438,3,150,0,0
India,Asia,2020-04-11,1380000000,249,10687,2,152,0,0
India,Asia,2020-04-12,1380000000,222,10909,2,155,0,0
India,Asia,2020-04-13,1380000000,207,11115,4,158,0,0
India,Asia,2020-04-14,1380000000,245,11360,4,162,0,0
India,Asia,2020-04-15,1380000000,174,11535,2,165,0,0
India,Asia,2020-04-16,1380000000,187,11722,2,166,0,0
India,Asia,2020-04-17,1380000000,200,11922,2,169,0,0
India,Asia,2020-04-18,1380000000,241,12163,4,173,0,0
India,Asia,2020-04-19,1380000000,232,12395,4,177,0,0
India,Asia,2020-04-20,1380000000,249,12645,3,180,0,0
India,Asia,2020-04-21,1380000000,268,12913,5,185,0,0
India,Asia,2020-04-22,1380000000,255,13167,2,187,0,0
India,Asia,2020-04-23,1380000000,300,13467,4,191,0,0
India,Asia,2020-04-24,1380000000,274,13741,4,195,0,0
India,Asia,2020-04-25,1380000000,232,13973,3,198,0,0
India,Asia,2020-04-26,1380000000,219,14193,4,202,0,0
India,Asia,2020-04-27,1380000000,237,14430,5,206,0,0
India,Asia,2020-04-28,1380000000,268,14697,3,210,0,0
India,Asia,2020-04-29,1380000000,228,14925,4,214,0,0
India,Asia,2020-04-30,1380000000,273,15198,2,216,0,0
India,Asia,2020-05-01,1380000000,270,15467,5,221,0,0
India,Asia,2020-05-02,1380000000,214,15681,4,225,0,0
India,Asia,2020-05-03,1380000000,291,15973,3,229,0,0
India,Asia,2020-05-04,1380000000,266,16239,2,231,0,0
India,Asia,2020-05-05,1380000000,324,16562,4,235,0,0
India,Asia,2020-05-06,1380000000,255,16817,3,237,0,0
India,Asia,2020-05-07,1380000000,245,17062,4,241,0,0
India,Asia,2020-05-08,1380000000,218,17280,4,245,0,0
India,Asia,2020-05-09,1380000000,219,17499,2,247,0,0
India,Asia,2020-05-10,1380000000,299,17798,6,252,0,0
India,Asia,2020-05-11,1380000000,331,18129,3,256,0,0
India,Asia,2020-05-12,1380000000,261,18390,5,260,0,0
India,Asia,2020-05-13,1380000000,260,18649,2,262,0,0
India,Asia,2020-05-14,1380000000,271,18920,2,265,0,0
India,Asia,2020-05-15,1380000000,316,19237,6,271,0,0
India,Asia,2020-05-16,1380000000,233,19470,2,273,0,0
India,Asia,2020-05-17,1380000000,282,19752,5,278,0,0
India,Asia,2020-05-18,1380000000,314,20066,6,284,0,0
India,Asia,2020-05-19,1380000000,296,20362,4,288,0,0
India,Asia,2020-05-20,1380000000,165,20527,2,290,0,0
India,Asia,2020-05-21,1380000000,307,20833,4,294,0,0
India,Asia,2020-05-22,1380000000,301,21135,6,300,0,0
India,Asia,2020-05-23,1380000000,339,21474,5,304,0,0
India,Asia,2020-05-24,1380000000,351,21824,5,310,0,0
India,Asia,2020-05-25,1380000000,340,22164,6,315,0,0
India,Asia,2020-05-26,1380000000,288,22452,3,318,0,0
India,Asia,2020-05-27,1380000000,218,22670,3,321,0,0
India,Asia,2020-05-28,1380000000,381,23051,7,328,0,0
India,Asia,2020-05-29,1380000000,281,23333,4,332,0,0
India,Asia,2020-05-30,1380000000,292,23625,5,337,0,0
India,Asia,2020-05-31,1380000000,366,23990,3,340,0,0
India,Asia,2020-06-01,1380000000,260,24251,4,344,0,0
India,Asia,2020-06-02,1380000000,236,24486,2,346,0,0
India,Asia,2020-06-03,1380000000,276,24763,5,351,0,0
India,Asia,2020-06-04,1380000000,266,25028,3,354,0,0
India,Asia,2020-06-05,1380000000,235,25263,4,358,0,0
India,Asia,2020-06-06,1380000000,295,25558,3,361,0,0
India,Asia,2020-06-07,1380000000,303,25861,2,364,0,0
India,Asia,2020-06-08,1380000000,235,26096,2,366,0,0
India,Asia,2020-06-09,1380000000,288,26384,5,371,0,0
India,Asia,2020-06-10,1380000000,269,26653,4,375,0,0
India,Asia,2020-06-11,1380000000,219,26872,4,379,0,0
India,Asia,2020-06-12,1380000000,310,27182,4,383,0,0
India,Asia,2020-06-13,1380000000,316,27498,3,386,0,0
India,Asia,2020-06-14,1380000000,273,27771,3,389,0,0
India,Asia,2020-06-15,1380000000,358,28129,5,394,0,0
India,Asia,2020-06-16,1380000000,310,28439,5,399,0,0
India,Asia,2020-06-17,1380000000,277,28716,4,403,0,0
India,Asia,2020-06-18,1380000000,240,28957,3,406,0,0
India,Asia,2020-06-19,1380000000,325,29281,5,411,0,0
India,Asia,2020-06-20,1380000000,337,29618,4,415,0,0
India,Asia,2020-06-21,1380000000,291,29909,3,418,0,0
India,Asia,2020-06-22,1380000000,322,30231,3,421,0,0
India,Asia,2020-06-23,1380000000,392,30623,4,425,0,0
India,Asia,2020-06-24,1380000000,359,30982,5,429,0,0
India,Asia,2020-06-25,1380000000,215,31196,2,431,0,0
India,Asia,2020-06-26,1380000000,284,31480,4,435,0,0
India,Asia,2020-06-27,1380000000,313,31793,3,438,0,0
India,Asia,2020-06-28,1380000000,323,32116,4,442,0,0
India,Asia,2020-06-29,1380000000,329,32445,5,447,0,0
India,Asia,2020-06-30,1380000000,342,32787,4,451,0,0
India,Asia,2020-07-01,1380000000,317,33104,5,456,0,0
India,Asia,2020-07-02,1380000000,324,33428,6,462,0,0
India,Asia,2020-07-03,1380000000,370,33798,6,468,0,0
India,Asia,2020-07-04,1380000000,338,34136,3,472,0,0
India,Asia,2020-07-05,1380000000,269,34405,2,474,0,0
India,Asia,2020-07-06,1380000000,331,34735,4,478,0,0
India,Asia,2020-07-07,1380000000,320,35055,5,483,0,0
India,Asia,2020-07-08,1380000000,235,35290,2,485,0,0
India,Asia,2020-07-09,1380000000,335,35625,4,489,0,0
India,Asia,2020-07-10,1380000000,277,35903,5,494,0,0
India,Asia,2020-07-11,1380000000,376,36279,6,500,0,0
India,Asia,2020-07-12,1380000000,350,36629,5,504,0,0
India,Asia,2020-07-13,1380000000,271,36900,3,507,0,0
India,Asia,2020-07-14,1380000000,376,37276,7,514,0,0
India,Asia,2020-07-15,1380000000,400,37676,7,521,0,0
India,Asia,2020-07-16,1380000000,319,37996,6,527,0,0
India,Asia,2020-07-17,1380000000,325,38321,4,531,0,0
India,Asia,2020-07-18,1380000000,373,38694,6,536,0,0
India,Asia,2020-07-19,1380000000,398,39093,7,543,0,0
India,Asia,2020-07-20,1380000000,251,39343,4,547,0,0
India,Asia,2020-07-21,1380000000,280,39623,4,551,0,0
India,Asia,2020-07-22,1380000000,314,39937,3,554,0,0
India,Asia,2020-07-23,1380000000,320,40257,3,557,0,0
India,Asia,2020-07-24,1380000000,375,40632,3,560,0,0
India,Asia,2020-07-25,1380000000,402,41034,5,565,0,0
India,Asia,2020-07-26,1380000000,407,41441,4,569,0,0
India,Asia,2020-07-27,1380000000,252,41693,4,573,0,0
India,Asia,2020-07-28,1380000000,297,41990,5,577,0,0
India,Asia,2020-07-29,1380000000,276,42266,5,583,0,0
India,Asia,2020-07-30,1380000000,308,42574,4,587,0,0
India,Asia,2020-07-31,1380000000,298,42872,4,591,0,0
India,Asia,2020-08-01,1380000000,361,43233,3,594,0,0
India,Asia,2020-08-02,1380000000,368,43601,5,599,0,0
India,Asia,2020-08-03,1380000000,341,43941,3,601,0,0
India,Asia,2020-08-04,1380000000,336,44277,3,605,0,0
India,Asia,2020-08-05,1380000000,322,44600,3,607,0,0
India,Asia,2020-08-06,1380000000,328,44928,4,611,0,0
India,Asia,2020-08-07,1380000000,424,45352,8,619,0,0
India,Asia,2020-08-08,1380000000,378,45730,6,625,0,0
India,Asia,2020-08-09,1380000000,326,46056,6,631,0,0
India,Asia,2020-08-10,1380000000,338,46393,4,635,0,0
India,Asia,2020-08-11,1380000000,367,46760,4,639,0,0
India,Asia,2020-08-12,1380000000,282,47043,4,644,0,0
India,Asia,2020-08-13,1380000000,352,47394,5,649,0,0
India,Asia,2020-08-14,1380000000,378,47772,5,654,0,0
India,Asia,2020-08-15,1380000000,371,48143,4,658,0,0
India,Asia,2020-08-16,1380000000,305,48448,3,661,0,0
India,Asia,2020-08-17,1380000000,314,48762,4,664,0,0
India,Asia,2020-08-18,1380000000,244,49005,4,668,0,0
India,Asia,2020-08-19,1380000000,386,49391,4,672,0,0
India,Asia,2020-08-20,1380000000,455,49846,6,678,0,0
India,Asia,2020-08-21,1380000000,300,50146,4,682,0,0
India,Asia,2020-08-22,1380000000,405,50551,6,688,0,0
India,Asia,2020-08-23,1380000000,451,51002,5,693,0,0
India,Asia,2020-08-24,1380000000,324,51326,4,697,0,0
India,Asia,2020-08-25,1380000000,344,51670,5,702,0,0
India,Asia,2020-08-26,1380000000,363,52033,5,708,0,0
India,Asia,2020-08-27,1380000000,375,52407,7,715,0,0
India,Asia,2020-08-28,1380000000,367,52774,3,718,0,0
India,Asia,2020-08-29,1380000000,330,53104,6,724,0,0
India,Asia,2020-08-30,1380000000,384,53488,7,731,0,0
India,Asia,2020-08-31,1380000000,332,53820,3,734,0,0
India,Asia,2020-09-01,1380000000,372,54192,5,740,0,0
India,Asia,2020-09-02,1380000000,351,54543,6,746,0,0
India,Asia,2020-09-03,1380000000,259,54802,3,749,0,0
India,Asia,2020-09-04,1380000000,420,55222,4,753,0,0
India,Asia,2020-09-05,1380000000,322,55544,5,758,0,0
India,Asia,2020-09-06,1380000000,427,55971,6,764,0,0
India,Asia,2020-09-07,1380000000,411,56382,8,772,0,0
India,Asia,2020-09-08,1380000000,367,56749,5,777,0,0
India,Asia,2020-09-09,1380000000,383,57132,6,782,0,0
India,Asia,2020-09-10,1380000000,390,57522,8,790,0,0
India,Asia,2020-09-11,1380000000,346,57868,6,796,0,0
India,Asia,2020-09-12,1380000000,349,58217,5,801,0,0
India,Asia,2020-09-13,1380000000,389,58606,6,807,0,0
India,Asia,2020-09-14,1380000000,200,58806,4,811,0,0
India,Asia,2020-09-15,1380000000,357,59163,6,817,0,0
India,Asia,2020-09-16,1380000000,338,59501,6,822,0,0
India,Asia,2020-09-17,1380000000,318,59818,4,826,0,0
India,Asia,2020-09-18,1380000000,382,60200,5,831,0,0
India,Asia,2020-09-19,1380000000,326,60526,3,834,0,0
India,Asia,2020-09-20,1380000000,407,60933,8,842,0,0
India,Asia,2020-09-21,1380000000,413,61346,5,847,0,0
India,Asia,2020-09-22,1380000000,389,61735,3,850,0,0
India,Asia,2020-09-23,1380000000,401,62137,7,857,0,0
India,Asia,2020-09-24,1380000000,391,62528,4,861,0,0
India,Asia,2020-09-25,1380000000,407,62934,6,867,0,0
India,Asia,2020-09-26,1380000000,405,63339,7,874,0,0
India,Asia,2020-09-27,1380000000,383,63722,3,877,0,0
India,Asia,2020-09-28,1380000000,423,64146,6,883,0,0
India,Asia,2020-09-29,1380000000,356,64502,5,888,0,0
India,Asia,2020-09-30,1380000000,325,64827,3,891,0,0
India,Asia,2020-10-01,1380000000,323,65150,6,896,0,0
India,Asia,2020-10-02,1380000000,350,65500,7,903,0,0
India,Asia,2020-10-03,1380000000,263,65763,2,906,0,0
India,Asia,2020-10-04,1380000000,380,66143,5,911,0,0
India,Asia,2020-10-05,1380000000,405,66548,3,914,0,0
India,Asia,2020-10-06,1380000000,421,66969,4,918,0,0
India,Asia,2020-10-07,1380000000,281,67249,3,921,0,0
India,Asia,2020-10-08,1380000000,328,67577,4,925,0,0
India,Asia,2020-10-09,1380000000,417,67995,5,930,0,0
India,Asia,2020-10-10,1380000000,361,68355,5,935,0,0
India,Asia,2020-10-11,1380000000,408,68763,8,943,0,0
India,Asia,2020-10-12,1380000000,303,69066,5,947,0,0
India,Asia,2020-10-13,1380000000,449,69516,4,952,0,0
India,Asia,2020-10-14,1380000000,301,69816,6,957,0,0
India,Asia,2020-10-15,1380000000,205,70021,3,960,0,0
India,Asia,2020-10-16,1380000000,385,70407,6,966,0,0
India,Asia,2020-10-17,1380000000,388,70794,4,971,0,0
India,Asia,2020-10-18,1380000000,349,71143,6,976,0,0
India,Asia,2020-10-19,1380000000,404,71547,6,982,0,0
India,Asia,2020-10-20,1380000000,406,71953,6,988,0,0
India,Asia,2020-10-21,1380000000,401,72353,5,993,0,0
India,Asia,2020-10-22,1380000000,350,72703,5,997,0,0
India,Asia,2020-10-23,1380000000,340,73043,5,1003,0,0
India,Asia,2020-10-24,1380000000,357,73400,3,1006,0,0
India,Asia,2020-10-25,1380000000,334,73734,3,1009,0,0
India,Asia,2020-10-26,1380000000,446,74180,6,1015,0,0
India,Asia,2020-10-27,1380000000,363,74543,7,1021,0,0
India,Asia,2020-10-28,1380000000,392,74934,3,1025,0,0
India,Asia,2020-10-29,1380000000,431,75365,5,1030,0,0
India,Asia,2020-10-30,1380000000,334,75699,3,1033,0,0
India,Asia,2020-10-31,1380000000,307,76006,6,1038,0,0
India,Asia,2020-11-01,1380000000,338,76344,4,1042,0,0
India,Asia,2020-11-02,1380000000,401,76745,5,1048,0,0
India,Asia,2020-11-03,1380000000,398,77143,8,1055,0,0
India,Asia,2020-11-04,1380000000,410,77553,4,1059,0,0
India,Asia,2020-11-05,1380000000,382,77935,6,1065,0,0
India,Asia,2020-11-06,1380000000,246,78181,4,1069,0,0
India,Asia,2020-11-07,1380000000,381,78563,6,1075,0,0
India,Asia,2020-11-08,1380000000,446,79009,9,1084,0,0
India,Asia,2020-11-09,1380000000,463,79472,8,1092,0,0
India,Asia,2020-11-10,1380000000,396,79868,5,1096,0,0
India,Asia,2020-11-11,1380000000,403,80271,4,1100,0,0
India,Asia,2020-11-12,1380000000,429,80700,4,1104,0,0
India,Asia,2020-11-13,1380000000,464,81164,6,1109,0,0
India,Asia,2020-11-14,1380000000,394,81558,5,1115,0,0
India,Asia,2020-11-15,1380000000,430,81988,6,1120,0,0
India,Asia,2020-11-16,1380000000,362,82350,5,1125,0,0
India,Asia,2020-11-17,1380000000,323,82673,3,1128,0,0
India,Asia,2020-11-18,1380000000,369,83042,7,1134,0,0
India,Asia,2020-11-19,1380000000,483,83526,9,1143,0,0
India,Asia,2020-11-20,1380000000,435,83960,6,1149,0,0
India,Asia,2020-11-21,1380000000,330,84290,6,1155,0,0
India,Asia,2020-11-22,1380000000,439,84729,7,1162,0,0
India,Asia,2020-11-23,1380000000,335,85064,4,1166,0,0
India,Asia,2020-11-24,1380000000,423,85487,7,1173,0,0
India,Asia,2020-11-25,1380000000,346,85833,4,1177,0,0
India,Asia,2020-11-26,1380000000,330,86163,5,1182,0,0
India,Asia,2020-11-27,1380000000,501,86663,5,1188,0,0
India,Asia,2020-11-28,1380000000,383,87046,5,1192,0,0
India,Asia,2020-11-29,1380000000,439,87485,4,1196,0,0
India,Asia,2020-11-30,1380000000,406,87891,5,1201,0,0
India,Asia,2020-12-01,1380000000,343,88235,6,1207,0,0
India,Asia,2020-12-02,1380000000,391,88625,5,1212,0,0
India,Asia,2020-12-03,1380000000,345,88970,4,1217,0,0
India,Asia,2020-12-04,1380000000,553,89523,4,1221,0,0
India,Asia,2020-12-05,1380000000,454,89977,6,1228,0,0
India,Asia,2020-12-06,1380000000,408,90385,7,1234,0,0
India,Asia,2020-12-07,1380000000,441,90826,5,1239,0,0
India,Asia,2020-12-08,1380000000,452,91278,6,1246,0,0
India,Asia,2020-12-09,1380000000,453,91731,9,1255,0,0
India,Asia,2020-12-10,1380000000,450,92181,4,1259,0,0
India,Asia,2020-12-11,1380000000,446,92627,5,1264,0,0
India,Asia,2020-12-12,1380000000,416,93043,5,1269,0,0
India,Asia,2020-12-13,1380000000,506,93550,6,1275,0,0
India,Asia,2020-12-14,1380000000,421,93971,8,1283,0,0
India,Asia,2020-12-15,1380000000,415,94386,3,1286,0,0
India,Asia,2020-12-16,1380000000,423,94809,7,1294,0,0
India,Asia,2020-12-17,1380000000,428,95236,6,1299,0,0
India,Asia,2020-12-18,1380000000,314,95550,3,1302,0,0
India,Asia,2020-12-19,1380000000,362,95912,4,1306,0,0
India,Asia,2020-12-20,1380000000,408,96320,7,1313,0,0
India,Asia,2020-12-21,1380000000,312,96632,4,1317,0,0
India,Asia,2020-12-22,1380000000,416,97049,8,1325,0,0
India,Asia,2020-12-23,1380000000,430,97479,4,1329,0,0
India,Asia,2020-12-24,1380000000,337,97816,3,1333,0,0
India,Asia,2020-12-25,1380000000,378,98194,4,1336,0,0
India,Asia,2020-12-26,1380000000,497,98691,7,1344,0,0
India,Asia,2020-12-27,1380000000,452,99143,4,1348,0,0
India,Asia,2020-12-28,1380000000,449,99592,6,1354,0,0
India,Asia,2020-12-29,1380000000,490,100081,8,1362,0,0
India,Asia,2020-12-30,1380000000,368,100449,7,1369,0,0
India,Asia,2020-12-31,1380000000,340,100789,4,1373,0,0
India,Asia,2021-01-01,1380000000,481,101270,8,1381,0,0
India,Asia,2021-01-02,1380000000,415,101685,4,1384,0,0
India,Asia,2021-01-03,1380000000,367,102052,4,1388,0,0
India,Asia,2021-01-04,1380000000,552,102604,11,1399,0,0
India,Asia,2021-01-05,1380000000,319,102923,4,1403,0,0
India,Asia,2021-01-06,1380000000,433,103356,7,1410,0,0
India,Asia,2021-01-07,1380000000,409,103766,7,1417,0,0
India,Asia,2021-01-08,1380000000,399,104165,5,1423,0,0
India,Asia,2021-01-09,1380000000,282,104447,2,1425,0,0
India,Asia,2021-01-10,1380000000,520,104967,5,1430,0,0
India,Asia,2021-01-11,1380000000,333,105299,3,1433,0,0
India,Asia,2021-01-12,1380000000,406,105705,7,1440,0,0
India,Asia,2021-01-13,1380000000,396,106101,8,1448,0,0
India,Asia,2021-01-14,1380000000,461,106563,5,1453,0,0
India,Asia,2021-01-15,1380000000,322,106885,4,1457,96890,96890
India,Asia,2021-01-16,1380000000,454,107339,4,1461,100057,196947
India,Asia,2021-01-17,1380000000,452,107791,8,1469,88805,285752
India,Asia,2021-01-18,1380000000,426,108217,6,1475,107840,393592
India,Asia,2021-01-19,1380000000,471,108688,8,1482,93152,486744
India,Asia,2021-01-20,1380000000,343,109031,5,1487,114771,601515
India,Asia,2021-01-21,1380000000,406,109437,3,1491,104002,705517
India,Asia,2021-01-22,1380000000,426,109863,8,1499,102203,807720
India,Asia,2021-01-23,1380000000,346,110209,4,1503,125809,933529
India,Asia,2021-01-24,1380000000,465,110675,8,1511,102473,1036002
India,Asia,2021-01-25,1380000000,399,111074,5,1516,125223,1161225
India,Asia,2021-01-26,1380000000,423,111497,4,1520,114499,1275723
India,Asia,2021-01-27,1380000000,475,111972,9,1530,108056,1383779
India,Asia,2021-01-28,1380000000,416,112388,7,1537,123175,1506954
India,Asia,2021-01-29,1380000000,519,112907,10,1547,148873,1655827
India,Asia,2021-01-30,1380000000,390,113297,6,1553,128475,1784302
India,Asia,2021-01-31,1380000000,384,113681,6,1558,131563,1915865
India,Asia,2021-02-01,1380000000,480,114161,8,1566,129672,2045537
India,Asia,2021-02-02,1380000000,430,114591,5,1570,124018,2169555
India,Asia,2021-02-03,1380000000,368,114958,3,1574,132947,2302502
India,Asia,2021-02-04,1380000000,403,115362,8,1581,154437,2456939
India,Asia,2021-02-05,1380000000,474,115836,6,1588,157972,2614910
India,Asia,2021-02-06,1380000000,534,116370,6,1594,150901,2765811
India,Asia,2021-02-07,1380000000,437,116807,8,1602,183167,2948978
India,Asia,2021-02-08,1380000000,418,117225,7,1609,164107,3113086
India,Asia,2021-02-09,1380000000,490,117715,7,1616,154126,3267212
India,Asia,2021-02-10,1380000000,350,118065,4,1620,191445,3458657
India,Asia,2021-02-11,1380000000,455,118520,5,1625,154235,3612892
India,Asia,2021-02-12,1380000000,263,118782,5,1630,199323,3812214
India,Asia,2021-02-13,1380000000,444,119227,5,1635,195996,4008210
India,Asia,2021-02-14,1380000000,476,119703,5,1640,210845,4219055
India,Asia,2021-02-15,1380000000,509,120212,7,1647,181160,4400215
India,Asia,2021-02-16,1380000000,400,120612,4,1651,214016,4614231
India,Asia,2021-02-17,1380000000,427,121039,3,1654,197656,4811887
India,Asia,2021-02-18,1380000000,389,121428,8,1662,190293,5002179
India,Asia,2021-02-19,1380000000,435,121863,5,1667,199545,5201724
India,Asia,2021-02-20,1380000000,477,122340,8,1675,239458,5441183
India,Asia,2021-02-21,1380000000,359,122699,5,1680,208568,5649751
India,Asia,2021-02-22,1380000000,511,123211,9,1689,204997,5854747
India,Asia,2021-02-23,1380000000,370,123581,5,1693,259654,6114401
India,Asia,2021-02-24,1380000000,395,123976,6,1699,248322,6362724
India,Asia,2021-02-25,1380000000,527,124503,5,1704,245378,6608102
India,Asia,2021-02-26,1380000000,381,124884,7,1711,253733,6861835
India,Asia,2021-02-27,1380000000,469,125353,9,1720,218253,7080088
India,Asia,2021-02-28,1380000000,478,125831,6,1725,275183,7355271
India,Asia,2021-03-01,1380000000,337,126168,6,1731,232719,7587990
India,Asia,2021-03-02,1380000000,566,126735,7,1738,305074,7893065
India,Asia,2021-03-03,1380000000,640,127374,11,1750,292215,8185280
India,Asia,2021-03-04,1380000000,415,127790,8,1758,298343,8483623
India,Asia,2021-03-05,1380000000,554,128344,9,1767,319237,8802860
India,Asia,2021-03-06,1380000000,492,128836,5,1772,280549,9083409
India,Asia,2021-03-07,1380000000,397,129233,5,1777,343663,9427072
India,Asia,2021-03-08,1380000000,466,129699,8,1785,312669,9739741
India,Asia,2021-03-09,1380000000,489,130188,9,1794,313146,10052888
India,Asia,2021-03-10,1380000000,366,130555,6,1800,342673,10395561
India,Asia,2021-03-11,1380000000,413,130968,5,1806,280359,10675920
India,Asia,2021-03-12,1380000000,339,131307,6,1811,365572,11041491
India,Asia,2021-03-13,1380000000,416,131722,6,1817,388566,11430057
India,Asia,2021-03-14,1380000000,440,132162,7,1825,385784,11815841
India,Asia,2021-03-15,1380000000,396,132559,4,1829,387130,12202971
India,Asia,2021-03-16,1380000000,298,132857,3,1831,402244,12605215
India,Asia,2021-03-17,1380000000,513,133370,5,1836,348872,12954087
India,Asia,2021-03-18,1380000000,487,133856,8,1844,411177,13365263
India,Asia,2021-03-19,1380000000,415,134272,5,1849,399710,13764973
India,Asia,2021-03-20,1380000000,522,134794,10,1859,335569,14100542
India,Asia,2021-03-21,1380000000,459,135253,7,1866,347123,14447665
India,Asia,2021-03-22,1380000000,325,135578,4,1870,391059,14838724
India,Asia,2021-03-23,1380000000,470,136048,7,1877,396513,15235237
India,Asia,2021-03-24,1380000000,401,136449,4,1881,461818,15697055
India,Asia,2021-03-25,1380000000,546,136995,6,1887,425256,16122311
India,Asia,2021-03-26,1380000000,370,137364,3,1890,425811,16548121
India,Asia,2021-03-27,1380000000,527,137891,10,1900,470395,17018516
India,Asia,2021-03-28,1380000000,519,138411,5,1906,448718,17467234
India,Asia,2021-03-29,1380000000,542,138953,9,1915,412812,17880046
India,Asia,2021-03-30,1380000000,381,139334,5,1920,546770,18426816
India,Asia,2021-03-31,1380000000,382,139716,3,1923,489765,18916581
India,Asia,2021-04-01,1380000000,431,140147,7,1931,526738,19443320
India,Asia,2021-04-02,1380000000,385,140533,5,1936,482368,19925688
India,Asia,2021-04-03,1380000000,347,140880,4,1939,512511,20438199
India,Asia,2021-04-04,1380000000,404,141284,5,1944,491272,20929471
India,Asia,2021-04-05,1380000000,463,141747,7,1951,466617,21396087
India,Asia,2021-04-06,1380000000,454,142200,4,1955,617972,22014060
India,Asia,2021-04-07,1380000000,413,142613,6,1961,574758,22588817
India,Asia,2021-04-08,1380000000,432,143045,7,1968,524873,23113691
India,Asia,2021-04-09,1380000000,505,143550,8,1976,593358,23707048
India,Asia,2021-04-10,1380000000,373,143924,4,1981,544514,24251563
India,Asia,2021-04-11,1380000000,521,144444,10,1991,524683,24776246
India,Asia,2021-04-12,1380000000,471,144915,5,1995,686294,25462540
India,Asia,2021-04-13,1380000000,490,145405,5,2001,632271,26094810
India,Asia,2021-04-14,1380000000,476,145882,8,2008,660626,26755436
India,Asia,2021-04-15,1380000000,438,146320,7,2015,590314,27345750
India,Asia,2021-04-16,1380000000,451,146771,6,2021,737419,28083170
India,Asia,2021-04-17,1380000000,532,147303,5,2026,693492,28776662
India,Asia,2021-04-18,1380000000,433,147736,9,2035,590366,29367028
India,Asia,2021-04-19,1380000000,454,148190,4,2039,732378,30099406
India,Asia,2021-04-20,1380000000,445,148635,8,2048,679114,30778520
India,Asia,2021-04-21,1380000000,427,149062,7,2055,600442,31378961
India,Asia,2021-04-22,1380000000,348,149410,5,2060,739879,32118840
India,Asia,2021-04-23,1380000000,370,149779,6,2066,637923,32756763
India,Asia,2021-04-24,1380000000,507,150286,5,2071,822251,33579014
India,Asia,2021-04-25,1380000000,406,150691,5,2076,693431,34272445
India,Asia,2021-04-26,1380000000,413,151104,4,2079,752573,35025018
India,Asia,2021-04-27,1380000000,508,151612,8,2088,676514,35701531
India,Asia,2021-04-28,1380000000,564,152177,11,2099,865356,36566887
India,Asia,2021-04-29,1380000000,497,152673,10,2108,808075,37374963
India,Asia,2021-04-30,1380000000,496,153169,5,2113,837812,38212775
India,Asia,2021-05-01,1380000000,524,153693,7,2121,715124,38927898
India,Asia,2021-05-02,1380000000,526,154219,7,2127,938765,39866663
India,Asia,2021-05-03,1380000000,539,154758,6,2133,812293,40678957
India,Asia,2021-05-04,1380000000,630,155388,12,2145,900674,41579630
India,Asia,2021-05-05,1380000000,450,155838,7,2152,804368,42383998
India,Asia,2021-05-06,1380000000,568,156406,9,2162,863126,43247124
India,Asia,2021-05-07,1380000000,607,157013,12,2173,777562,44024686
India,Asia,2021-05-08,1380000000,414,157427,7,2181,850396,44875082
India,Asia,2021-05-09,1380000000,441,157869,5,2186,919945,45795027
India,Asia,2021-05-10,1380000000,466,158335,4,2190,929092,46724119
India,Asia,2021-05-11,1380000000,435,158770,7,2197,876063,47600183
India,Asia,2021-05-12,1380000000,572,159342,6,2202,858942,48459124
India,Asia,2021-05-13,1380000000,527,159869,9,2212,1022571,49481695
India,Asia,2021-05-14,1380000000,496,160365,5,2216,919127,50400822
India,Asia,2021-05-15,1380000000,396,160760,6,2222,1004198,51405020
India,Asia,2021-05-16,1380000000,414,161175,5,2227,961892,52366912
India,Asia,2021-05-17,1380000000,508,161683,6,2233,1144860,53511772
India,Asia,2021-05-18,1380000000,513,162196,10,2243,977262,54489034
India,Asia,2021-05-19,1380000000,481,162677,9,2252,1161016,55650050
India,Asia,2021-05-20,1380000000,317,162994,3,2255,1021649,56671699
India,Asia,2021-05-21,1380000000,489,163483,5,2260,1182943,57854642
India,Asia,2021-05-22,1380000000,690,164174,11,2271,1189833,59044475
India,Asia,2021-05-23,1380000000,508,164681,7,2278,1128866,60173342
India,Asia,2021-05-24,1380000000,522,165203,5,2283,1162470,61335811
India,Asia,2021-05-25,1380000000,519,165721,6,2289,988981,62324792
India,Asia,2021-05-26,1380000000,413,166134,4,2293,960636,63285427
India,Asia,2021-05-27,1380000000,550,166685,8,2301,1025563,64310990
India,Asia,2021-05-28,1380000000,547,167231,5,2306,987226,65298216
India,Asia,2021-05-29,1380000000,430,167661,4,2310,1068631,66366847
India,Asia,2021-05-30,1380000000,391,168052,6,2315,1215819,67582666
India,Asia,2021-05-31,1380000000,383,168434,4,2319,1353843,68936509
India,Asia,2021-06-01,1380000000,442,168876,7,2326,1222122,70158631
India,Asia,2021-06-02,1380000000,368,169245,5,2331,1284970,71443602
India,Asia,2021-06-03,1380000000,347,169592,6,2337,1104565,72548167
India,Asia,2021-06-04,1380000000,293,169885,5,2343,1285719,73833885
India,Asia,2021-06-05,1380000000,485,170370,7,2350,1104526,74938411
India,Asia,2021-06-06,1380000000,418,170788,5,2355,1125132,76063543
India,Asia,2021-06-07,1380000000,505,171293,8,2363,1159579,77223122
India,Asia,2021-06-08,1380000000,549,171842,6,2369,1286052,78509174
India,Asia,2021-06-09,1380000000,470,172311,6,2375,1107254,79616428
India,Asia,2021-06-10,1380000000,679,172990,11,2385,1379495,80995923
India,Asia,2021-06-11,1380000000,406,173397,4,2390,1123190,82119113
India,Asia,2021-06-12,1380000000,509,173906,9,2399,1455847,83574960
India,Asia,2021-06-13,1380000000,618,174523,11,2410,1332804,84907764
India,Asia,2021-06-14,1380000000,570,175093,8,2418,1221490,86129254
India,Asia,2021-06-15,1380000000,444,175536,8,2426,1516575,87645829
India,Asia,2021-06-16,1380000000,431,175967,5,2431,1495973,89141802
India,Asia,2021-06-17,1380000000,486,176453,9,2440,1258781,90400583
India,Asia,2021-06-18,1380000000,553,177006,11,2451,1211143,91611725
India,Asia,2021-06-19,1380000000,325,177332,5,2456,1223336,92835062
India,Asia,2021-06-20,1380000000,580,177911,8,2464,1623524,94458586
India,Asia,2021-06-21,1380000000,455,178367,7,2471,1346611,95805197
India,Asia,2021-06-22,1380000000,445,178812,6,2476,1247590,97052787
India,Asia,2021-06-23,1380000000,404,179216,5,2481,1427455,98480242
India,Asia,2021-06-24,1380000000,559,179775,9,2491,1238491,99718733
India,Asia,2021-06-25,1380000000,587,180361,6,2497,1533408,101252141
India,Asia,2021-06-26,1380000000,478,180839,8,2505,1592546,102844687
India,Asia,2021-06-27,1380000000,493,181332,7,2512,1288858,104133546
India,Asia,2021-06-28,1380000000,527,181859,9,2522,1603517,105737063
India,Asia,2021-06-29,1380000000,601,182460,11,2532,1508272,107245334
India,Asia,2021-06-30,1380000000,524,182984,8,2540,1618990,108864324
India,Asia,2021-07-01,1380000000,430,183413,4,2545,1379378,110243702
India,Asia,2021-07-02,1380000000,516,183929,10,2554,1645746,111889449
India,Asia,2021-07-03,1380000000,528,184457,8,2562,1607015,113496464
India,Asia,2021-07-04,1380000000,508,184965,8,2570,1385463,114881927
India,Asia,2021-07-05,1380000000,564,185529,8,2578,1654022,116535949
India,Asia,2021-07-06,1380000000,431,185960,5,2583,1440509,117976458
India,Asia,2021-07-07,1380000000,445,186405,5,2588,1534519,119510977
India,Asia,2021-07-08,1380000000,495,186900,5,2593,1377821,120888798
India,Asia,2021-07-09,1380000000,560,187460,9,2602,1530387,122419185
India,Asia,2021-07-10,1380000000,531,187992,9,2611,1485038,123904222
India,Asia,2021-07-11,1380000000,570,188561,9,2621,1488537,125392760
India,Asia,2021-07-12,1380000000,506,189068,6,2627,1498329,126891089
India,Asia,2021-07-13,1380000000,534,189602,5,2632,1711648,128602737
India,Asia,2021-07-14,1380000000,527,190129,6,2638,1703629,130306365
India,Asia,2021-07-15,1380000000,392,190520,7,2645,1768159,132074524
India,Asia,2021-07-16,1380000000,441,190961,4,2649,1737108,133811632
India,Asia,2021-07-17,1380000000,535,191496,7,2656,1612970,135424603
India,Asia,2021-07-18,1380000000,518,192014,4,2660,1736146,137160749
India,Asia,2021-07-19,1380000000,376,192390,4,2664,1858469,139019218
India,Asia,2021-07-20,1380000000,467,192857,9,2673,1915179,140934397
India,Asia,2021-07-21,1380000000,545,193402,10,2683,1846865,142781263
India,Asia,2021-07-22,1380000000,525,193927,5,2688,1476055,144257318
India,Asia,2021-07-23,1380000000,377,194304,8,2695,1598958,145856276
India,Asia,2021-07-24,1380000000,545,194849,10,2705,1945746,147802022
India,Asia,2021-07-25,1380000000,534,195383,6,2711,1464899,149266921
India,Asia,2021-07-26,1380000000,414,195797,3,2714,1633909,150900830
India,Asia,2021-07-27,1380000000,470,196267,8,2723,1745284,152646114
India,Asia,2021-07-28,1380000000,566,196833,6,2729,1467023,154113137
India,Asia,2021-07-29,1380000000,391,197224,7,2735,1786935,155900072
India,Asia,2021-07-30,1380000000,514,197738,8,2743,1793273,157693345
India,Asia,2021-07-31,1380000000,565,198303,10,2753,1779450,159472794
India,Asia,2021-08-01,1380000000,495,198799,8,2762,1709570,161182365
India,Asia,2021-08-02,1380000000,486,199284,8,2770,1687064,162869429
India,Asia,2021-08-03,1380000000,519,199804,10,2780,1975659,164845088
India,Asia,2021-08-04,1380000000,381,200185,5,2784,1770063,166615151
India,Asia,2021-08-05,1380000000,527,200712,8,2792,1524648,168139800
India,Asia,2021-08-06,1380000000,545,201256,7,2800,1858104,169997903
India,Asia,2021-08-07,1380000000,404,201660,8,2807,1593729,171591633
India,Asia,2021-08-08,1380000000,585,202245,8,2816,1876841,173468473
India,Asia,2021-08-09,1380000000,551,202796,6,2822,1596300,175064774
India,Asia,2021-08-10,1380000000,573,203369,9,2831,1837630,176902404
India,Asia,2021-08-11,1380000000,516,203885,7,2838,1879012,178781416
India,Asia,2021-08-12,1380000000,412,204297,7,2845,1615701,180397116
India,Asia,2021-08-13,1380000000,584,204882,11,2856,1961032,182358149
India,Asia,2021-08-14,1380000000,533,205415,10,2866,1821390,184179539
India,Asia,2021-08-15,1380000000,293,205708,3,2869,1845462,186025000
India,Asia,2021-08-16,1380000000,450,206158,5,2874,2038987,188063988
India,Asia,2021-08-17,1380000000,593,206751,7,2881,1570351,189634339
India,Asia,2021-08-18,1380000000,579,207329,5,2886,1776276,191410615
India,Asia,2021-08-19,1380000000,481,207810,9,2895,2031211,193441826
India,Asia,2021-08-20,1380000000,413,208223,7,2902,1667510,195109336
India,Asia,2021-08-21,1380000000,508,208731,6,2908,1995429,197104765
India,Asia,2021-08-22,1380000000,407,209138,8,2916,1574505,198679270
India,Asia,2021-08-23,1380000000,479,209617,9,2925,1817177,200496447
India,Asia,2021-08-24,1380000000,517,210134,9,2935,1598355,202094803
India,Asia,2021-08-25,1380000000,423,210557,8,2943,2018555,204113358
India,Asia,2021-08-26,1380000000,444,211001,8,2951,2089197,206202555
India,Asia,2021-08-27,1380000000,442,211443,4,2955,1689315,207891870
India,Asia,2021-08-28,1380000000,404,211847,4,2959,1835798,209727668
India,Asia,2021-08-29,1380000000,420,212266,4,2963,1659663,211387330
India,Asia,2021-08-30,1380000000,432,212698,9,2972,2003710,213391041
India,Asia,2021-08-31,1380000000,446,213144,5,2977,2028691,215419732
India,Asia,2021-09-01,1380000000,480,213624,6,2983,1752716,217172449
India,Asia,2021-09-02,1380000000,414,214038,5,2987,1786726,218959174
India,Asia,2021-09-03,1380000000,421,214459,7,2994,1625095,220584269
India,Asia,2021-09-04,1380000000,483,214942,5,2999,1784854,222369124
India,Asia,2021-09-05,1380000000,404,215346,7,3006,1681739,224050862
India,Asia,2021-09-06,1380000000,437,215784,5,3011,1914272,225965134
India,Asia,2021-09-07,1380000000,382,216166,7,3018,1676311,227641445
India,Asia,2021-09-08,1380000000,448,216614,4,3022,1953628,229595073
India,Asia,2021-09-09,1380000000,609,217223,7,3029,1879106,231474179
India,Asia,2021-09-10,1380000000,427,217650,5,3034,2070995,233545175
India,Asia,2021-09-11,1380000000,377,218027,3,3037,1844519,235389694
India,Asia,2021-09-12,1380000000,540,218567,8,3046,1987913,237377606
India,Asia,2021-09-13,1380000000,406,218973,7,3053,2101106,239478712
India,Asia,2021-09-14,1380000000,450,219422,8,3061,2175941,241654653
India,Asia,2021-09-15,1380000000,300,219722,6,3066,1826221,243480875
India,Asia,2021-09-16,1380000000,417,220140,7,3073,1897298,245378173
India,Asia,2021-09-17,1380000000,330,220470,5,3078,2096716,247474889
India,Asia,2021-09-18,1380000000,476,220946,6,3084,1807351,249282240
India,Asia,2021-09-19,1380000000,391,221337,5,3089,2057662,251339902
India,Asia,2021-09-20,1380000000,397,221734,8,3097,1723488,253063390
India,Asia,2021-09-21,1380000000,392,222126,6,3103,1956694,255020084
India,Asia,2021-09-22,1380000000,544,222670,6,3109,1943247,256963331
India,Asia,2021-09-23,1380000000,396,223065,5,3114,2007656,258970988
India,Asia,2021-09-24,1380000000,417,223482,4,3118,1789243,260760230
India,Asia,2021-09-25,1380000000,335,223817,4,3121,1735684,262495914
India,Asia,2021-09-26,1380000000,366,224183,7,3128,2190499,264686413
India,Asia,2021-09-27,1380000000,446,224630,7,3135,1715665,266402078
India,Asia,2021-09-28,1380000000,466,225096,6,3141,1684770,268086848
India,Asia,2021-09-29,1380000000,362,225458,5,3146,2123818,270210666
India,Asia,2021-09-30,1380000000,359,225817,6,3152,1764559,271975225
India,Asia,2021-10-01,1380000000,416,226232,4,3156,2143830,274119055
India,Asia,2021-10-02,1380000000,337,226569,3,3159,2143451,276262506
India,Asia,2021-10-03,1380000000,332,226901,6,3165,2004085,278266591
India,Asia,2021-10-04,1380000000,344,227245,5,3169,1845492,280112083
India,Asia,2021-10-05,1380000000,404,227649,4,3173,1925002,282037085
India,Asia,2021-10-06,1380000000,323,227971,4,3177,2171363,284208447
India,Asia,2021-10-07,1380000000,336,228307,5,3181,1916048,286124495
India,Asia,2021-10-08,1380000000,337,228644,5,3186,1896176,288020671
India,Asia,2021-10-09,1380000000,393,229037,6,3192,2228525,290249196
India,Asia,2021-10-10,1380000000,337,229374,6,3198,1747681,291996877
India,Asia,2021-10-11,1380000000,439,229813,4,3202,1768363,293765240
India,Asia,2021-10-12,1380000000,368,230181,6,3207,2180702,295945941
India,Asia,2021-10-13,1380000000,244,230424,3,3211,1943385,297889326
India,Asia,2021-10-14,1380000000,244,230669,4,3215,1745855,299635181
India,Asia,2021-10-15,1380000000,444,231113,4,3219,1915036,301550217
India,Asia,2021-10-16,1380000000,320,231433,5,3224,1817984,303368201
India,Asia,2021-10-17,1380000000,365,231798,4,3227,1876566,305244767
India,Asia,2021-10-18,1380000000,322,232120,5,3233,1728933,306973700
India,Asia,2021-10-19,1380000000,407,232527,7,3240,1794934,308768634
India,Asia,2021-10-20,1380000000,375,232902,7,3247,1883755,310652389
India,Asia,2021-10-21,1380000000,431,233333,4,3251,1669193,312321583
India,Asia,2021-10-22,1380000000,340,233673,6,3257,1795981,314117563
India,Asia,2021-10-23,1380000000,397,234070,5,3262,1677108,315794671
India,Asia,2021-10-24,1380000000,334,234403,6,3268,1815763,317610435
India,Asia,2021-10-25,1380000000,339,234743,5,3273,2058634,319669069
India,Asia,2021-10-26,1380000000,366,235109,7,3280,2180499,321849567
India,Asia,2021-10-27,1380000000,299,235408,5,3285,1825034,323674601
India,Asia,2021-10-28,1380000000,361,235769,7,3292,1845950,325520551
India,Asia,2021-10-29,1380000000,386,236155,5,3297,1709891,327230442
India,Asia,2021-10-30,1380000000,236,236391,3,3300,2154353,329384794
India,Asia,2021-10-31,1380000000,292,236684,6,3306,1773903,331158697
India,Asia,2021-11-01,1380000000,338,237021,3,3309,1719652,332878349
India,Asia,2021-11-02,1380000000,297,237318,3,3312,2015917,334894266
India,Asia,2021-11-03,1380000000,306,237625,3,3315,1943517,336837783
India,Asia,2021-11-04,1380000000,165,237790,3,3318,2109032,338946814
India,Asia,2021-11-05,1380000000,318,238108,6,3324,2148693,341095508
India,Asia,2021-11-06,1380000000,362,238470,6,3330,1700859,342796367
India,Asia,2021-11-07,1380000000,250,238720,3,3333,2189593,344985960
India,Asia,2021-11-08,1380000000,365,239085,7,3340,2204734,347190694
India,Asia,2021-11-09,1380000000,335,239420,4,3344,1781943,348972637
India,Asia,2021-11-10,1380000000,237,239657,2,3346,1871751,350844388
India,Asia,2021-11-11,1380000000,333,239989,3,3349,2103881,352948270
India,Asia,2021-11-12,1380000000,267,240256,4,3353,1840837,354789106
India,Asia,2021-11-13,1380000000,197,240453,3,3356,1927393,356716499
India,Asia,2021-11-14,1380000000,270,240723,3,3359,1740682,358457182
India,Asia,2021-11-15,1380000000,307,241030,4,3362,2104947,360562128
India,Asia,2021-11-16,1380000000,272,241302,4,3367,2222685,362784814
India,Asia,2021-11-17,1380000000,275,241577,4,3371,2203632,364988446
India,Asia,2021-11-18,1380000000,312,241889,4,3375,1866536,366854981
India,Asia,2021-11-19,1380000000,255,242144,4,3379,1948010,368802991
India,Asia,2021-11-20,1380000000,260,242404,2,3381,2253704,371056694
India,Asia,2021-11-21,1380000000,312,242716,3,3384,2063964,373120659
India,Asia,2021-11-22,1380000000,274,242990,4,3388,1736034,374856692
India,Asia,2021-11-23,1380000000,258,243248,3,3391,2230153,377086845
India,Asia,2021-11-24,1380000000,200,243448,4,3394,2257365,379344210
India,Asia,2021-11-25,1380000000,174,243622,1,3396,1707212,381051421
India,Asia,2021-11-26,1380000000,210,243832,3,3399,1947252,382998673
India,Asia,2021-11-27,1380000000,258,244090,3,3402,2018450,385017123
India,Asia,2021-11-28,1380000000,188,244278,2,3404,2164370,387181493
India,Asia,2021-11-29,1380000000,230,244507,3,3407,1891863,389073356
India,Asia,2021-11-30,1380000000,276,244783,5,3412,1871836,390945192
India,Asia,2021-12-01,1380000000,176,244959,3,3415,1808826,392754018
India,Asia,2021-12-02,1380000000,129,245089,2,3417,2156885,394910903
India,Asia,2021-12-03,1380000000,209,245297,3,3420,1858018,396768921
India,Asia,2021-12-04,1380000000,258,245555,5,3425,1748918,398517839
India,Asia,2021-12-05,1380000000,223,245779,3,3428,1698236,400216075
India,Asia,2021-12-06,1380000000,229,246008,3,3431,1920782,402136857
India,Asia,2021-12-07,1380000000,227,246234,4,3435,2012603,404149459
India,Asia,2021-12-08,1380000000,179,246413,3,3438,1720198,405869657
India,Asia,2021-12-09,1380000000,177,246590,3,3441,2236269,408105926
India,Asia,2021-12-10,1380000000,198,246788,3,3444,1725622,409831548
India,Asia,2021-12-11,1380000000,224,247012,3,3447,2174693,412006242
India,Asia,2021-12-12,1380000000,138,247150,2,3450,2043411,414049653
India,Asia,2021-12-13,1380000000,157,247307,1,3451,1891255,415940908
India,Asia,2021-12-14,1380000000,174,247481,2,3453,2081883,418022792
India,Asia,2021-12-15,1380000000,176,247657,2,3456,1788995,419811787
India,Asia,2021-12-16,1380000000,196,247853,2,3458,2172265,421984051
India,Asia,2021-12-17,1380000000,185,248037,2,3459,2203390,424187441
India,Asia,2021-12-18,1380000000,170,248208,2,3462,1819047,426006488
India,Asia,2021-12-19,1380000000,231,248438,4,3466,1812753,427819241
India,Asia,2021-12-20,1380000000,181,248619,3,3470,2236742,430055983
India,Asia,2021-12-21,1380000000,184,248803,3,3473,1921645,431977628
India,Asia,2021-12-22,1380000000,194,248996,3,3476,1997893,433975521
India,Asia,2021-12-23,1380000000,154,249150,3,3479,2172193,436147714
India,Asia,2021-12-24,1380000000,217,249368,2,3481,2177424,438325137
India,Asia,2021-12-25,1380000000,199,249566,3,3483,1908033,440233170
India,Asia,2021-12-26,1380000000,170,249736,3,3486,1832249,442065419
India,Asia,2021-12-27,1380000000,163,249899,2,3489,1866451,443931871
India,Asia,2021-12-28,1380000000,191,250090,3,3492,1876560,445808431
India,Asia,2021-12-29,1380000000,157,250247,3,3494,1888955,447697386
India,Asia,2021-12-30,1380000000,167,250414,3,3497,2162229,449859615
India,Asia,2021-12-31,1380000000,152,250566,3,3500,1841794,451701409
India,Asia,2022-01-01,1380000000,166,250732,3,3503,1699208,453400617
India,Asia,2022-01-02,1380000000,188,250920,3,3506,1755575,455156192
India,Asia,2022-01-03,1380000000,172,251092,3,3509,1791843,456948035
India,Asia,2022-01-04,1380000000,118,251210,1,3511,2009111,458957146
India,Asia,2022-01-05,1380000000,157,251367,2,3513,1779641,460736788
India,Asia,2022-01-06,1380000000,136,251503,2,3515,2218373,462955161
India,Asia,2022-01-07,1380000000,115,251617,1,3516,1918347,464873508
India,Asia,2022-01-08,1380000000,160,251777,2,3518,1823757,466697266
India,Asia,2022-01-09,1380000000,170,251947,1,3519,2181338,468878604
India,Asia,2022-01-10,1380000000,144,252090,3,3522,1934490,470813094
India,Asia,2022-01-11,1380000000,125,252215,1,3523,1708474,472521568
India,Asia,2022-01-12,1380000000,93,252308,1,3524,2032040,474553608
India,Asia,2022-01-13,1380000000,153,252461,1,3525,2153567,476707175
India,Asia,2022-01-14,1380000000,124,252585,2,3527,1921893,478629068
India,Asia,2022-01-15,1380000000,123,252708,2,3529,2009154,480638223
India,Asia,2022-01-16,1380000000,139,252848,2,3531,2223450,482861673
India,Asia,2022-01-17,1380000000,102,252950,1,3532,2012742,484874414
India,Asia,2022-01-18,1380000000,117,253066,2,3534,2165022,487039436
India,Asia,2022-01-19,1380000000,106,253172,1,3535,1820296,488859732
India,Asia,2022-01-20,1380000000,113,253285,1,3537,2203935,491063667
India,Asia,2022-01-21,1380000000,98,253382,1,3537,1811574,492875241
India,Asia,2022-01-22,1380000000,63,253445,1,3538,1920821,494796062
India,Asia,2022-01-23,1380000000,103,253548,1,3540,1782129,496578192
India,Asia,2022-01-24,1380000000,129,253677,2,3542,1777764,498355955
India,Asia,2022-01-25,1380000000,111,253787,1,3543,1845850,500201805
India,Asia,2022-01-26,1380000000,86,253873,1,3544,1720053,501921858
India,Asia,2022-01-27,1380000000,75,253949,1,3545,1919651,503841509
India,Asia,2022-01-28,1380000000,86,254035,1,3546,1841109,505682618
India,Asia,2022-01-29,1380000000,108,254143,2,3548,2219673,507902291
India,Asia,2022-01-30,1380000000,83,254225,1,3549,1829764,509732055
India,Asia,2022-01-31,1380000000,85,254310,1,3551,2178393,511910448
Brazil,South America,2020-02-01,213000000,16,16,0,0,0,0
Brazil,South America,2020-02-02,213000000,15,32,0,0,0,0
Brazil,South America,2020-02-03,213000000,13,45,0,1,0,0
Brazil,South America,2020-02-04,213000000,18,62,0,1,0,0
Brazil,South America,2020-02-05,213000000,17,79,0,1,0,0
Brazil,South America,2020-02-06,213000000,20,99,0,1,0,0
Brazil,South America,2020-02-07,213000000,21,120,0,2,0,0
Brazil,South America,2020-02-08,213000000,14,134,0,2,0,0
Brazil,South America,2020-02-09,213000000,18,152,0,2,0,0
Brazil,South America,2020-02-10,213000000,12,164,0,2,0,0
Brazil,South America,2020-02-11,213000000,17,181,0,3,0,0
Brazil,South America,2020-02-12,213000000,18,199,0,3,0,0
Brazil,South America,2020-02-13,213000000,15,213,0,3,0,0
Brazil,South America,2020-02-14,213000000,16,229,0,3,0,0
Brazil,South America,2020-02-15,213000000,20,249,0,3,0,0
Brazil,South America,2020-02-16,213000000,19,268,0,4,0,0
Brazil,South America,2020-02-17,213000000,23,291,0,4,0,0
Brazil,South America,2020-02-18,213000000,23,313,0,4,0,0
Brazil,South America,2020-02-19,213000000,14,327,0,5,0,0
Brazil,South America,2020-02-20,213000000,17,345,0,5,0,0
Brazil,South America,2020-02-21,213000000,16,361,0,5,0,0
Brazil,South America,2020-02-22,213000000,22,383,0,6,0,0
Brazil,South America,2020-02-23,213000000,21,404,0,6,0,0
Brazil,South America,2020-02-24,213000000,17,421,0,6,0,0
Brazil,South America,2020-02-25,213000000,18,438,0,6,0,0
Brazil,South America,2020-02-26,213000000,25,463,0,7,0,0
Brazil,South America,2020-02-27,213000000,20,483,0,7,0,0
Brazil,South America,2020-02-28,213000000,15,497,0,7,0,0
Brazil,South America,2020-02-29,213000000,18,516,0,7,0,0
Brazil,South America,2020-03-01,213000000,28,544,0,8,0,0
Brazil,South America,2020-03-02,213000000,25,569,0,8,0,0
Brazil,South America,2020-03-03,213000000,18,587,0,8,0,0
Brazil,South America,2020-03-04,213000000,23,611,0,9,0,0
Brazil,South America,2020-03-05,213000000,26,637,0,9,0,0
Brazil,South America,2020-03-06,213000000,17,654,0,9,0,0
Brazil,South America,2020-03-07,213000000,27,682,0,10,0,0
Brazil,South America,2020-03-08,213000000,25,707,0,10,0,0
Brazil,South America,2020-03-09,213000000,22,729,0,10,0,0
Brazil,South America,2020-03-10,213000000,27,756,0,11,0,0
Brazil,South America,2020-03-11,213000000,26,781,0,11,0,0
Brazil,South America,2020-03-12,213000000,27,808,0,11,0,0
Brazil,South America,2020-03-13,213000000,26,834,0,12,0,0
Brazil,South America,2020-03-14,213000000,22,856,0,12,0,0
Brazil,South America,2020-03-15,213000000,23,880,0,12,0,0
Brazil,South America,2020-03-16,213000000,25,905,0,13,0,0
Brazil,South America,2020-03-17,213000000,27,932,0,13,0,0
Brazil,South America,2020-03-18,213000000,30,961,0,13,0,0
Brazil,South America,2020-03-19,213000000,35,997,0,14,0,0
Brazil,South America,2020-03-20,213000000,29,1025,0,14,0,0
Brazil,South America,2020-03-21,213000000,31,1056,0,14,0,0
Brazil,South America,2020-03-22,213000000,32,1088,0,15,0,0
Brazil,South America,2020-03-23,213000000,32,1119,0,15,0,0
Brazil,South America,2020-03-24,213000000,25,1144,0,15,0,0
Brazil,South America,2020-03-25,213000000,35,1179,0,16,0,0
Brazil,South America,2020-03-26,213000000,35,1214,1,16,0,0
Brazil,South America,2020-03-27,213000000,30,1244,0,17,0,0
Brazil,South America,2020-03-28,213000000,26,1270,0,17,0,0
Brazil,South America,2020-03-29,213000000,31,1301,0,17,0,0
Brazil,South America,2020-03-30,213000000,24,1325,0,18,0,0
Brazil,South America,2020-03-31,213000000,38,1363,0,18,0,0
Brazil,South America,2020-04-01,213000000,28,1391,0,18,0,0
Brazil,South America,2020-04-02,213000000,30,1421,1,19,0,0
Brazil,South America,2020-04-03,213000000,39,1460,1,20,0,0
Brazil,South America,2020-04-04,213000000,20,1480,0,20,0,0
Brazil,South America,2020-04-05,213000000,39,1519,0,21,0,0
Brazil,South America,2020-04-06,213000000,35,1553,0,21,0,0
Brazil,South America,2020-04-07,213000000,42,1595,1,22,0,0
Brazil,South America,2020-04-08,213000000,29,1624,0,22,0,0
Brazil,South America,2020-04-09,213000000,36,1659,0,22,0,0
Brazil,South America,2020-04-10,213000000,29,1689,0,23,0,0
Brazil,South America,2020-04-11,213000000,40,1729,1,23,0,0
Brazil,South America,2020-04-12,213000000,40,1769,1,24,0,0
Brazil,South America,2020-04-13,213000000,44,1813,1,25,0,0
Brazil,South America,2020-04-14,213000000,35,1848,0,25,0,0
Brazil,South America,2020-04-15,213000000,47,1895,1,26,0,0
Brazil,South America,2020-04-16,213000000,30,1926,0,26,0,0
Brazil,South America,2020-04-17,213000000,36,1962,1,27,0,0
Brazil,South America,2020-04-18,213000000,31,1993,0,27,0,0
Brazil,South America,2020-04-19,213000000,38,2031,1,28,0,0
Brazil,South America,2020-04-20,213000000,32,2063,0,28,0,0
Brazil,South America,2020-04-21,213000000,44,2106,0,29,0,0
Brazil,South America,2020-04-22,213000000,40,2147,1,29,0,0
Brazil,South America,2020-04-23,213000000,32,2178,0,30,0,0
Brazil,South America,2020-04-24,213000000,43,2221,1,30,0,0
Brazil,South America,2020-04-25,213000000,48,2269,1,31,0,0
Brazil,South America,2020-04-26,213000000,42,2311,1,31,0,0
Brazil,South America,2020-04-27,213000000,31,2343,1,32,0,0
Brazil,South America,2020-04-28,213000000,39,2381,1,33,0,0
Brazil,South America,2020-04-29,213000000,44,2425,0,33,0,0
Brazil,South America,2020-04-30,213000000,39,2464,0,33,0,0
Brazil,South America,2020-05-01,213000000,34,2498,1,34,0,0
Brazil,South America,2020-05-02,213000000,48,2546,1,35,0,0
Brazil,South America,2020-05-03,213000000,39,2585,1,35,0,0
Brazil,South America,2020-05-04,213000000,51,2636,1,36,0,0
Brazil,South America,2020-05-05,213000000,38,2674,1,37,0,0
Brazil,South America,2020-05-06,213000000,39,2713,1,37,0,0
Brazil,South America,2020-05-07,213000000,38,2751,0,38,0,0
Brazil,South America,2020-05-08,213000000,41,2792,1,38,0,0
Brazil,South America,2020-05-09,213000000,45,2838,1,39,0,0
Brazil,South America,2020-05-10,213000000,36,2874,0,40,0,0
Brazil,South America,2020-05-11,213000000,35,2910,0,40,0,0
Brazil,South America,2020-05-12,213000000,32,2942,1,41,0,0
Brazil,South America,2020-05-13,213000000,32,2974,1,41,0,0
Brazil,South America,2020-05-14,213000000,35,3008,0,42,0,0
Brazil,South America,2020-05-15,213000000,40,3049,1,42,0,0
Brazil,South America,2020-05-16,213000000,45,3094,1,43,0,0
Brazil,South America,2020-05-17,213000000,47,3141,0,44,0,0
Brazil,South America,2020-05-18,213000000,46,3187,1,44,0,0
Brazil,South America,2020-05-19,213000000,55,3241,1,45,0,0
Brazil,South America,2020-05-20,213000000,57,3299,1,46,0,0
Brazil,South America,2020-05-21,213000000,43,3342,0,46,0,0
Brazil,South America,2020-05-22,213000000,39,3381,1,47,0,0
Brazil,South America,2020-05-23,213000000,61,3442,1,48,0,0
Brazil,South America,2020-05-24,213000000,54,3496,1,49,0,0
Brazil,South America,2020-05-25,213000000,54,3550,1,50,0,0
Brazil,South America,2020-05-26,213000000,43,3592,0,50,0,0
Brazil,South America,2020-05-27,213000000,53,3645,1,51,0,0
Brazil,South America,2020-05-28,213000000,48,3693,1,51,0,0
Brazil,South America,2020-05-29,213000000,47,3739,1,52,0,0
Brazil,South America,2020-05-30,213000000,47,3786,1,52,0,0
Brazil,South America,2020-05-31,213000000,51,3837,1,53,0,0
Brazil,South America,2020-06-01,213000000,58,3896,1,54,0,0
Brazil,South America,2020-06-02,213000000,64,3960,1,55,0,0
Brazil,South America,2020-06-03,213000000,45,4005,1,56,0,0
Brazil,South America,2020-06-04,213000000,50,4055,0,56,0,0
Brazil,South America,2020-06-05,213000000,48,4103,1,57,0,0
Brazil,South America,2020-06-06,213000000,52,4154,1,58,0,0
Brazil,South America,2020-06-07,213000000,30,4185,1,59,0,0
Brazil,South America,2020-06-08,213000000,47,4232,1,59,0,0
Brazil,South America,2020-06-09,213000000,64,4296,1,61,0,0
Brazil,South America,2020-06-10,213000000,44,4341,1,61,0,0
Brazil,South America,2020-06-11,213000000,47,4387,1,62,0,0
Brazil,South America,2020-06-12,213000000,46,4433,1,63,0,0
Brazil,South America,2020-06-13,213000000,49,4482,1,64,0,0
Brazil,South America,2020-06-14,213000000,40,4522,1,64,0,0
Brazil,South America,2020-06-15,213000000,46,4568,0,65,0,0
Brazil,South America,2020-06-16,213000000,54,4622,1,65,0,0
Brazil,South America,2020-06-17,213000000,54,4676,1,66,0,0
Brazil,South America,2020-06-18,213000000,53,4728,1,67,0,0
Brazil,South America,2020-06-19,213000000,61,4790,1,68,0,0
Brazil,South America,2020-06-20,213000000,55,4844,1,69,0,0
Brazil,South America,2020-06-21,213000000,61,4906,1,70,0,0
Brazil,South America,2020-06-22,213000000,69,4974,1,71,0,0
Brazil,South America,2020-06-23,213000000,58,5033,1,71,0,0
Brazil,South America,2020-06-24,213000000,42,5074,0,72,0,0
Brazil,South America,2020-06-25,213000000,54,5128,1,73,0,0
Brazil,South America,2020-06-26,213000000,53,5181,1,73,0,0
Brazil,South America,2020-06-27,213000000,64,5245,1,74,0,0
Brazil,South America,2020-06-28,213000000,51,5297,1,75,0,0
Brazil,South America,2020-06-29,213000000,46,5342,0,75,0,0
Brazil,South America,2020-06-30,213000000,49,5391,0,76,0,0
Brazil,South America,2020-07-01,213000000,43,5434,1,76,0,0
Brazil,South America,2020-07-02,213000000,29,5463,0,77,0,0
Brazil,South America,2020-07-03,213000000,69,5532,1,78,0,0
Brazil,South America,2020-07-04,213000000,53,5585,0,78,0,0
Brazil,South America,2020-07-05,213000000,44,5629,0,79,0,0
Brazil,South America,2020-07-06,213000000,67,5695,1,80,0,0
Brazil,South America,2020-07-07,213000000,68,5763,1,81,0,0
Brazil,South America,2020-07-08,213000000,55,5818,1,82,0,0
Brazil,South America,2020-07-09,213000000,43,5861,0,82,0,0
Brazil,South America,2020-07-10,213000000,50,5910,0,83,0,0
Brazil,South America,2020-07-11,213000000,52,5962,0,83,0,0
Brazil,South America,2020-07-12,213000000,54,6016,1,84,0,0
Brazil,South America,2020-07-13,213000000,45,6061,1,84,0,0
Brazil,South America,2020-07-14,213000000,62,6123,1,85,0,0
Brazil,South America,2020-07-15,213000000,37,6160,0,85,0,0
Brazil,South America,2020-07-16,213000000,63,6223,1,86,0,0
Brazil,South America,2020-07-17,213000000,65,6289,1,87,0,0
Brazil,South America,2020-07-18,213000000,51,6340,1,87,0,0
Brazil,South America,2020-07-19,213000000,54,6394,1,88,0,0
Brazil,South America,2020-07-20,213000000,67,6461,1,89,0,0
Brazil,South America,2020-07-21,213000000,60,6521,1,90,0,0
Brazil,South America,2020-07-22,213000000,52,6572,1,90,0,0
Brazil,South America,2020-07-23,213000000,53,6625,1,91,0,0
Brazil,South America,2020-07-24,213000000,59,6684,1,92,0,0
Brazil,South America,2020-07-25,213000000,71,6755,1,93,0,0
Brazil,South America,2020-07-26,213000000,53,6808,1,94,0,0
Brazil,South America,2020-07-27,213000000,52,6860,1,95,0,0
Brazil,South America,2020-07-28,213000000,55,6916,1,95,0,0
Brazil,South America,2020-07-29,213000000,56,6971,1,96,0,0
Brazil,South America,2020-07-30,213000000,58,7029,1,97,0,0
Brazil,South America,2020-07-31,213000000,55,7084,1,98,0,0
Brazil,South America,2020-08-01,213000000,65,7149,1,98,0,0
Brazil,South America,2020-08-02,213000000,48,7197,1,99,0,0
Brazil,South America,2020-08-03,213000000,59,7256,1,100,0,0
Brazil,South America,2020-08-04,213000000,59,7316,1,101,0,0
Brazil,South America,2020-08-05,213000000,49,7365,1,101,0,0
Brazil,South America,2020-08-06,213000000,59,7424,1,102,0,0
Brazil,South America,2020-08-07,213000000,60,7484,1,103,0,0
Brazil,South America,2020-08-08,213000000,35,7519,0,104,0,0
Brazil,South America,2020-08-09,213000000,48,7567,0,104,0,0
Brazil,South America,2020-08-10,213000000,70,7636,1,105,0,0
Brazil,South America,2020-08-11,213000000,51,7687,1,106,0,0
Brazil,South America,2020-08-12,213000000,46,7733,1,106,0,0
Brazil,South America,2020-08-13,213000000,41,7774,1,107,0,0
Brazil,South America,2020-08-14,213000000,47,7821,1,108,0,0
Brazil,South America,2020-08-15,213000000,55,7877,1,108,0,0
Brazil,South America,2020-08-16,213000000,46,7923,1,109,0,0
Brazil,South America,2020-08-17,213000000,62,7985,1,110,0,0
Brazil,South America,2020-08-18,213000000,50,8034,1,110,0,0
Brazil,South America,2020-08-19,213000000,59,8094,1,111,0,0
Brazil,South America,2020-08-20,213000000,69,8162,1,112,0,0
Brazil,South America,2020-08-21,213000000,68,8231,1,113,0,0
Brazil,South America,2020-08-22,213000000,59,8290,1,114,0,0
Brazil,South America,2020-08-23,213000000,47,8337,1,115,0,0
Brazil,South America,2020-08-24,213000000,57,8394,1,115,0,0
Brazil,South America,2020-08-25,213000000,60,8454,1,116,0,0
Brazil,South America,2020-08-26,213000000,78,8532,1,117,0,0
Brazil,South America,2020-08-27,213000000,41,8573,1,117,0,0
Brazil,South America,2020-08-28,213000000,57,8630,0,118,0,0
Brazil,South America,2020-08-29,213000000,63,8693,1,118,0,0
Brazil,South America,2020-08-30,213000000,58,8751,1,119,0,0
Brazil,South America,2020-08-31,213000000,59,8810,1,120,0,0
Brazil,South America,2020-09-01,213000000,51,8861,1,121,0,0
Brazil,South America,2020-09-02,213000000,66,8927,1,121,0,0
Brazil,South America,2020-09-03,213000000,58,8985,0,122,0,0
Brazil,South America,2020-09-04,213000000,60,9044,1,123,0,0
Brazil,South America,2020-09-05,213000000,67,9111,1,124,0,0
Brazil,South America,2020-09-06,213000000,55,9166,1,125,0,0
Brazil,South America,2020-09-07,213000000,69,9236,1,126,0,0
Brazil,South America,2020-09-08,213000000,47,9282,1,127,0,0
Brazil,South America,2020-09-09,213000000,60,9343,1,127,0,0
Brazil,South America,2020-09-10,213000000,51,9394,1,128,0,0
Brazil,South America,2020-09-11,213000000,49,9442,1,129,0,0
Brazil,South America,2020-09-12,213000000,75,9517,1,130,0,0
Brazil,South America,2020-09-13,213000000,48,9565,0,130,0,0
Brazil,South America,2020-09-14,213000000,59,9624,1,131,0,0
Brazil,South America,2020-09-15,213000000,47,9671,1,131,0,0
Brazil,South America,2020-09-16,213000000,69,9740,1,132,0,0
Brazil,South America,2020-09-17,213000000,55,9795,1,133,0,0
Brazil,South America,2020-09-18,213000000,68,9863,1,134,0,0
Brazil,South America,2020-09-19,213000000,64,9927,1,135,0,0
Brazil,South America,2020-09-20,213000000,79,10006,1,136,0,0
Brazil,South America,2020-09-21,213000000,46,10052,1,137,0,0
Brazil,South America,2020-09-22,213000000,50,10102,1,137,0,0
Brazil,South America,2020-09-23,213000000,68,10170,1,138,0,0
Brazil,South America,2020-09-24,213000000,62,10232,1,139,0,0
Brazil,South America,2020-09-25,213000000,57,10289,1,139,0,0
Brazil,South America,2020-09-26,213000000,77,10367,1,140,0,0
Brazil,South America,2020-09-27,213000000,59,10426,1,141,0,0
Brazil,South America,2020-09-28,213000000,52,10479,1,142,0,0
Brazil,South America,2020-09-29,213000000,69,10548,1,143,0,0
Brazil,South America,2020-09-30,213000000,60,10608,1,144,0,0
Brazil,South America,2020-10-01,213000000,61,10668,1,144,0,0
Brazil,South America,2020-10-02,213000000,66,10734,1,146,0,0
Brazil,South America,2020-10-03,213000000,66,10801,1,147,0,0
Brazil,South America,2020-10-04,213000000,51,10852,1,148,0,0
Brazil,South America,2020-10-05,213000000,57,10909,1,149,0,0
Brazil,South America,2020-10-06,213000000,48,10957,1,149,0,0
Brazil,South America,2020-10-07,213000000,63,11021,1,150,0,0
Brazil,South America,2020-10-08,213000000,78,11098,1,151,0,0
Brazil,South America,2020-10-09,213000000,52,11150,1,152,0,0
Brazil,South America,2020-10-10,213000000,47,11196,0,152,0,0
Brazil,South America,2020-10-11,213000000,55,11251,1,153,0,0
Brazil,South America,2020-10-12,213000000,59,11310,1,154,0,0
Brazil,South America,2020-10-13,213000000,68,11378,1,156,0,0
Brazil,South America,2020-10-14,213000000,58,11435,1,157,0,0
Brazil,South America,2020-10-15,213000000,64,11500,1,158,0,0
Brazil,South America,2020-10-16,213000000,57,11556,1,158,0,0
Brazil,South America,2020-10-17,213000000,60,11616,1,159,0,0
Brazil,South America,2020-10-18,213000000,54,11670,1,160,0,0
Brazil,South America,2020-10-19,213000000,51,11721,1,161,0,0
Brazil,South America,2020-10-20,213000000,69,11790,1,162,0,0
Brazil,South America,2020-10-21,213000000,58,11847,1,163,0,0
Brazil,South America,2020-10-22,213000000,66,11913,1,164,0,0
Brazil,South America,2020-10-23,213000000,54,11967,1,165,0,0
Brazil,South America,2020-10-24,213000000,62,12029,1,166,0,0
Brazil,South America,2020-10-25,213000000,43,12072,1,167,0,0
Brazil,South America,2020-10-26,213000000,59,12131,1,168,0,0
Brazil,South America,2020-10-27,213000000,55,12186,1,169,0,0
Brazil,South America,2020-10-28,213000000,74,12260,1,170,0,0
Brazil,South America,2020-10-29,213000000,51,12310,1,171,0,0
Brazil,South America,2020-10-30,213000000,61,12372,1,172,0,0
Brazil,South America,2020-10-31,213000000,66,12437,1,173,0,0
Brazil,South America,2020-11-01,213000000,72,12510,1,174,0,0
Brazil,South America,2020-11-02,213000000,71,12581,1,175,0,0
Brazil,South America,2020-11-03,213000000,62,12643,1,175,0,0
Brazil,South America,2020-11-04,213000000,64,12707,1,176,0,0
Brazil,South America,2020-11-05,213000000,74,12782,1,177,0,0
Brazil,South America,2020-11-06,213000000,63,12844,1,178,0,0
Brazil,South America,2020-11-07,213000000,65,12909,1,178,0,0
Brazil,South America,2020-11-08,213000000,75,12984,1,180,0,0
Brazil,South America,2020-11-09,213000000,87,13072,1,181,0,0
Brazil,South America,2020-11-10,213000000,66,13138,1,182,0,0
Brazil,South America,2020-11-11,213000000,69,13207,1,183,0,0
Brazil,South America,2020-11-12,213000000,72,13279,1,184,0,0
Brazil,South America,2020-11-13,213000000,76,13355,1,185,0,0
Brazil,South America,2020-11-14,213000000,74,13429,1,186,0,0
Brazil,South America,2020-11-15,213000000,59,13488,1,187,0,0
Brazil,South America,2020-11-16,213000000,68,13555,1,188,0,0
Brazil,South America,2020-11-17,213000000,75,13630,1,189,0,0
Brazil,South America,2020-11-18,213000000,79,13709,1,190,0,0
Brazil,South America,2020-11-19,213000000,63,13772,1,191,0,0
Brazil,South America,2020-11-20,213000000,68,13840,1,192,0,0
Brazil,South America,2020-11-21,213000000,69,13909,1,193,0,0
Brazil,South America,2020-11-22,213000000,65,13974,1,194,0,0
Brazil,South America,2020-11-23,213000000,68,14042,1,195,0,0
Brazil,South America,2020-11-24,213000000,44,14086,1,195,0,0
Brazil,South America,2020-11-25,213000000,97,14183,1,196,0,0
Brazil,South America,2020-11-26,213000000,88,14271,2,198,0,0
Brazil,South America,2020-11-27,213000000,64,14335,1,199,0,0
Brazil,South America,2020-11-28,213000000,65,14399,1,200,0,0
Brazil,South America,2020-11-29,213000000,50,14449,1,201,0,0
Brazil,South America,2020-11-30,213000000,48,14497,0,201,0,0
Brazil,South America,2020-12-01,213000000,71,14568,1,202,0,0
Brazil,South America,2020-12-02,213000000,77,14644,1,203,0,0
Brazil,South America,2020-12-03,213000000,75,14719,1,204,0,0
Brazil,South America,2020-12-04,213000000,58,14777,1,205,0,0
Brazil,South America,2020-12-05,213000000,74,14851,1,206,0,0
Brazil,South America,2020-12-06,213000000,65,14916,1,207,0,0
Brazil,South America,2020-12-07,213000000,63,14978,1,207,0,0
Brazil,South America,2020-12-08,213000000,53,15031,0,208,0,0
Brazil,South America,2020-12-09,213000000,59,15091,1,208,0,0
Brazil,South America,2020-12-10,213000000,72,15163,1,209,0,0
Brazil,South America,2020-12-11,213000000,70,15233,1,210,0,0
Brazil,South America,2020-12-12,213000000,69,15301,1,210,0,0
Brazil,South America,2020-12-13,213000000,45,15346,1,211,0,0
Brazil,South America,2020-12-14,213000000,69,15415,1,212,0,0
Brazil,South America,2020-12-15,213000000,61,15476,1,213,0,0
Brazil,South America,2020-12-16,213000000,70,15547,1,214,0,0
Brazil,South America,2020-12-17,213000000,80,15627,1,215,0,0
Brazil,South America,2020-12-18,213000000,63,15689,1,216,0,0
Brazil,South America,2020-12-19,213000000,68,15758,1,217,0,0
Brazil,South America,2020-12-20,213000000,88,15846,2,219,0,0
Brazil,South America,2020-12-21,213000000,70,15916,1,220,0,0
Brazil,South America,2020-12-22,213000000,67,15984,1,221,0,0
Brazil,South America,2020-12-23,213000000,59,16043,1,222,0,0
Brazil,South America,2020-12-24,213000000,76,16119,2,223,0,0
Brazil,South America,2020-12-25,213000000,58,16177,0,224,0,0
Brazil,South America,2020-12-26,213000000,81,16258,1,225,0,0
Brazil,South America,2020-12-27,213000000,75,16333,1,226,0,0
Brazil,South America,2020-12-28,213000000,62,16395,1,227,0,0
Brazil,South America,2020-12-29,213000000,60,16456,1,227,0,0
Brazil,South America,2020-12-30,213000000,60,16516,1,228,0,0
Brazil,South America,2020-12-31,213000000,50,16566,1,229,0,0
Brazil,South America,2021-01-01,213000000,73,16639,1,230,0,0
Brazil,South America,2021-01-02,213000000,47,16686,0,230,0,0
Brazil,South America,2021-01-03,213000000,68,16754,1,231,0,0
Brazil,South America,2021-01-04,213000000,67,16821,1,232,0,0
Brazil,South America,2021-01-05,213000000,65,16886,1,233,0,0
Brazil,South America,2021-01-06,213000000,73,16959,1,234,0,0
Brazil,South America,2021-01-07,213000000,63,17022,1,235,0,0
Brazil,South America,2021-01-08,213000000,71,17093,1,235,0,0
Brazil,South America,2021-01-09,213000000,82,17175,2,237,0,0
Brazil,South America,2021-01-10,213000000,75,17250,1,238,0,0
Brazil,South America,2021-01-11,213000000,65,17315,1,239,0,0
Brazil,South America,2021-01-12,213000000,69,17384,1,240,0,0
Brazil,South America,2021-01-13,213000000,66,17449,1,241,0,0
Brazil,South America,2021-01-14,213000000,67,17517,1,242,0,0
Brazil,South America,2021-01-15,213000000,71,17588,1,243,14788,14788
Brazil,South America,2021-01-16,213000000,79,17667,1,244,16627,31415
Brazil,South America,2021-01-17,213000000,46,17713,0,244,15186,46601
Brazil,South America,2021-01-18,213000000,84,17797,1,245,17210,63811
Brazil,South America,2021-01-19,213000000,69,17866,1,246,17124,80934
Brazil,South America,2021-01-20,213000000,67,17934,1,247,14903,95837
Brazil,South America,2021-01-21,213000000,62,17995,1,248,20124,115961
Brazil,South America,2021-01-22,213000000,68,18063,1,248,16382,132342
Brazil,South America,2021-01-23,213000000,74,18137,1,249,21052,153395
Brazil,South America,2021-01-24,213000000,74,18211,1,250,21745,175140
Brazil,South America,2021-01-25,213000000,64,18274,1,251,21060,196200
Brazil,South America,2021-01-26,213000000,82,18357,1,252,17801,214001
Brazil,South America,2021-01-27,213000000,54,18411,1,253,22943,236943
Brazil,South America,2021-01-28,213000000,73,18483,1,254,18173,255116
Brazil,South America,2021-01-29,213000000,79,18562,1,255,20171,275287
Brazil,South America,2021-01-30,213000000,55,18617,1,255,22502,297788
Brazil,South America,2021-01-31,213000000,84,18701,1,257,21593,319381
Brazil,South America,2021-02-01,213000000,67,18768,1,258,21535,340917
Brazil,South America,2021-02-02,213000000,66,18834,1,259,24159,365075
Brazil,South America,2021-02-03,213000000,60,18894,1,260,21868,386943
Brazil,South America,2021-02-04,213000000,85,18978,1,261,26777,413721
Brazil,South America,2021-02-05,213000000,67,19045,1,262,21554,435275
Brazil,South America,2021-02-06,213000000,78,19123,1,263,24300,459575
Brazil,South America,2021-02-07,213000000,72,19195,1,264,25424,484999
Brazil,South America,2021-02-08,213000000,64,19259,1,265,24078,509076
Brazil,South America,2021-02-09,213000000,65,19324,1,266,23469,532545
Brazil,South America,2021-02-10,213000000,67,19391,1,267,25002,557548
Brazil,South America,2021-02-11,213000000,75,19466,1,267,32869,590416
Brazil,South America,2021-02-12,213000000,68,19534,1,268,31640,622056
Brazil,South America,2021-02-13,213000000,81,19615,1,269,30492,652548
Brazil,South America,2021-02-14,213000000,72,19687,1,270,27779,680328
Brazil,South America,2021-02-15,213000000,68,19755,1,271,34037,714364
Brazil,South America,2021-02-16,213000000,77,19831,1,272,36675,751039
Brazil,South America,2021-02-17,213000000,77,19908,1,273,28567,779606
Brazil,South America,2021-02-18,213000000,86,19995,1,274,33424,813030
Brazil,South America,2021-02-19,213000000,78,20073,1,276,33752,846782
Brazil,South America,2021-02-20,213000000,62,20135,1,276,40212,886994
Brazil,South America,2021-02-21,213000000,65,20200,1,277,40553,927547
Brazil,South America,2021-02-22,213000000,40,20239,1,278,39830,967377
Brazil,South America,2021-02-23,213000000,65,20304,1,279,41698,1009075
Brazil,South America,2021-02-24,213000000,82,20387,1,280,41996,1051071
Brazil,South America,2021-02-25,213000000,72,20459,1,281,43062,1094133
Brazil,South America,2021-02-26,213000000,77,20536,1,282,39056,1133189
Brazil,South America,2021-02-27,213000000,70,20605,1,283,40602,1173791
Brazil,South America,2021-02-28,213000000,65,20670,1,285,40317,1214108
Brazil,South America,2021-03-01,213000000,59,20729,1,286,43639,1257747
Brazil,South America,2021-03-02,213000000,76,20805,1,286,41244,1298991
Brazil,South America,2021-03-03,213000000,70,20875,1,287,51250,1350241
Brazil,South America,2021-03-04,213000000,89,20964,1,289,52224,1402465
Brazil,South America,2021-03-05,213000000,62,21026,1,290,47272,1449737
Brazil,South America,2021-03-06,213000000,44,21069,1,290,44368,1494105
Brazil,South America,2021-03-07,213000000,60,21130,1,291,41631,1535737
Brazil,South America,2021-03-08,213000000,70,21199,1,292,57170,1592907
Brazil,South America,2021-03-09,213000000,79,21279,1,293,51852,1644759
Brazil,South America,2021-03-10,213000000,59,21337,1,294,55730,1700489
Brazil,South America,2021-03-11,213000000,88,21425,2,295,60861,1761350
Brazil,South America,2021-03-12,213000000,79,21504,1,296,51802,1813152
Brazil,South America,2021-03-13,213000000,65,21569,1,298,49186,1862338
Brazil,South America,2021-03-14,213000000,74,21643,1,298,62055,1924393
Brazil,South America,2021-03-15,213000000,54,21697,1,299,64019,1988413
Brazil,South America,2021-03-16,213000000,88,21785,1,300,65612,2054024
Brazil,South America,2021-03-17,213000000,73,21857,1,302,54525,2108549
Brazil,South America,2021-03-18,213000000,70,21928,1,303,55342,2163891
Brazil,South America,2021-03-19,213000000,75,22003,1,304,57055,2220946
Brazil,South America,2021-03-20,213000000,92,22095,1,305,55236,2276181
Brazil,South America,2021-03-21,213000000,79,22174,1,306,68611,2344793
Brazil,South America,2021-03-22,213000000,52,22225,1,307,75713,2420506
Brazil,South America,2021-03-23,213000000,76,22301,1,308,63068,2483574
Brazil,South America,2021-03-24,213000000,74,22375,1,309,74041,2557615
Brazil,South America,2021-03-25,213000000,68,22444,1,310,72076,2629691
Brazil,South America,2021-03-26,213000000,65,22508,1,311,64882,2694574
Brazil,South America,2021-03-27,213000000,88,22596,2,312,78532,2773106
Brazil,South America,2021-03-28,213000000,56,22653,1,313,80838,2853944
Brazil,South America,2021-03-29,213000000,59,22711,1,314,79220,2933163
Brazil,South America,2021-03-30,213000000,77,22788,1,315,77622,3010785
Brazil,South America,2021-03-31,213000000,50,22838,1,316,72149,3082935
Brazil,South America,2021-04-01,213000000,77,22915,1,317,73234,3156168
Brazil,South America,2021-04-02,213000000,71,22987,1,319,80843,3237011
Brazil,South America,2021-04-03,213000000,64,23050,1,319,85391,3322402
Brazil,South America,2021-04-04,213000000,79,23129,2,321,85551,3407953
Brazil,South America,2021-04-05,213000000,71,23200,1,322,93267,3501220
Brazil,South America,2021-04-06,213000000,73,23273,1,323,99860,3601080
Brazil,South America,2021-04-07,213000000,67,23340,1,323,91722,3692803
Brazil,South America,2021-04-08,213000000,72,23413,1,324,104958,3797761
Brazil,South America,2021-04-09,213000000,92,23505,1,325,96789,3894550
Brazil,South America,2021-04-10,213000000,72,23577,1,326,83107,3977657
Brazil,South America,2021-04-11,213000000,56,23633,1,327,106759,4084416
Brazil,South America,2021-04-12,213000000,66,23699,1,327,106604,4191020
Brazil,South America,2021-04-13,213000000,67,23766,1,328,102687,4293707
Brazil,South America,2021-04-14,213000000,87,23853,1,329,99715,4393422
Brazil,South America,2021-04-15,213000000,72,23924,1,330,102282,4495704
Brazil,South America,2021-04-16,213000000,93,24017,1,331,99794,4595499
Brazil,South America,2021-04-17,213000000,95,24112,1,332,103135,4698634
Brazil,South America,2021-04-18,213000000,77,24188,2,333,124633,4823267
Brazil,South America,2021-04-19,213000000,71,24259,1,334,114404,4937671
Brazil,South America,2021-04-20,213000000,63,24322,1,335,111376,5049046
Brazil,South America,2021-04-21,213000000,86,24407,1,337,123594,5172641
Brazil,South America,2021-04-22,213000000,64,24471,1,338,101060,5273701
Brazil,South America,2021-04-23,213000000,62,24533,1,339,133121,5406822
Brazil,South America,2021-04-24,213000000,85,24618,1,340,114678,5521501
Brazil,South America,2021-04-25,213000000,100,24718,2,341,124404,5645905
Brazil,South America,2021-04-26,213000000,64,24782,1,342,141409,5787314
Brazil,South America,2021-04-27,213000000,75,24858,1,343,129963,5917276
Brazil,South America,2021-04-28,213000000,78,24935,1,344,130894,6048171
Brazil,South America,2021-04-29,213000000,69,25005,1,345,133114,6181285
Brazil,South America,2021-04-30,213000000,70,25074,1,346,137761,6319046
Brazil,South America,2021-05-01,213000000,92,25166,2,348,138796,6457841
Brazil,South America,2021-05-02,213000000,71,25237,1,349,152460,6610301
Brazil,South America,2021-05-03,213000000,67,25304,1,350,145070,6755371
Brazil,South America,2021-05-04,213000000,65,25370,1,351,138677,6894048
Brazil,South America,2021-05-05,213000000,69,25439,1,352,146709,7040757
Brazil,South America,2021-05-06,213000000,75,25514,1,353,128564,7169321
Brazil,South America,2021-05-07,213000000,73,25587,1,354,133026,7302347
Brazil,South America,2021-05-08,213000000,73,25660,1,356,144450,7446797
Brazil,South America,2021-05-09,213000000,72,25732,1,357,128241,7575038
Brazil,South America,2021-05-10,213000000,76,25808,1,358,169317,7744354
Brazil,South America,2021-05-11,213000000,71,25879,1,359,155563,7899917
Brazil,South America,2021-05-12,213000000,74,25953,1,360,138690,8038607
Brazil,South America,2021-05-13,213000000,86,26039,2,362,169739,8208346
Brazil,South America,2021-05-14,213000000,79,26117,1,363,180870,8389216
Brazil,South America,2021-05-15,213000000,82,26199,1,363,153730,8542946
Brazil,South America,2021-05-16,213000000,89,26288,2,365,149388,8692334
Brazil,South America,2021-05-17,213000000,86,26374,2,367,177800,8870135
Brazil,South America,2021-05-18,213000000,75,26449,1,368,158097,9028232
Brazil,South America,2021-05-19,213000000,70,26520,1,369,177248,9205479
Brazil,South America,2021-05-20,213000000,92,26611,1,370,191051,9396530
Brazil,South America,2021-05-21,213000000,72,26683,1,371,197367,9593897
Brazil,South America,2021-05-22,213000000,70,26753,1,372,170398,9764296
Brazil,South America,2021-05-23,213000000,65,26818,1,373,175054,9939350
Brazil,South America,2021-05-24,213000000,68,26886,1,374,169210,10108560
Brazil,South America,2021-05-25,213000000,87,26973,1,375,163883,10272443
Brazil,South America,2021-05-26,213000000,65,27037,1,375,188598,10461041
Brazil,South America,2021-05-27,213000000,58,27096,1,376,166551,10627592
Brazil,South America,2021-05-28,213000000,98,27194,1,378,199296,10826887
Brazil,South America,2021-05-29,213000000,90,27284,1,379,190188,11017075
Brazil,South America,2021-05-30,213000000,75,27359,1,380,219457,11236532
Brazil,South America,2021-05-31,213000000,80,27439,1,381,193944,11430476
Brazil,South America,2021-06-01,213000000,82,27520,1,382,213261,11643738
Brazil,South America,2021-06-02,213000000,84,27605,2,384,195144,11838881
Brazil,South America,2021-06-03,213000000,51,27656,1,385,211427,12050308
Brazil,South America,2021-06-04,213000000,73,27729,1,385,223471,12273779
Brazil,South America,2021-06-05,213000000,70,27799,1,386,198368,12472148
Brazil,South America,2021-06-06,213000000,79,27877,1,388,187076,12659224
Brazil,South America,2021-06-07,213000000,82,27959,1,389,236506,12895730
Brazil,South America,2021-06-08,213000000,94,28053,1,390,195923,13091653
Brazil,South America,2021-06-09,213000000,93,28146,1,391,191440,13283093
Brazil,South America,2021-06-10,213000000,78,28224,1,392,199814,13482908
Brazil,South America,2021-06-11,213000000,78,28302,1,393,193046,13675954
Brazil,South America,2021-06-12,213000000,98,28400,1,394,244883,13920837
Brazil,South America,2021-06-13,213000000,64,28463,1,395,215525,14136363
Brazil,South America,2021-06-14,213000000,79,28542,1,396,251800,14388163
Brazil,South America,2021-06-15,213000000,68,28611,1,397,191017,14579180
Brazil,South America,2021-06-16,213000000,92,28702,1,398,241781,14820961
Brazil,South America,2021-06-17,213000000,79,28781,1,399,220271,15041231
Brazil,South America,2021-06-18,213000000,67,28847,1,399,246106,15287338
Brazil,South America,2021-06-19,213000000,78,28926,1,401,226927,15514265
Brazil,South America,2021-06-20,213000000,91,29017,1,402,256930,15771195
Brazil,South America,2021-06-21,213000000,76,29093,1,403,261523,16032717
Brazil,South America,2021-06-22,213000000,89,29182,2,405,234096,16266813
Brazil,South America,2021-06-23,213000000,59,29241,1,406,209896,16476709
Brazil,South America,2021-06-24,213000000,76,29317,1,407,221247,16697957
Brazil,South America,2021-06-25,213000000,72,29389,1,408,206458,16904415
Brazil,South America,2021-06-26,213000000,61,29451,1,409,209799,17114214
Brazil,South America,2021-06-27,213000000,78,29528,1,410,223911,17338126
Brazil,South America,2021-06-28,213000000,66,29595,1,411,212806,17550932
Brazil,South America,2021-06-29,213000000,78,29673,1,412,274444,17825376
Brazil,South America,2021-06-30,213000000,86,29759,1,413,268818,18094194
Brazil,South America,2021-07-01,213000000,77,29835,1,414,243653,18337847
Brazil,South America,2021-07-02,213000000,81,29916,1,415,266222,18604069
Brazil,South America,2021-07-03,213000000,104,30020,1,416,225410,18829480
Brazil,South America,2021-07-04,213000000,108,30128,2,419,278333,19107813
Brazil,South America,2021-07-05,213000000,111,30239,1,420,256374,19364187
Brazil,South America,2021-07-06,213000000,80,30319,1,421,255580,19619767
Brazil,South America,2021-07-07,213000000,96,30415,1,422,246913,19866680
Brazil,South America,2021-07-08,213000000,73,30488,1,423,251848,20118527
Brazil,South America,2021-07-09,213000000,79,30568,1,424,264351,20382878
Brazil,South America,2021-07-10,213000000,99,30666,1,426,283867,20666745
Brazil,South America,2021-07-11,213000000,71,30737,1,427,242265,20909010
Brazil,South America,2021-07-12,213000000,72,30809,1,427,273912,21182922
Brazil,South America,2021-07-13,213000000,45,30854,1,428,269109,21452031
Brazil,South America,2021-07-14,213000000,87,30942,2,430,236067,21688098
Brazil,South America,2021-07-15,213000000,93,31035,1,431,283286,21971384
Brazil,South America,2021-07-16,213000000,83,31118,1,432,234420,22205804
Brazil,South America,2021-07-17,213000000,53,31170,1,433,247633,22453437
Brazil,South America,2021-07-18,213000000,69,31240,1,434,306397,22759835
Brazil,South America,2021-07-19,213000000,71,31311,1,436,308362,23068197
Brazil,South America,2021-07-20,213000000,65,31376,1,437,257014,23325211
Brazil,South America,2021-07-21,213000000,103,31479,1,438,292029,23617240
Brazil,South America,2021-07-22,213000000,83,31562,1,438,236736,23853976
Brazil,South America,2021-07-23,213000000,61,31623,1,439,274058,24128034
Brazil,South America,2021-07-24,213000000,65,31689,1,440,250363,24378397
Brazil,South America,2021-07-25,213000000,64,31752,1,441,316983,24695380
Brazil,South America,2021-07-26,213000000,54,31807,1,441,292944,24988324
Brazil,South America,2021-07-27,213000000,89,31895,1,442,293605,25281929
Brazil,South America,2021-07-28,213000000,98,31993,1,443,287839,25569768
Brazil,South America,2021-07-29,213000000,69,32062,1,444,241161,25810929
Brazil,South America,2021-07-30,213000000,87,32150,2,446,278284,26089213
Brazil,South America,2021-07-31,213000000,74,32223,1,447,246322,26335535
Brazil,South America,2021-08-01,213000000,75,32298,1,448,270495,26606030
Brazil,South America,2021-08-02,213000000,88,32387,1,449,266374,26872404
Brazil,South America,2021-08-03,213000000,105,32491,1,450,260660,27133064
Brazil,South America,2021-08-04,213000000,98,32589,1,451,274569,27407634
Brazil,South America,2021-08-05,213000000,70,32659,1,452,327834,27735467
Brazil,South America,2021-08-06,213000000,65,32724,1,453,311610,28047078
Brazil,South America,2021-08-07,213000000,68,32792,1,454,318280,28365358
Brazil,South America,2021-08-08,213000000,94,32886,1,455,251120,28616478
Brazil,South America,2021-08-09,213000000,66,32952,1,456,247339,28863817
Brazil,South America,2021-08-10,213000000,58,33010,1,457,313952,29177770
Brazil,South America,2021-08-11,213000000,67,33077,1,458,318713,29496483
Brazil,South America,2021-08-12,213000000,72,33149,1,459,309095,29805578
Brazil,South America,2021-08-13,213000000,57,33205,1,460,268740,30074318
Brazil,South America,2021-08-14,213000000,90,33295,2,462,263315,30337633
Brazil,South America,2021-08-15,213000000,95,33390,2,464,300285,30637918
Brazil,South America,2021-08-16,213000000,74,33464,1,465,301939,30939857
Brazil,South America,2021-08-17,213000000,56,33521,1,466,301717,31241574
Brazil,South America,2021-08-18,213000000,80,33601,1,466,272469,31514043
Brazil,South America,2021-08-19,213000000,102,33703,1,468,279934,31793977
Brazil,South America,2021-08-20,213000000,76,33779,1,469,275858,32069835
Brazil,South America,2021-08-21,213000000,60,33839,1,470,265252,32335087
Brazil,South America,2021-08-22,213000000,69,33908,1,471,326216,32661303
Brazil,South America,2021-08-23,213000000,79,33987,1,472,264550,32925853
Brazil,South America,2021-08-24,213000000,87,34073,1,473,312928,33238780
Brazil,South America,2021-08-25,213000000,80,34153,1,475,302898,33541678
Brazil,South America,2021-08-26,213000000,76,34229,1,475,294984,33836662
Brazil,South America,2021-08-27,213000000,71,34299,1,476,305483,34142145
Brazil,South America,2021-08-28,213000000,79,34378,1,477,271402,34413547
Brazil,South America,2021-08-29,213000000,65,34443,1,478,270237,34683784
Brazil,South America,2021-08-30,213000000,74,34517,1,479,267152,34950936
Brazil,South America,2021-08-31,213000000,85,34602,1,480,336864,35287800
Brazil,South America,2021-09-01,213000000,78,34680,1,481,268513,35556313
Brazil,South America,2021-09-02,213000000,85,34765,1,482,282166,35838479
Brazil,South America,2021-09-03,213000000,68,34833,1,483,345259,36183738
Brazil,South America,2021-09-04,213000000,66,34898,1,484,335871,36519609
Brazil,South America,2021-09-05,213000000,65,34964,1,485,285012,36804621
Brazil,South America,2021-09-06,213000000,75,35039,1,486,291454,37096075
Brazil,South America,2021-09-07,213000000,75,35114,1,487,324554,37420629
Brazil,South America,2021-09-08,213000000,69,35183,1,488,337843,37758472
Brazil,South America,2021-09-09,213000000,85,35268,1,488,321115,38079587
Brazil,South America,2021-09-10,213000000,84,35352,2,490,345667,38425254
Brazil,South America,2021-09-11,213000000,64,35416,1,491,338198,38763451
Brazil,South America,2021-09-12,213000000,69,35485,1,492,304644,39068095
Brazil,South America,2021-09-13,213000000,68,35554,1,493,348464,39416559
Brazil,South America,2021-09-14,213000000,63,35616,1,494,291654,39708213
Brazil,South America,2021-09-15,213000000,61,35678,1,495,296474,40004687
Brazil,South America,2021-09-16,213000000,69,35746,1,496,296354,40301040
Brazil,South America,2021-09-17,213000000,80,35826,1,497,288562,40589602
Brazil,South America,2021-09-18,213000000,81,35907,1,498,275553,40865155
Brazil,South America,2021-09-19,213000000,64,35971,1,499,345239,41210394
Brazil,South America,2021-09-20,213000000,68,36039,1,501,306324,41516718
Brazil,South America,2021-09-21,213000000,59,36098,1,502,341391,41858109
Brazil,South America,2021-09-22,213000000,66,36164,1,502,304316,42162426
Brazil,South America,2021-09-23,213000000,69,36233,1,503,274703,42437128
Brazil,South America,2021-09-24,213000000,50,36283,1,504,342266,42779395
Brazil,South America,2021-09-25,213000000,63,36346,1,505,316875,43096270
Brazil,South America,2021-09-26,213000000,76,36423,1,505,336869,43433139
Brazil,South America,2021-09-27,213000000,52,36475,1,506,283394,43716533
Brazil,South America,2021-09-28,213000000,67,36543,1,507,321556,44038090
Brazil,South America,2021-09-29,213000000,65,36607,1,508,297256,44335346
Brazil,South America,2021-09-30,213000000,58,36665,1,508,322868,44658214
Brazil,South America,2021-10-01,213000000,70,36736,1,509,336806,44995020
Brazil,South America,2021-10-02,213000000,76,36811,1,511,286540,45281560
Brazil,South America,2021-10-03,213000000,54,36866,1,511,331121,45612682
Brazil,South America,2021-10-04,213000000,59,36924,1,512,358409,45971091
Brazil,South America,2021-10-05,213000000,51,36975,0,513,344495,46315586
Brazil,South America,2021-10-06,213000000,65,37041,1,514,326332,46641918
Brazil,South America,2021-10-07,213000000,67,37108,1,515,273371,46915289
Brazil,South America,2021-10-08,213000000,69,37177,1,516,348773,47264062
Brazil,South America,2021-10-09,213000000,68,37245,1,517,359138,47623200
Brazil,South America,2021-10-10,213000000,47,37293,0,517,323512,47946712
Brazil,South America,2021-10-11,213000000,64,37356,1,518,291040,48237752
Brazil,South America,2021-10-12,213000000,52,37408,1,519,355687,48593439
Brazil,South America,2021-10-13,213000000,54,37462,1,520,316559,48909998
Brazil,South America,2021-10-14,213000000,55,37517,1,521,283103,49193101
Brazil,South America,2021-10-15,213000000,47,37564,0,521,334283,49527384
Brazil,South America,2021-10-16,213000000,63,37627,1,522,341249,49868633
Brazil,South America,2021-10-17,213000000,52,37679,1,523,363240,50231873
Brazil,South America,2021-10-18,213000000,41,37720,0,523,297803,50529676
Brazil,South America,2021-10-19,213000000,63,37783,1,524,357047,50886723
Brazil,South America,2021-10-20,213000000,39,37822,0,524,355362,51242086
Brazil,South America,2021-10-21,213000000,57,37879,1,525,286211,51528297
Brazil,South America,2021-10-22,213000000,48,37928,1,526,313443,51841740
Brazil,South America,2021-10-23,213000000,55,37983,1,527,288335,52130075
Brazil,South America,2021-10-24,213000000,57,38040,1,528,279363,52409438
Brazil,South America,2021-10-25,213000000,64,38104,1,528,283044,52692482
Brazil,South America,2021-10-26,213000000,50,38154,1,529,289549,52982032
Brazil,South America,2021-10-27,213000000,63,38217,1,530,335540,53317572
Brazil,South America,2021-10-28,213000000,42,38259,1,531,331045,53648617
Brazil,South America,2021-10-29,213000000,59,38318,1,532,350653,53999270
Brazil,South America,2021-10-30,213000000,50,38368,1,533,286787,54286057
Brazil,South America,2021-10-31,213000000,59,38427,1,534,365579,54651636
Brazil,South America,2021-11-01,213000000,59,38486,1,535,294655,54946291
Brazil,South America,2021-11-02,213000000,48,38535,1,536,358612,55304903
Brazil,South America,2021-11-03,213000000,50,38585,1,536,331944,55636848
Brazil,South America,2021-11-04,213000000,36,38621,0,537,344659,55981507
Brazil,South America,2021-11-05,213000000,34,38655,1,537,361898,56343405
Brazil,South America,2021-11-06,213000000,49,38704,1,538,296027,56639432
Brazil,South America,2021-11-07,213000000,47,38751,0,538,297573,56937005
Brazil,South America,2021-11-08,213000000,49,38800,1,539,296621,57233626
Brazil,South America,2021-11-09,213000000,52,38852,1,540,274719,57508345
Brazil,South America,2021-11-10,213000000,56,38908,1,541,351133,57859478
Brazil,South America,2021-11-11,213000000,36,38944,0,541,334831,58194309
Brazil,South America,2021-11-12,213000000,56,39000,1,542,273871,58468180
Brazil,South America,2021-11-13,213000000,34,39034,1,542,298233,58766414
Brazil,South America,2021-11-14,213000000,40,39074,1,543,365204,59131618
Brazil,South America,2021-11-15,213000000,38,39113,1,544,320815,59452432
Brazil,South America,2021-11-16,213000000,41,39154,1,544,365281,59817713
Brazil,South America,2021-11-17,213000000,45,39199,0,545,301397,60119109
Brazil,South America,2021-11-18,213000000,41,39240,1,546,309059,60428168
Brazil,South America,2021-11-19,213000000,39,39279,0,546,305656,60733824
Brazil,South America,2021-11-20,213000000,42,39321,1,547,288810,61022634
Brazil,South America,2021-11-21,213000000,42,39363,1,547,351879,61374513
Brazil,South America,2021-11-22,213000000,39,39402,0,548,284488,61659000
Brazil,South America,2021-11-23,213000000,39,39441,1,548,362422,62021423
Brazil,South America,2021-11-24,213000000,47,39489,1,549,341280,62362703
Brazil,South America,2021-11-25,213000000,40,39528,1,550,289824,62652526
Brazil,South America,2021-11-26,213000000,47,39575,0,550,307960,62960487
Brazil,South America,2021-11-27,213000000,31,39606,0,550,369208,63329695
Brazil,South America,2021-11-28,213000000,46,39652,1,551,350006,63679701
Brazil,South America,2021-11-29,213000000,37,39690,1,552,358768,64038469
Brazil,South America,2021-11-30,213000000,47,39737,1,552,313569,64352038
Brazil,South America,2021-12-01,213000000,29,39766,0,553,282381,64634418
Brazil,South America,2021-12-02,213000000,33,39798,1,553,304279,64938697
Brazil,South America,2021-12-03,213000000,33,39831,0,554,289127,65227825
Brazil,South America,2021-12-04,213000000,34,39865,1,554,287374,65515199
Brazil,South America,2021-12-05,213000000,41,39906,0,555,275457,65790655
Brazil,South America,2021-12-06,213000000,29,39935,0,555,274290,66064945
Brazil,South America,2021-12-07,213000000,46,39981,1,556,342952,66407897
Brazil,South America,2021-12-08,213000000,43,40024,0,556,352183,66760079
Brazil,South America,2021-12-09,213000000,32,40056,0,557,294045,67054124
Brazil,South America,2021-12-10,213000000,37,40092,1,557,313876,67368001
Brazil,South America,2021-12-11,213000000,26,40119,0,557,357531,67725532
Brazil,South America,2021-12-12,213000000,30,40148,0,558,293533,68019064
Brazil,South America,2021-12-13,213000000,41,40190,1,559,308500,68327564
Brazil,South America,2021-12-14,213000000,32,40222,0,559,328557,68656121
Brazil,South America,2021-12-15,213000000,32,40254,1,560,351310,69007431
Brazil,South America,2021-12-16,213000000,39,40293,1,560,321530,69328960
Brazil,South America,2021-12-17,213000000,29,40321,0,560,318817,69647778
Brazil,South America,2021-12-18,213000000,31,40353,0,561,366075,70013853
Brazil,South America,2021-12-19,213000000,29,40382,0,561,335097,70348949
Brazil,South America,2021-12-20,213000000,25,40406,0,562,283637,70632587
Brazil,South America,2021-12-21,213000000,30,40436,0,562,317303,70949890
Brazil,South America,2021-12-22,213000000,26,40462,0,562,313413,71263303
Brazil,South America,2021-12-23,213000000,31,40493,1,563,342865,71606168
Brazil,South America,2021-12-24,213000000,30,40523,0,563,369425,71975593
Brazil,South America,2021-12-25,213000000,17,40539,0,563,301801,72277394
Brazil,South America,2021-12-26,213000000,23,40563,0,564,291123,72568517
Brazil,South America,2021-12-27,213000000,28,40590,0,564,297988,72866505
Brazil,South America,2021-12-28,213000000,30,40620,0,565,333736,73200241
Brazil,South America,2021-12-29,213000000,29,40649,1,565,281890,73482131
Brazil,South America,2021-12-30,213000000,21,40670,0,566,311998,73794129
Brazil,South America,2021-12-31,213000000,22,40692,0,566,340618,74134747
Brazil,South America,2022-01-01,213000000,22,40715,0,566,314153,74448900
Brazil,South America,2022-01-02,213000000,22,40737,0,567,276268,74725168
Brazil,South America,2022-01-03,213000000,20,40756,0,567,340263,75065431
Brazil,South America,2022-01-04,213000000,19,40776,0,567,288605,75354035
Brazil,South America,2022-01-05,213000000,25,40801,0,567,278770,75632806
Brazil,South America,2022-01-06,213000000,21,40822,0,568,304367,75937172
Brazil,South America,2022-01-07,213000000,27,40849,0,568,313245,76250417
Brazil,South America,2022-01-08,213000000,20,40870,0,569,313857,76564274
Brazil,South America,2022-01-09,213000000,22,40891,0,569,362444,76926718
Brazil,South America,2022-01-10,213000000,27,40918,0,569,365250,77291969
Brazil,South America,2022-01-11,213000000,23,40941,0,570,352543,77644512
Brazil,South America,2022-01-12,213000000,23,40964,0,570,302567,77947079
Brazil,South America,2022-01-13,213000000,21,40986,0,570,337083,78284162
Brazil,South America,2022-01-14,213000000,17,41002,0,570,367650,78651812
Brazil,South America,2022-01-15,213000000,20,41023,0,571,339136,78990948
Brazil,South America,2022-01-16,213000000,19,41042,0,571,275897,79266846
Brazil,South America,2022-01-17,213000000,14,41055,0,571,281624,79548470
Brazil,South America,2022-01-18,213000000,25,41081,0,572,323416,79871886
Brazil,South America,2022-01-19,213000000,19,41100,0,572,337492,80209378
Brazil,South America,2022-01-20,213000000,23,41123,0,572,359236,80568614
Brazil,South America,2022-01-21,213000000,15,41138,0,572,324932,80893546
Brazil,South America,2022-01-22,213000000,19,41157,0,573,335463,81229009
Brazil,South America,2022-01-23,213000000,20,41177,0,573,369617,81598627
Brazil,South America,2022-01-24,213000000,16,41193,0,573,318828,81917455
Brazil,South America,2022-01-25,213000000,16,41209,0,573,327694,82245148
Brazil,South America,2022-01-26,213000000,18,41226,0,574,315270,82560419
Brazil,South America,2022-01-27,213000000,18,41245,0,574,344569,82904988
Brazil,South America,2022-01-28,213000000,15,41260,0,574,335190,83240178
Brazil,South America,2022-01-29,213000000,19,41279,0,574,336761,83576940
Brazil,South America,2022-01-30,213000000,14,41293,0,574,343995,83920935
Brazil,South America,2022-01-31,213000000,16,41310,0,574,316259,84237193
United Kingdom,Europe,2020-02-01,67000000,6,6,0,0,0,0
United Kingdom,Europe,2020-02-02,67000000,6,12,0,0,0,0
United Kingdom,Europe,2020-02-03,67000000,6,18,0,0,0,0
United Kingdom,Europe,2020-02-04,67000000,6,24,0,0,0,0
United Kingdom,Europe,2020-02-05,67000000,6,29,0,0,0,0
United Kingdom,Europe,2020-02-06,67000000,6,35,0,0,0,0
United Kingdom,Europe,2020-02-07,67000000,7,42,0,1,0,0
United Kingdom,Europe,2020-02-08,67000000,6,48,0,1,0,0
United Kingdom,Europe,2020-02-09,67000000,6,54,0,1,0,0
United Kingdom,Europe,2020-02-10,67000000,8,62,0,1,0,0
United Kingdom,Europe,2020-02-11,67000000,6,68,0,1,0,0
United Kingdom,Europe,2020-02-12,67000000,4,72,0,1,0,0
United Kingdom,Europe,2020-02-13,67000000,6,78,0,1,0,0
United Kingdom,Europe,2020-02-14,67000000,6,84,0,1,0,0
United Kingdom,Europe,2020-02-15,67000000,7,91,0,1,0,0
United Kingdom,Europe,2020-02-16,67000000,7,98,0,1,0,0
United Kingdom,Europe,2020-02-17,67000000,5,103,0,1,0,0
United Kingdom,Europe,2020-02-18,67000000,7,110,0,1,0,0
United Kingdom,Europe,2020-02-19,67000000,7,117,0,1,0,0
United Kingdom,Europe,2020-02-20,67000000,7,123,0,2,0,0
United Kingdom,Europe,2020-02-21,67000000,5,129,0,2,0,0
United Kingdom,Europe,2020-02-22,67000000,9,137,0,2,0,0
United Kingdom,Europe,2020-02-23,67000000,7,144,0,2,0,0
United Kingdom,Europe,2020-02-24,67000000,8,152,0,2,0,0
United Kingdom,Europe,2020-02-25,67000000,7,159,0,2,0,0
United Kingdom,Europe,2020-02-26,67000000,8,167,0,2,0,0
United Kingdom,Europe,2020-02-27,67000000,7,174,0,2,0,0
United Kingdom,Europe,2020-02-28,67000000,8,182,0,2,0,0
United Kingdom,Europe,2020-02-29,67000000,8,190,0,2,0,0
United Kingdom,Europe,2020-03-01,67000000,7,197,0,2,0,0
United Kingdom,Europe,2020-03-02,67000000,8,205,0,3,0,0
United Kingdom,Europe,2020-03-03,67000000,8,213,0,3,0,0
United Kingdom,Europe,2020-03-04,67000000,9,222,0,3,0,0
United Kingdom,Europe,2020-03-05,67000000,10,231,0,3,0,0
United Kingdom,Europe,2020-03-06,67000000,7,238,0,3,0,0
United Kingdom,Europe,2020-03-07,67000000,10,248,0,3,0,0
United Kingdom,Europe,2020-03-08,67000000,7,255,0,3,0,0
United Kingdom,Europe,2020-03-09,67000000,10,265,0,3,0,0
United Kingdom,Europe,2020-03-10,67000000,10,274,0,4,0,0
United Kingdom,Europe,2020-03-11,67000000,8,283,0,4,0,0
United Kingdom,Europe,2020-03-12,67000000,8,291,0,4,0,0
United Kingdom,Europe,2020-03-13,67000000,8,299,0,4,0,0
United Kingdom,Europe,2020-03-14,67000000,9,309,0,4,0,0
United Kingdom,Europe,2020-03-15,67000000,10,319,0,4,0,0
United Kingdom,Europe,2020-03-16,67000000,9,328,0,4,0,0
United Kingdom,Europe,2020-03-17,67000000,7,335,0,4,0,0
United Kingdom,Europe,2020-03-18,67000000,9,344,0,5,0,0
United Kingdom,Europe,2020-03-19,67000000,9,353,0,5,0,0
United Kingdom,Europe,2020-03-20,67000000,11,364,0,5,0,0
United Kingdom,Europe,2020-03-21,67000000,11,375,0,5,0,0
United Kingdom,Europe,2020-03-22,67000000,11,385,0,5,0,0
United Kingdom,Europe,2020-03-23,67000000,12,397,0,5,0,0
United Kingdom,Europe,2020-03-24,67000000,12,409,0,5,0,0
United Kingdom,Europe,2020-03-25,67000000,10,419,0,6,0,0
United Kingdom,Europe,2020-03-26,67000000,9,428,0,6,0,0
United Kingdom,Europe,2020-03-27,67000000,11,439,0,6,0,0
United Kingdom,Europe,2020-03-28,67000000,8,447,0,6,0,0
United Kingdom,Europe,2020-03-29,67000000,11,459,0,6,0,0
United Kingdom,Europe,2020-03-30,67000000,10,469,0,6,0,0
United Kingdom,Europe,2020-03-31,67000000,17,485,0,7,0,0
United Kingdom,Europe,2020-04-01,67000000,14,499,0,7,0,0
United Kingdom,Europe,2020-04-02,67000000,10,510,0,7,0,0
United Kingdom,Europe,2020-04-03,67000000,10,519,0,7,0,0
United Kingdom,Europe,2020-04-04,67000000,11,530,0,7,0,0
United Kingdom,Europe,2020-04-05,67000000,14,544,0,7,0,0
United Kingdom,Europe,2020-04-06,67000000,14,557,0,7,0,0
United Kingdom,Europe,2020-04-07,67000000,15,572,0,8,0,0
United Kingdom,Europe,2020-04-08,67000000,11,583,0,8,0,0
United Kingdom,Europe,2020-04-09,67000000,13,596,0,8,0,0
United Kingdom,Europe,2020-04-10,67000000,11,607,0,8,0,0
United Kingdom,Europe,2020-04-11,67000000,16,622,0,8,0,0
United Kingdom,Europe,2020-04-12,67000000,11,633,0,9,0,0
United Kingdom,Europe,2020-04-13,67000000,10,644,0,9,0,0
United Kingdom,Europe,2020-04-14,67000000,11,655,0,9,0,0
United Kingdom,Europe,2020-04-15,67000000,13,668,0,9,0,0
United Kingdom,Europe,2020-04-16,67000000,14,682,0,9,0,0
United Kingdom,Europe,2020-04-17,67000000,14,696,0,9,0,0
United Kingdom,Europe,2020-04-18,67000000,11,708,0,10,0,0
United Kingdom,Europe,2020-04-19,67000000,13,720,0,10,0,0
United Kingdom,Europe,2020-04-20,67000000,13,733,0,10,0,0
United Kingdom,Europe,2020-04-21,67000000,11,744,0,10,0,0
United Kingdom,Europe,2020-04-22,67000000,13,757,0,10,0,0
United Kingdom,Europe,2020-04-23,67000000,17,773,0,11,0,0
United Kingdom,Europe,2020-04-24,67000000,11,785,0,11,0,0
United Kingdom,Europe,2020-04-25,67000000,14,799,0,11,0,0
United Kingdom,Europe,2020-04-26,67000000,17,816,0,11,0,0
United Kingdom,Europe,2020-04-27,67000000,17,833,0,12,0,0
United Kingdom,Europe,2020-04-28,67000000,18,851,0,12,0,0
United Kingdom,Europe,2020-04-29,67000000,15,866,0,12,0,0
United Kingdom,Europe,2020-04-30,67000000,16,882,0,12,0,0
United Kingdom,Europe,2020-05-01,67000000,14,895,0,12,0,0
United Kingdom,Europe,2020-05-02,67000000,12,907,0,13,0,0
United Kingdom,Europe,2020-05-03,67000000,15,922,0,13,0,0
United Kingdom,Europe,2020-05-04,67000000,17,939,0,13,0,0
United Kingdom,Europe,2020-05-05,67000000,10,949,0,13,0,0
United Kingdom,Europe,2020-05-06,67000000,14,963,0,13,0,0
United Kingdom,Europe,2020-05-07,67000000,16,980,0,14,0,0
United Kingdom,Europe,2020-05-08,67000000,15,995,0,14,0,0
United Kingdom,Europe,2020-05-09,67000000,18,1013,0,14,0,0
United Kingdom,Europe,2020-05-10,67000000,18,1031,0,14,0,0
United Kingdom,Europe,2020-05-11,67000000,12,1044,0,15,0,0
United Kingdom,Europe,2020-05-12,67000000,16,1060,0,15,0,0
United Kingdom,Europe,2020-05-13,67000000,14,1074,0,15,0,0
United Kingdom,Europe,2020-05-14,67000000,14,1088,0,15,0,0
United Kingdom,Europe,2020-05-15,67000000,13,1101,0,15,0,0
United Kingdom,Europe,2020-05-16,67000000,17,1117,0,16,0,0
United Kingdom,Europe,2020-05-17,67000000,19,1136,0,16,0,0
United Kingdom,Europe,2020-05-18,67000000,17,1153,0,16,0,0
United Kingdom,Europe,2020-05-19,67000000,13,1166,0,16,0,0
United Kingdom,Europe,2020-05-20,67000000,16,1183,0,17,0,0
United Kingdom,Europe,2020-05-21,67000000,18,1200,0,17,0,0
United Kingdom,Europe,2020-05-22,67000000,16,1217,0,17,0,0
United Kingdom,Europe,2020-05-23,67000000,17,1234,0,17,0,0
United Kingdom,Europe,2020-05-24,67000000,15,1249,0,18,0,0
United Kingdom,Europe,2020-05-25,67000000,16,1266,0,18,0,0
United Kingdom,Europe,2020-05-26,67000000,16,1282,0,18,0,0
United Kingdom,Europe,2020-05-27,67000000,21,1302,0,19,0,0
United Kingdom,Europe,2020-05-28,67000000,14,1317,0,19,0,0
United Kingdom,Europe,2020-05-29,67000000,12,1329,0,19,0,0
United Kingdom,Europe,2020-05-30,67000000,21,1349,0,19,0,0
United Kingdom,Europe,2020-05-31,67000000,18,1367,0,19,0,0
United Kingdom,Europe,2020-06-01,67000000,14,1381,0,20,0,0
United Kingdom,Europe,2020-06-02,67000000,20,1401,0,20,0,0
United Kingdom,Europe,2020-06-03,67000000,19,1420,0,20,0,0
United Kingdom,Europe,2020-06-04,67000000,22,1442,0,20,0,0
United Kingdom,Europe,2020-06-05,67000000,18,1460,0,21,0,0
United Kingdom,Europe,2020-06-06,67000000,24,1484,0,21,0,0
United Kingdom,Europe,2020-06-07,67000000,17,1502,0,21,0,0
United Kingdom,Europe,2020-06-08,67000000,19,1521,0,21,0,0
United Kingdom,Europe,2020-06-09,67000000,20,1541,0,22,0,0
United Kingdom,Europe,2020-06-10,67000000,26,1567,0,22,0,0
United Kingdom,Europe,2020-06-11,67000000,17,1584,0,22,0,0
United Kingdom,Europe,2020-06-12,67000000,17,1601,0,22,0,0
United Kingdom,Europe,2020-06-13,67000000,20,1621,0,23,0,0
United Kingdom,Europe,2020-06-14,67000000,15,1636,0,23,0,0
United Kingdom,Europe,2020-06-15,67000000,16,1652,0,23,0,0
United Kingdom,Europe,2020-06-16,67000000,18,1670,0,24,0,0
United Kingdom,Europe,2020-06-17,67000000,23,1693,0,24,0,0
United Kingdom,Europe,2020-06-18,67000000,20,1714,0,24,0,0
United Kingdom,Europe,2020-06-19,67000000,19,1732,0,24,0,0
United Kingdom,Europe,2020-06-20,67000000,17,1749,0,25,0,0
United Kingdom,Europe,2020-06-21,67000000,13,1762,0,25,0,0
United Kingdom,Europe,2020-06-22,67000000,24,1787,0,25,0,0
United Kingdom,Europe,2020-06-23,67000000,19,1805,0,26,0,0
United Kingdom,Europe,2020-06-24,67000000,17,1822,0,26,0,0
United Kingdom,Europe,2020-06-25,67000000,25,1847,0,26,0,0
United Kingdom,Europe,2020-06-26,67000000,15,1862,0,26,0,0
United Kingdom,Europe,2020-06-27,67000000,23,1885,0,27,0,0
United Kingdom,Europe,2020-06-28,67000000,19,1904,0,27,0,0
United Kingdom,Europe,2020-06-29,67000000,21,1925,0,27,0,0
United Kingdom,Europe,2020-06-30,67000000,21,1946,0,28,0,0
United Kingdom,Europe,2020-07-01,67000000,21,1967,0,28,0,0
United Kingdom,Europe,2020-07-02,67000000,26,1993,0,28,0,0
United Kingdom,Europe,2020-07-03,67000000,25,2018,0,28,0,0
United Kingdom,Europe,2020-07-04,67000000,17,2036,0,29,0,0
United Kingdom,Europe,2020-07-05,67000000,21,2056,0,29,0,0
United Kingdom,Europe,2020-07-06,67000000,14,2071,0,29,0,0
United Kingdom,Europe,2020-07-07,67000000,22,2093,0,30,0,0
United Kingdom,Europe,2020-07-08,67000000,23,2115,0,30,0,0
United Kingdom,Europe,2020-07-09,67000000,13,2128,0,30,0,0
United Kingdom,Europe,2020-07-10,67000000,19,2148,0,30,0,0
United Kingdom,Europe,2020-07-11,67000000,22,2169,0,31,0,0
United Kingdom,Europe,2020-07-12,67000000,21,2190,0,31,0,0
United Kingdom,Europe,2020-07-13,67000000,16,2206,0,31,0,0
United Kingdom,Europe,2020-07-14,67000000,16,2222,0,32,0,0
United Kingdom,Europe,2020-07-15,67000000,19,2242,0,32,0,0
United Kingdom,Europe,2020-07-16,67000000,18,2260,0,32,0,0
United Kingdom,Europe,2020-07-17,67000000,19,2279,0,32,0,0
United Kingdom,Europe,2020-07-18,67000000,16,2295,0,33,0,0
United Kingdom,Europe,2020-07-19,67000000,20,2314,0,33,0,0
United Kingdom,Europe,2020-07-20,67000000,25,2339,0,33,0,0
United Kingdom,Europe,2020-07-21,67000000,16,2355,0,34,0,0
United Kingdom,Europe,2020-07-22,67000000,19,2374,0,34,0,0
United Kingdom,Europe,2020-07-23,67000000,22,2396,0,34,0,0
United Kingdom,Europe,2020-07-24,67000000,15,2411,0,35,0,0
United Kingdom,Europe,2020-07-25,67000000,20,2432,0,35,0,0
United Kingdom,Europe,2020-07-26,67000000,23,2455,0,35,0,0
United Kingdom,Europe,2020-07-27,67000000,17,2472,0,36,0,0
United Kingdom,Europe,2020-07-28,67000000,20,2492,0,36,0,0
United Kingdom,Europe,2020-07-29,67000000,23,2515,0,36,0,0
United Kingdom,Europe,2020-07-30,67000000,27,2542,0,37,0,0
United Kingdom,Europe,2020-07-31,67000000,20,2563,0,37,0,0
United Kingdom,Europe,2020-08-01,67000000,18,2581,0,37,0,0
United Kingdom,Europe,2020-08-02,67000000,15,2595,0,38,0,0
United Kingdom,Europe,2020-08-03,67000000,18,2613,0,38,0,0
United Kingdom,Europe,2020-08-04,67000000,16,2629,0,38,0,0
United Kingdom,Europe,2020-08-05,67000000,25,2655,0,38,0,0
United Kingdom,Europe,2020-08-06,67000000,23,2678,0,39,0,0
United Kingdom,Europe,2020-08-07,67000000,17,2694,0,39,0,0
United Kingdom,Europe,2020-08-08,67000000,18,2712,0,39,0,0
United Kingdom,Europe,2020-08-09,67000000,21,2733,0,40,0,0
United Kingdom,Europe,2020-08-10,67000000,24,2757,0,40,0,0
United Kingdom,Europe,2020-08-11,67000000,22,2778,0,40,0,0
United Kingdom,Europe,2020-08-12,67000000,22,2800,0,41,0,0
United Kingdom,Europe,2020-08-13,67000000,21,2821,0,41,0,0
United Kingdom,Europe,2020-08-14,67000000,17,2838,0,41,0,0
United Kingdom,Europe,2020-08-15,67000000,21,2859,0,41,0,0
United Kingdom,Europe,2020-08-16,67000000,20,2879,0,42,0,0
United Kingdom,Europe,2020-08-17,67000000,16,2896,0,42,0,0
United Kingdom,Europe,2020-08-18,67000000,26,2921,0,42,0,0
United Kingdom,Europe,2020-08-19,67000000,19,2940,0,43,0,0
United Kingdom,Europe,2020-08-20,67000000,16,2956,0,43,0,0
United Kingdom,Europe,2020-08-21,67000000,19,2976,0,43,0,0
United Kingdom,Europe,2020-08-22,67000000,20,2996,0,43,0,0
United Kingdom,Europe,2020-08-23,67000000,20,3016,0,44,0,0
United Kingdom,Europe,2020-08-24,67000000,20,3036,0,44,0,0
United Kingdom,Europe,2020-08-25,67000000,21,3057,0,44,0,0
United Kingdom,Europe,2020-08-26,67000000,21,3078,0,45,0,0
United Kingdom,Europe,2020-08-27,67000000,21,3099,0,45,0,0
United Kingdom,Europe,2020-08-28,67000000,22,3121,0,45,0,0
United Kingdom,Europe,2020-08-29,67000000,22,3143,0,46,0,0
United Kingdom,Europe,2020-08-30,67000000,22,3165,0,46,0,0
United Kingdom,Europe,2020-08-31,67000000,23,3189,0,46,0,0
United Kingdom,Europe,2020-09-01,67000000,19,3207,0,47,0,0
United Kingdom,Europe,2020-09-02,67000000,19,3226,0,47,0,0
United Kingdom,Europe,2020-09-03,67000000,24,3250,0,47,0,0
United Kingdom,Europe,2020-09-04,67000000,20,3270,0,47,0,0
United Kingdom,Europe,2020-09-05,67000000,21,3291,0,48,0,0
United Kingdom,Europe,2020-09-06,67000000,20,3311,0,48,0,0
United Kingdom,Europe,2020-09-07,67000000,28,3339,0,48,0,0
United Kingdom,Europe,2020-09-08,67000000,18,3358,0,49,0,0
United Kingdom,Europe,2020-09-09,67000000,18,3376,0,49,0,0
United Kingdom,Europe,2020-09-10,67000000,21,3397,0,49,0,0
United Kingdom,Europe,2020-09-11,67000000,21,3417,0,50,0,0
United Kingdom,Europe,2020-09-12,67000000,18,3435,0,50,0,0
United Kingdom,Europe,2020-09-13,67000000,21,3456,0,50,0,0
United Kingdom,Europe,2020-09-14,67000000,21,3477,0,51,0,0
United Kingdom,Europe,2020-09-15,67000000,20,3497,0,51,0,0
United Kingdom,Europe,2020-09-16,67000000,21,3518,0,51,0,0
United Kingdom,Europe,2020-09-17,67000000,19,3537,0,51,0,0
United Kingdom,Europe,2020-09-18,67000000,18,3554,0,52,0,0
United Kingdom,Europe,2020-09-19,67000000,20,3574,0,52,0,0
United Kingdom,Europe,2020-09-20,67000000,18,3593,0,52,0,0
United Kingdom,Europe,2020-09-21,67000000,17,3610,0,53,0,0
United Kingdom,Europe,2020-09-22,67000000,15,3625,0,53,0,0
United Kingdom,Europe,2020-09-23,67000000,22,3647,0,53,0,0
United Kingdom,Europe,2020-09-24,67000000,20,3668,0,53,0,0
United Kingdom,Europe,2020-09-25,67000000,25,3692,0,54,0,0
United Kingdom,Europe,2020-09-26,67000000,15,3708,0,54,0,0
United Kingdom,Europe,2020-09-27,67000000,20,3728,0,54,0,0
United Kingdom,Europe,2020-09-28,67000000,22,3750,0,55,0,0
United Kingdom,Europe,2020-09-29,67000000,20,3770,0,55,0,0
United Kingdom,Europe,2020-09-30,67000000,22,3792,0,55,0,0
United Kingdom,Europe,2020-10-01,67000000,16,3807,0,56,0,0
United Kingdom,Europe,2020-10-02,67000000,20,3828,0,56,0,0
United Kingdom,Europe,2020-10-03,67000000,19,3847,0,56,0,0
United Kingdom,Europe,2020-10-04,67000000,25,3872,0,56,0,0
United Kingdom,Europe,2020-10-05,67000000,22,3894,0,57,0,0
United Kingdom,Europe,2020-10-06,67000000,24,3918,0,57,0,0
United Kingdom,Europe,2020-10-07,67000000,26,3944,0,57,0,0
United Kingdom,Europe,2020-10-08,67000000,20,3965,0,58,0,0
United Kingdom,Europe,2020-10-09,67000000,22,3987,0,58,0,0
United Kingdom,Europe,2020-10-10,67000000,18,4005,0,58,0,0
United Kingdom,Europe,2020-10-11,67000000,23,4029,0,59,0,0
United Kingdom,Europe,2020-10-12,67000000,24,4052,0,59,0,0
United Kingdom,Europe,2020-10-13,67000000,23,4076,0,59,0,0
United Kingdom,Europe,2020-10-14,67000000,21,4096,0,59,0,0
United Kingdom,Europe,2020-10-15,67000000,28,4124,0,59,0,0
United Kingdom,Europe,2020-10-16,67000000,22,4147,0,60,0,0
United Kingdom,Europe,2020-10-17,67000000,32,4179,1,60,0,0
United Kingdom,Europe,2020-10-18,67000000,19,4197,0,61,0,0
United Kingdom,Europe,2020-10-19,67000000,24,4222,0,61,0,0
United Kingdom,Europe,2020-10-20,67000000,26,4247,0,61,0,0
United Kingdom,Europe,2020-10-21,67000000,19,4266,0,62,0,0
United Kingdom,Europe,2020-10-22,67000000,22,4288,0,62,0,0
United Kingdom,Europe,2020-10-23,67000000,18,4306,0,62,0,0
United Kingdom,Europe,2020-10-24,67000000,27,4332,0,63,0,0
United Kingdom,Europe,2020-10-25,67000000,22,4355,0,63,0,0
United Kingdom,Europe,2020-10-26,67000000,20,4374,0,63,0,0
United Kingdom,Europe,2020-10-27,67000000,26,4400,0,64,0,0
United Kingdom,Europe,2020-10-28,67000000,23,4423,0,64,0,0
United Kingdom,Europe,2020-10-29,67000000,26,4449,0,64,0,0
United Kingdom,Europe,2020-10-30,67000000,24,4473,0,65,0,0
United Kingdom,Europe,2020-10-31,67000000,20,4492,0,65,0,0
United Kingdom,Europe,2020-11-01,67000000,21,4513,0,65,0,0
United Kingdom,Europe,2020-11-02,67000000,20,4533,0,65,0,0
United Kingdom,Europe,2020-11-03,67000000,19,4552,0,66,0,0
United Kingdom,Europe,2020-11-04,67000000,17,4570,0,66,0,0
United Kingdom,Europe,2020-11-05,67000000,30,4600,1,66,0,0
United Kingdom,Europe,2020-11-06,67000000,24,4624,0,67,0,0
United Kingdom,Europe,2020-11-07,67000000,25,4648,0,67,0,0
United Kingdom,Europe,2020-11-08,67000000,27,4675,0,67,0,0
United Kingdom,Europe,2020-11-09,67000000,21,4697,0,67,0,0
United Kingdom,Europe,2020-11-10,67000000,19,4715,0,68,0,0
United Kingdom,Europe,2020-11-11,67000000,26,4741,0,68,0,0
United Kingdom,Europe,2020-11-12,67000000,19,4760,0,68,0,0
United Kingdom,Europe,2020-11-13,67000000,26,4786,0,69,0,0
United Kingdom,Europe,2020-11-14,67000000,18,4804,0,69,0,0
United Kingdom,Europe,2020-11-15,67000000,19,4823,0,69,0,0
United Kingdom,Europe,2020-11-16,67000000,21,4844,0,70,0,0
United Kingdom,Europe,2020-11-17,67000000,26,4870,0,70,0,0
United Kingdom,Europe,2020-11-18,67000000,29,4899,0,70,0,0
United Kingdom,Europe,2020-11-19,67000000,25,4924,0,71,0,0
United Kingdom,Europe,2020-11-20,67000000,21,4946,0,71,0,0
United Kingdom,Europe,2020-11-21,67000000,27,4972,0,72,0,0
United Kingdom,Europe,2020-11-22,67000000,18,4991,0,72,0,0
United Kingdom,Europe,2020-11-23,67000000,20,5011,0,72,0,0
United Kingdom,Europe,2020-11-24,67000000,24,5035,0,72,0,0
United Kingdom,Europe,2020-11-25,67000000,26,5062,0,73,0,0
United Kingdom,Europe,2020-11-26,67000000,23,5085,0,73,0,0
United Kingdom,Europe,2020-11-27,67000000,23,5107,0,74,0,0
United Kingdom,Europe,2020-11-28,67000000,23,5130,0,74,0,0
United Kingdom,Europe,2020-11-29,67000000,28,5158,0,74,0,0
United Kingdom,Europe,2020-11-30,67000000,21,5179,0,75,0,0
United Kingdom,Europe,2020-12-01,67000000,20,5200,0,75,0,0
United Kingdom,Europe,2020-12-02,67000000,23,5223,0,75,0,0
United Kingdom,Europe,2020-12-03,67000000,28,5251,0,76,0,0
United Kingdom,Europe,2020-12-04,67000000,22,5273,0,76,0,0
United Kingdom,Europe,2020-12-05,67000000,23,5296,0,76,0,0
United Kingdom,Europe,2020-12-06,67000000,19,5315,0,77,0,0
United Kingdom,Europe,2020-12-07,67000000,23,5338,0,77,0,0
United Kingdom,Europe,2020-12-08,67000000,25,5363,0,77,0,0
United Kingdom,Europe,2020-12-09,67000000,20,5383,0,78,0,0
United Kingdom,Europe,2020-12-10,67000000,28,5411,0,78,0,0
United Kingdom,Europe,2020-12-11,67000000,25,5437,0,79,0,0
United Kingdom,Europe,2020-12-12,67000000,22,5459,0,79,0,0
United Kingdom,Europe,2020-12-13,67000000,25,5484,0,79,0,0
United Kingdom,Europe,2020-12-14,67000000,26,5510,0,80,0,0
United Kingdom,Europe,2020-12-15,67000000,18,5528,0,80,0,0
United Kingdom,Europe,2020-12-16,67000000,25,5554,1,80,0,0
United Kingdom,Europe,2020-12-17,67000000,29,5583,0,81,0,0
United Kingdom,Europe,2020-12-18,67000000,22,5604,0,81,0,0
United Kingdom,Europe,2020-12-19,67000000,23,5627,0,81,0,0
United Kingdom,Europe,2020-12-20,67000000,23,5650,0,81,0,0
United Kingdom,Europe,2020-12-21,67000000,27,5678,1,82,0,0
United Kingdom,Europe,2020-12-22,67000000,21,5698,0,82,0,0
United Kingdom,Europe,2020-12-23,67000000,26,5725,0,82,0,0
United Kingdom,Europe,2020-12-24,67000000,23,5748,0,83,0,0
United Kingdom,Europe,2020-12-25,67000000,31,5779,0,83,0,0
United Kingdom,Europe,2020-12-26,67000000,24,5803,0,83,0,0
United Kingdom,Europe,2020-12-27,67000000,17,5819,0,84,0,0
United Kingdom,Europe,2020-12-28,67000000,27,5846,1,84,0,0
United Kingdom,Europe,2020-12-29,67000000,26,5873,0,85,0,0
United Kingdom,Europe,2020-12-30,67000000,25,5898,0,85,0,0
United Kingdom,Europe,2020-12-31,67000000,29,5927,0,85,0,0
United Kingdom,Europe,2021-01-01,67000000,19,5946,0,86,0,0
United Kingdom,Europe,2021-01-02,67000000,22,5968,0,86,0,0
United Kingdom,Europe,2021-01-03,67000000,25,5992,0,86,0,0
United Kingdom,Europe,2021-01-04,67000000,25,6018,0,87,0,0
United Kingdom,Europe,2021-01-05,67000000,24,6042,0,87,0,0
United Kingdom,Europe,2021-01-06,67000000,19,6061,0,87,0,0
United Kingdom,Europe,2021-01-07,67000000,23,6084,0,87,0,0
United Kingdom,Europe,2021-01-08,67000000,31,6115,0,88,0,0
United Kingdom,Europe,2021-01-09,67000000,21,6136,0,88,0,0
United Kingdom,Europe,2021-01-10,67000000,25,6161,0,89,0,0
United Kingdom,Europe,2021-01-11,67000000,27,6188,0,89,0,0
United Kingdom,Europe,2021-01-12,67000000,28,6216,0,89,0,0
United Kingdom,Europe,2021-01-13,67000000,27,6243,0,90,0,0
United Kingdom,Europe,2021-01-14,67000000,23,6266,0,90,0,0
United Kingdom,Europe,2021-01-15,67000000,22,6288,0,90,4903,4903
United Kingdom,Europe,2021-01-16,67000000,32,6320,0,91,6446,11349
United Kingdom,Europe,2021-01-17,67000000,30,6350,0,91,6688,18038
United Kingdom,Europe,2021-01-18,67000000,19,6369,0,91,5406,23443
United Kingdom,Europe,2021-01-19,67000000,20,6390,0,92,5360,28803
United Kingdom,Europe,2021-01-20,67000000,17,6407,0,92,7112,35916
United Kingdom,Europe,2021-01-21,67000000,26,6432,0,92,6113,42029
United Kingdom,Europe,2021-01-22,67000000,26,6458,0,92,6157,48186
United Kingdom,Europe,2021-01-23,67000000,26,6484,0,93,7589,55775
United Kingdom,Europe,2021-01-24,67000000,28,6512,1,93,6044,61819
United Kingdom,Europe,2021-01-25,67000000,18,6531,0,93,6404,68223
United Kingdom,Europe,2021-01-26,67000000,27,6557,0,94,8250,76474
United Kingdom,Europe,2021-01-27,67000000,22,6579,0,94,7070,83544
United Kingdom,Europe,2021-01-28,67000000,25,6605,0,95,7453,90996
United Kingdom,Europe,2021-01-29,67000000,23,6628,0,95,7234,98231
United Kingdom,Europe,2021-01-30,67000000,23,6651,0,95,7262,105493
United Kingdom,Europe,2021-01-31,67000000,24,6675,0,96,9209,114702
United Kingdom,Europe,2021-02-01,67000000,18,6693,0,96,7990,122691
United Kingdom,Europe,2021-02-02,67000000,26,6719,0,96,9567,132259
United Kingdom,Europe,2021-02-03,67000000,21,6740,0,97,8435,140694
United Kingdom,Europe,2021-02-04,67000000,29,6769,1,97,7613,148307
United Kingdom,Europe,2021-02-05,67000000,25,6794,0,98,8939,157247
United Kingdom,Europe,2021-02-06,67000000,23,6817,0,98,9770,167017
United Kingdom,Europe,2021-02-07,67000000,23,6840,0,98,8298,175315
United Kingdom,Europe,2021-02-08,67000000,28,6869,1,99,9758,185073
United Kingdom,Europe,2021-02-09,67000000,23,6892,0,99,11473,196546
United Kingdom,Europe,2021-02-10,67000000,23,6915,0,99,9259,205805
United Kingdom,Europe,2021-02-11,67000000,23,6938,0,100,11798,217603
United Kingdom,Europe,2021-02-12,67000000,20,6959,0,100,9290,226893
United Kingdom,Europe,2021-02-13,67000000,32,6991,0,100,11209,238102
United Kingdom,Europe,2021-02-14,67000000,24,7015,0,101,11747,249849
United Kingdom,Europe,2021-02-15,67000000,26,7041,0,101,11977,261826
United Kingdom,Europe,2021-02-16,67000000,23,7064,0,101,10453,272278
United Kingdom,Europe,2021-02-17,67000000,25,7089,0,102,11940,284219
United Kingdom,Europe,2021-02-18,67000000,30,7119,0,102,11602,295820
United Kingdom,Europe,2021-02-19,67000000,23,7142,0,103,13967,309787
United Kingdom,Europe,2021-02-20,67000000,24,7166,0,103,13881,323668
United Kingdom,Europe,2021-02-21,67000000,26,7192,0,103,12083,335751
United Kingdom,Europe,2021-02-22,67000000,25,7217,0,104,11460,347211
United Kingdom,Europe,2021-02-23,67000000,32,7249,1,104,13172,360383
United Kingdom,Europe,2021-02-24,67000000,33,7283,1,105,15979,376362
United Kingdom,Europe,2021-02-25,67000000,28,7310,0,105,13937,390299
United Kingdom,Europe,2021-02-26,67000000,26,7337,0,105,13041,403340
United Kingdom,Europe,2021-02-27,67000000,27,7364,0,106,14391,417732
United Kingdom,Europe,2021-02-28,67000000,24,7388,0,106,15810,433542
United Kingdom,Europe,2021-03-01,67000000,34,7422,0,106,15272,448813
United Kingdom,Europe,2021-03-02,67000000,17,7440,0,107,17598,466412
United Kingdom,Europe,2021-03-03,67000000,32,7472,1,107,14106,480518
United Kingdom,Europe,2021-03-04,67000000,27,7498,1,108,18408,498926
United Kingdom,Europe,2021-03-05,67000000,21,7519,0,108,16080,515006
United Kingdom,Europe,2021-03-06,67000000,22,7541,0,108,15002,530008
United Kingdom,Europe,2021-03-07,67000000,16,7557,0,109,16446,546454
United Kingdom,Europe,2021-03-08,67000000,25,7582,0,109,18650,565104
United Kingdom,Europe,2021-03-09,67000000,25,7607,0,110,20900,586004
United Kingdom,Europe,2021-03-10,67000000,31,7638,0,110,17213,603217
United Kingdom,Europe,2021-03-11,67000000,20,7658,0,110,20952,624169
United Kingdom,Europe,2021-03-12,67000000,21,7679,0,110,16839,641008
United Kingdom,Europe,2021-03-13,67000000,20,7699,0,111,18454,659461
United Kingdom,Europe,2021-03-14,67000000,29,7728,0,111,18736,678197
United Kingdom,Europe,2021-03-15,67000000,24,7752,0,111,23387,701584
United Kingdom,Europe,2021-03-16,67000000,25,7778,0,112,23110,724694
United Kingdom,Europe,2021-03-17,67000000,26,7803,0,112,24041,748735
United Kingdom,Europe,2021-03-18,67000000,26,7829,0,112,25660,774396
United Kingdom,Europe,2021-03-19,67000000,36,7865,0,113,20477,794872
United Kingdom,Europe,2021-03-20,67000000,21,7886,0,113,23934,818806
United Kingdom,Europe,2021-03-21,67000000,30,7916,0,113,26197,845004
United Kingdom,Europe,2021-03-22,67000000,25,7941,0,114,25468,870472
United Kingdom,Europe,2021-03-23,67000000,20,7961,0,114,23980,894452
United Kingdom,Europe,2021-03-24,67000000,22,7983,0,115,24368,918820
United Kingdom,Europe,2021-03-25,67000000,28,8011,0,115,22048,940868
United Kingdom,Europe,2021-03-26,67000000,26,8037,0,116,26476,967344
United Kingdom,Europe,2021-03-27,67000000,21,8058,0,116,26644,993988
United Kingdom,Europe,2021-03-28,67000000,22,8080,0,116,25224,1019212
United Kingdom,Europe,2021-03-29,67000000,26,8106,0,117,31253,1050465
United Kingdom,Europe,2021-03-30,67000000,27,8133,0,117,30728,1081192
United Kingdom,Europe,2021-03-31,67000000,29,8162,0,117,29776,1110968
United Kingdom,Europe,2021-04-01,67000000,26,8189,0,118,26648,1137616
United Kingdom,Europe,2021-04-02,67000000,24,8213,0,118,29397,1167013
United Kingdom,Europe,2021-04-03,67000000,24,8237,0,118,27657,1194671
United Kingdom,Europe,2021-04-04,67000000,27,8264,0,119,32421,1227091
United Kingdom,Europe,2021-04-05,67000000,33,8298,0,119,34236,1261327
United Kingdom,Europe,2021-04-06,67000000,28,8326,0,120,32143,1293471
United Kingdom,Europe,2021-04-07,67000000,31,8357,0,120,28800,1322270
United Kingdom,Europe,2021-04-08,67000000,33,8390,0,120,37733,1360004
United Kingdom,Europe,2021-04-09,67000000,24,8414,0,121,35031,1395034
United Kingdom,Europe,2021-04-10,67000000,28,8442,1,121,29944,1424978
United Kingdom,Europe,2021-04-11,67000000,28,8470,0,121,32146,1457124
United Kingdom,Europe,2021-04-12,67000000,26,8496,1,122,37153,1494277
United Kingdom,Europe,2021-04-13,67000000,26,8522,0,122,33759,1528036
United Kingdom,Europe,2021-04-14,67000000,26,8549,0,122,36254,1564290
United Kingdom,Europe,2021-04-15,67000000,29,8577,0,123,34327,1598617
United Kingdom,Europe,2021-04-16,67000000,28,8605,0,123,43187,1641804
United Kingdom,Europe,2021-04-17,67000000,30,8635,1,124,34696,1676500
United Kingdom,Europe,2021-04-18,67000000,34,8669,0,124,44313,1720813
United Kingdom,Europe,2021-04-19,67000000,25,8694,0,125,37753,1758566
United Kingdom,Europe,2021-04-20,67000000,17,8711,0,125,46602,1805168
United Kingdom,Europe,2021-04-21,67000000,26,8737,0,125,37550,1842718
United Kingdom,Europe,2021-04-22,67000000,20,8757,0,125,45500,1888217
United Kingdom,Europe,2021-04-23,67000000,29,8785,0,126,38306,1926523
United Kingdom,Europe,2021-04-24,67000000,31,8816,1,126,38998,1965521
United Kingdom,Europe,2021-04-25,67000000,24,8841,0,127,47457,2012978
United Kingdom,Europe,2021-04-26,67000000,31,8871,1,127,41404,2054382
United Kingdom,Europe,2021-04-27,67000000,36,8907,1,128,40458,2094840
United Kingdom,Europe,2021-04-28,67000000,23,8931,0,129,52073,2146914
United Kingdom,Europe,2021-04-29,67000000,31,8961,0,129,46781,2193694
United Kingdom,Europe,2021-04-30,67000000,25,8986,0,129,49199,2242894
United Kingdom,Europe,2021-05-01,67000000,25,9011,0,130,51661,2294555
United Kingdom,Europe,2021-05-02,67000000,34,9045,1,130,42814,2337369
United Kingdom,Europe,2021-05-03,67000000,27,9072,0,131,46294,2383663
United Kingdom,Europe,2021-05-04,67000000,32,9105,0,131,56811,2440474
United Kingdom,Europe,2021-05-05,67000000,33,9138,0,131,51257,2491731
United Kingdom,Europe,2021-05-06,67000000,25,9163,0,132,56602,2548334
United Kingdom,Europe,2021-05-07,67000000,28,9191,0,132,51643,2599977
United Kingdom,Europe,2021-05-08,67000000,22,9212,0,132,58193,2658170
United Kingdom,Europe,2021-05-09,67000000,21,9233,0,133,56266,2714436
United Kingdom,Europe,2021-05-10,67000000,33,9266,0,133,55054,2769490
United Kingdom,Europe,2021-05-11,67000000,22,9289,0,134,56716,2826206
United Kingdom,Europe,2021-05-12,67000000,28,9317,0,134,61281,2887487
United Kingdom,Europe,2021-05-13,67000000,24,9341,0,134,50805,2938293
United Kingdom,Europe,2021-05-14,67000000,27,9367,1,135,52696,2990989
United Kingdom,Europe,2021-05-15,67000000,26,9393,0,135,64172,3055161
United Kingdom,Europe,2021-05-16,67000000,22,9415,0,135,53801,3108962
United Kingdom,Europe,2021-05-17,67000000,28,9443,0,136,62458,3171420
United Kingdom,Europe,2021-05-18,67000000,21,9464,0,136,65110,3236530
United Kingdom,Europe,2021-05-19,67000000,26,9490,0,136,70672,3307202
United Kingdom,Europe,2021-05-20,67000000,25,9515,0,137,55312,3362514
United Kingdom,Europe,2021-05-21,67000000,28,9543,0,137,62279,3424792
United Kingdom,Europe,2021-05-22,67000000,31,9574,0,137,64950,3489742
United Kingdom,Europe,2021-05-23,67000000,27,9601,0,138,72010,3561752
United Kingdom,Europe,2021-05-24,67000000,19,9620,0,138,64268,3626020
United Kingdom,Europe,2021-05-25,67000000,29,9649,0,138,57284,3683304
United Kingdom,Europe,2021-05-26,67000000,24,9673,0,139,74310,3757614
United Kingdom,Europe,2021-05-27,67000000,30,9703,1,139,76158,3833772
United Kingdom,Europe,2021-05-28,67000000,27,9730,0,140,76754,3910526
United Kingdom,Europe,2021-05-29,67000000,31,9761,0,140,59708,3970234
United Kingdom,Europe,2021-05-30,67000000,20,9781,0,140,68723,4038957
United Kingdom,Europe,2021-05-31,67000000,25,9807,0,141,60016,4098973
United Kingdom,Europe,2021-06-01,67000000,26,9833,0,141,62303,4161277
United Kingdom,Europe,2021-06-02,67000000,27,9860,0,142,68874,4230151
United Kingdom,Europe,2021-06-03,67000000,23,9883,0,142,82824,4312975
United Kingdom,Europe,2021-06-04,67000000,28,9911,0,142,81658,4394633
United Kingdom,Europe,2021-06-05,67000000,29,9940,0,143,65079,4459713
United Kingdom,Europe,2021-06-06,67000000,31,9971,0,143,64763,4524475
United Kingdom,Europe,2021-06-07,67000000,35,10006,0,143,78233,4602708
United Kingdom,Europe,2021-06-08,67000000,29,10035,0,144,71191,4673899
United Kingdom,Europe,2021-06-09,67000000,23,10058,0,144,84699,4758598
United Kingdom,Europe,2021-06-10,67000000,27,10085,0,144,77307,4835905
United Kingdom,Europe,2021-06-11,67000000,30,10115,0,145,89347,4925252
United Kingdom,Europe,2021-06-12,67000000,29,10144,0,145,82087,5007340
United Kingdom,Europe,2021-06-13,67000000,24,10167,0,145,77783,5085123
United Kingdom,Europe,2021-06-14,67000000,32,10199,0,146,90029,5175152
United Kingdom,Europe,2021-06-15,67000000,28,10226,0,146,75826,5250978
United Kingdom,Europe,2021-06-16,67000000,29,10256,0,146,78008,5328985
United Kingdom,Europe,2021-06-17,67000000,31,10287,0,147,94026,5423011
United Kingdom,Europe,2021-06-18,67000000,30,10317,0,147,93736,5516748
United Kingdom,Europe,2021-06-19,67000000,28,10344,0,147,84027,5600775
United Kingdom,Europe,2021-06-20,67000000,37,10382,0,148,76134,5676909
United Kingdom,Europe,2021-06-21,67000000,28,10410,0,148,90470,5767379
United Kingdom,Europe,2021-06-22,67000000,31,10441,0,148,94259,5861638
United Kingdom,Europe,2021-06-23,67000000,23,10464,0,149,86099,5947737
United Kingdom,Europe,2021-06-24,67000000,24,10488,0,149,80219,6027956
United Kingdom,Europe,2021-06-25,67000000,26,10514,0,149,87658,6115614
United Kingdom,Europe,2021-06-26,67000000,29,10543,0,150,87072,6202686
United Kingdom,Europe,2021-06-27,67000000,32,10575,0,150,81790,6284476
United Kingdom,Europe,2021-06-28,67000000,22,10597,0,151,100166,6384642
United Kingdom,Europe,2021-06-29,67000000,18,10615,0,151,76794,6461436
United Kingdom,Europe,2021-06-30,67000000,43,10658,0,151,96560,6557996
United Kingdom,Europe,2021-07-01,67000000,28,10686,1,152,102145,6660141
United Kingdom,Europe,2021-07-02,67000000,31,10717,1,152,89370,6749510
United Kingdom,Europe,2021-07-03,67000000,28,10745,0,153,100705,6850215
United Kingdom,Europe,2021-07-04,67000000,19,10764,0,153,93835,6944050
United Kingdom,Europe,2021-07-05,67000000,28,10792,0,153,103251,7047301
United Kingdom,Europe,2021-07-06,67000000,34,10826,0,154,95562,7142863
United Kingdom,Europe,2021-07-07,67000000,36,10862,0,154,81384,7224247
United Kingdom,Europe,2021-07-08,67000000,19,10880,0,154,82104,7306351
United Kingdom,Europe,2021-07-09,67000000,32,10913,0,155,84939,7391290
United Kingdom,Europe,2021-07-10,67000000,29,10942,0,155,89639,7480929
United Kingdom,Europe,2021-07-11,67000000,30,10972,0,155,108628,7589557
United Kingdom,Europe,2021-07-12,67000000,27,10999,0,156,81895,7671453
United Kingdom,Europe,2021-07-13,67000000,22,11021,0,156,97018,7768471
United Kingdom,Europe,2021-07-14,67000000,28,11049,0,157,107834,7876305
United Kingdom,Europe,2021-07-15,67000000,29,11078,0,157,89578,7965883
United Kingdom,Europe,2021-07-16,67000000,30,11108,0,157,94488,8060371
United Kingdom,Europe,2021-07-17,67000000,27,11135,0,158,89396,8149767
United Kingdom,Europe,2021-07-18,67000000,31,11166,0,158,96542,8246310
United Kingdom,Europe,2021-07-19,67000000,24,11190,0,158,108130,8354439
United Kingdom,Europe,2021-07-20,67000000,42,11232,0,159,89479,8443919
United Kingdom,Europe,2021-07-21,67000000,25,11257,0,159,105697,8549615
United Kingdom,Europe,2021-07-22,67000000,32,11289,0,160,97186,8646802
United Kingdom,Europe,2021-07-23,67000000,25,11313,0,160,96115,8742917
United Kingdom,Europe,2021-07-24,67000000,28,11341,0,160,105459,8848375
United Kingdom,Europe,2021-07-25,67000000,26,11367,0,161,99624,8947999
United Kingdom,Europe,2021-07-26,67000000,27,11394,0,161,113237,9061237
United Kingdom,Europe,2021-07-27,67000000,26,11420,0,161,93248,9154485
United Kingdom,Europe,2021-07-28,67000000,26,11446,0,162,88910,9243395
United Kingdom,Europe,2021-07-29,67000000,27,11474,0,162,106681,9350076
United Kingdom,Europe,2021-07-30,67000000,34,11508,1,162,95070,9445145
United Kingdom,Europe,2021-07-31,67000000,25,11532,0,163,91062,9536207
United Kingdom,Europe,2021-08-01,67000000,18,11551,0,163,106454,9642661
United Kingdom,Europe,2021-08-02,67000000,35,11586,1,164,119050,9761710
United Kingdom,Europe,2021-08-03,67000000,22,11608,0,164,96295,9858005
United Kingdom,Europe,2021-08-04,67000000,36,11644,0,164,100022,9958028
United Kingdom,Europe,2021-08-05,67000000,28,11671,0,165,100821,10058849
United Kingdom,Europe,2021-08-06,67000000,32,11703,1,165,109505,10168354
United Kingdom,Europe,2021-08-07,67000000,22,11725,0,166,90506,10258860
United Kingdom,Europe,2021-08-08,67000000,33,11758,1,166,105742,10364602
United Kingdom,Europe,2021-08-09,67000000,28,11786,0,167,90179,10454781
United Kingdom,Europe,2021-08-10,67000000,18,11803,0,167,104198,10558979
United Kingdom,Europe,2021-08-11,67000000,24,11828,0,167,106040,10665019
United Kingdom,Europe,2021-08-12,67000000,27,11854,0,168,112123,10777143
United Kingdom,Europe,2021-08-13,67000000,30,11885,0,168,116517,10893659
United Kingdom,Europe,2021-08-14,67000000,28,11912,0,168,103633,10997293
United Kingdom,Europe,2021-08-15,67000000,31,11944,1,169,93617,11090910
United Kingdom,Europe,2021-08-16,67000000,20,11964,0,169,118705,11209616
United Kingdom,Europe,2021-08-17,67000000,31,11994,0,170,118404,11328020
United Kingdom,Europe,2021-08-18,67000000,23,12017,0,170,95903,11423923
United Kingdom,Europe,2021-08-19,67000000,30,12048,0,170,102499,11526422
United Kingdom,Europe,2021-08-20,67000000,28,12076,0,171,122325,11648747
United Kingdom,Europe,2021-08-21,67000000,32,12108,0,171,100060,11748806
United Kingdom,Europe,2021-08-22,67000000,29,12137,1,171,94291,11843097
United Kingdom,Europe,2021-08-23,67000000,28,12165,0,172,116449,11959546
United Kingdom,Europe,2021-08-24,67000000,18,12183,0,172,112870,12072416
United Kingdom,Europe,2021-08-25,67000000,32,12215,1,173,101486,12173902
United Kingdom,Europe,2021-08-26,67000000,36,12252,0,173,97060,12270962
United Kingdom,Europe,2021-08-27,67000000,27,12279,0,173,116396,12387358
United Kingdom,Europe,2021-08-28,67000000,21,12299,0,174,105039,12492397
United Kingdom,Europe,2021-08-29,67000000,20,12320,0,174,95640,12588037
United Kingdom,Europe,2021-08-30,67000000,21,12340,0,174,126509,12714547
United Kingdom,Europe,2021-08-31,67000000,24,12364,0,175,117254,12831801
United Kingdom,Europe,2021-09-01,67000000,30,12394,1,175,107643,12939444
United Kingdom,Europe,2021-09-02,67000000,25,12419,0,176,109159,13048602
United Kingdom,Europe,2021-09-03,67000000,35,12453,0,176,111262,13159865
United Kingdom,Europe,2021-09-04,67000000,32,12485,1,177,116622,13276487
United Kingdom,Europe,2021-09-05,67000000,27,12512,0,177,118685,13395172
United Kingdom,Europe,2021-09-06,67000000,30,12541,1,177,96596,13491768
United Kingdom,Europe,2021-09-07,67000000,26,12567,0,178,96142,13587910
United Kingdom,Europe,2021-09-08,67000000,29,12596,0,178,120029,13707939
United Kingdom,Europe,2021-09-09,67000000,17,12613,0,178,100788,13808727
United Kingdom,Europe,2021-09-10,67000000,32,12645,1,179,118963,13927690
United Kingdom,Europe,2021-09-11,67000000,28,12673,0,179,108637,14036326
United Kingdom,Europe,2021-09-12,67000000,33,12706,0,180,120101,14156427
United Kingdom,Europe,2021-09-13,67000000,27,12733,0,180,98093,14254520
United Kingdom,Europe,2021-09-14,67000000,27,12760,0,181,125922,14380442
United Kingdom,Europe,2021-09-15,67000000,24,12784,0,181,129290,14509732
United Kingdom,Europe,2021-09-16,67000000,21,12805,0,181,126514,14636246
United Kingdom,Europe,2021-09-17,67000000,27,12832,0,181,118726,14754972
United Kingdom,Europe,2021-09-18,67000000,26,12858,0,182,103278,14858250
United Kingdom,Europe,2021-09-19,67000000,20,12878,0,182,102284,14960534
United Kingdom,Europe,2021-09-20,67000000,24,12902,0,182,111548,15072082
United Kingdom,Europe,2021-09-21,67000000,27,12929,0,183,121727,15193809
United Kingdom,Europe,2021-09-22,67000000,24,12953,0,183,115761,15309571
United Kingdom,Europe,2021-09-23,67000000,26,12979,0,183,120121,15429692
United Kingdom,Europe,2021-09-24,67000000,32,13011,1,184,111693,15541385
United Kingdom,Europe,2021-09-25,67000000,25,13035,0,184,122385,15663770
United Kingdom,Europe,2021-09-26,67000000,33,13068,0,185,130451,15794221
United Kingdom,Europe,2021-09-27,67000000,23,13090,0,185,98416,15892636
United Kingdom,Europe,2021-09-28,67000000,27,13117,0,185,97813,15990449
United Kingdom,Europe,2021-09-29,67000000,18,13135,0,186,108471,16098920
United Kingdom,Europe,2021-09-30,67000000,17,13153,0,186,120777,16219697
United Kingdom,Europe,2021-10-01,67000000,22,13174,0,186,104090,16323787
United Kingdom,Europe,2021-10-02,67000000,26,13200,0,186,102357,16426144
United Kingdom,Europe,2021-10-03,67000000,17,13217,0,186,125279,16551423
United Kingdom,Europe,2021-10-04,67000000,25,13243,0,187,120452,16671875
United Kingdom,Europe,2021-10-05,67000000,25,13268,0,187,119603,16791478
United Kingdom,Europe,2021-10-06,67000000,23,13290,0,188,114796,16906274
United Kingdom,Europe,2021-10-07,67000000,21,13311,0,188,107190,17013463
United Kingdom,Europe,2021-10-08,67000000,27,13338,0,188,109496,17122960
United Kingdom,Europe,2021-10-09,67000000,25,13363,0,189,117122,17240081
United Kingdom,Europe,2021-10-10,67000000,22,13385,0,189,117763,17357845
United Kingdom,Europe,2021-10-11,67000000,25,13410,0,190,131195,17489040
United Kingdom,Europe,2021-10-12,67000000,22,13431,0,190,114603,17603643
United Kingdom,Europe,2021-10-13,67000000,24,13455,0,190,124547,17728190
United Kingdom,Europe,2021-10-14,67000000,18,13473,0,190,127030,17855220
United Kingdom,Europe,2021-10-15,67000000,24,13498,0,191,128596,17983816
United Kingdom,Europe,2021-10-16,67000000,23,13520,0,191,121633,18105449
United Kingdom,Europe,2021-10-17,67000000,16,13536,0,191,122091,18227540
United Kingdom,Europe,2021-10-18,67000000,17,13553,0,191,124276,18351817
United Kingdom,Europe,2021-10-19,67000000,18,13570,0,192,110617,18462434
United Kingdom,Europe,2021-10-20,67000000,25,13595,0,192,127520,18589954
United Kingdom,Europe,2021-10-21,67000000,21,13616,0,192,111119,18701073
United Kingdom,Europe,2021-10-22,67000000,19,13635,0,192,131575,18832649
United Kingdom,Europe,2021-10-23,67000000,15,13650,0,193,130528,18963177
United Kingdom,Europe,2021-10-24,67000000,20,13671,0,193,130881,19094057
United Kingdom,Europe,2021-10-25,67000000,19,13690,0,193,124585,19218642
United Kingdom,Europe,2021-10-26,67000000,19,13709,0,193,117473,19336115
United Kingdom,Europe,2021-10-27,67000000,17,13725,0,194,103551,19439666
United Kingdom,Europe,2021-10-28,67000000,20,13745,0,194,105943,19545609
United Kingdom,Europe,2021-10-29,67000000,17,13761,0,194,101456,19647065
United Kingdom,Europe,2021-10-30,67000000,15,13777,0,195,109250,19756315
United Kingdom,Europe,2021-10-31,67000000,19,13796,0,195,119687,19876002
United Kingdom,Europe,2021-11-01,67000000,20,13816,0,195,121925,19997927
United Kingdom,Europe,2021-11-02,67000000,16,13832,0,195,122866,20120792
United Kingdom,Europe,2021-11-03,67000000,17,13850,0,195,125010,20245803
United Kingdom,Europe,2021-11-04,67000000,15,13865,0,196,129707,20375510
United Kingdom,Europe,2021-11-05,67000000,17,13882,0,196,102018,20477528
United Kingdom,Europe,2021-11-06,67000000,18,13900,0,196,123907,20601435
United Kingdom,Europe,2021-11-07,67000000,20,13920,0,196,112227,20713662
United Kingdom,Europe,2021-11-08,67000000,21,13941,0,196,124181,20837843
United Kingdom,Europe,2021-11-09,67000000,22,13963,0,197,110420,20948263
United Kingdom,Europe,2021-11-10,67000000,17,13980,0,197,100004,21048267
United Kingdom,Europe,2021-11-11,67000000,19,13999,0,197,117262,21165528
United Kingdom,Europe,2021-11-12,67000000,15,14014,0,198,100236,21265765
United Kingdom,Europe,2021-11-13,67000000,16,14031,0,198,131537,21397302
United Kingdom,Europe,2021-11-14,67000000,18,14049,0,198,119568,21516870
United Kingdom,Europe,2021-11-15,67000000,12,14061,0,198,122079,21638950
United Kingdom,Europe,2021-11-16,67000000,16,14077,0,198,99284,21738234
United Kingdom,Europe,2021-11-17,67000000,14,14091,0,198,103595,21841828
United Kingdom,Europe,2021-11-18,67000000,14,14105,0,199,110354,21952182
United Kingdom,Europe,2021-11-19,67000000,17,14122,0,199,100062,22052244
United Kingdom,Europe,2021-11-20,67000000,16,14138,0,199,101332,22153576
United Kingdom,Europe,2021-11-21,67000000,15,14153,0,199,117468,22271044
United Kingdom,Europe,2021-11-22,67000000,13,14166,0,199,132387,22403431
United Kingdom,Europe,2021-11-23,67000000,15,14181,0,200,112787,22516219
United Kingdom,Europe,2021-11-24,67000000,17,14197,0,200,124968,22641186
United Kingdom,Europe,2021-11-25,67000000,17,14214,0,200,111246,22752432
United Kingdom,Europe,2021-11-26,67000000,14,14228,0,200,102810,22855242
United Kingdom,Europe,2021-11-27,67000000,13,14242,0,200,130271,22985513
United Kingdom,Europe,2021-11-28,67000000,11,14253,0,201,115513,23101025
United Kingdom,Europe,2021-11-29,67000000,17,14270,0,201,130056,23231081
United Kingdom,Europe,2021-11-30,67000000,15,14285,0,201,114986,23346067
United Kingdom,Europe,2021-12-01,67000000,13,14299,0,201,121156,23467223
United Kingdom,Europe,2021-12-02,67000000,12,14311,0,201,116940,23584162
United Kingdom,Europe,2021-12-03,67000000,15,14326,0,202,109990,23694152
United Kingdom,Europe,2021-12-04,67000000,11,14337,0,202,114414,23808566
United Kingdom,Europe,2021-12-05,67000000,10,14347,0,202,106541,23915107
United Kingdom,Europe,2021-12-06,67000000,12,14359,0,202,106607,24021714
United Kingdom,Europe,2021-12-07,67000000,12,14370,0,202,99951,24121665
United Kingdom,Europe,2021-12-08,67000000,10,14381,0,202,100794,24222459
United Kingdom,Europe,2021-12-09,67000000,17,14397,0,203,113299,24335758
United Kingdom,Europe,2021-12-10,67000000,16,14413,0,203,101271,24437029
United Kingdom,Europe,2021-12-11,67000000,12,14425,0,203,130952,24567981
United Kingdom,Europe,2021-12-12,67000000,11,14435,0,203,128675,24696657
United Kingdom,Europe,2021-12-13,67000000,11,14446,0,203,113820,24810476
United Kingdom,Europe,2021-12-14,67000000,9,14455,0,203,117474,24927951
United Kingdom,Europe,2021-12-15,67000000,11,14466,0,204,129642,25057593
United Kingdom,Europe,2021-12-16,67000000,14,14480,0,204,117040,25174634
United Kingdom,Europe,2021-12-17,67000000,12,14492,0,204,107569,25282203
United Kingdom,Europe,2021-12-18,67000000,10,14502,0,204,128079,25410283
United Kingdom,Europe,2021-12-19,67000000,11,14514,0,204,117141,25527424
United Kingdom,Europe,2021-12-20,67000000,10,14524,0,204,114360,25641784
United Kingdom,Europe,2021-12-21,67000000,10,14533,0,204,108449,25750233
United Kingdom,Europe,2021-12-22,67000000,10,14544,0,205,104107,25854340
United Kingdom,Europe,2021-12-23,67000000,10,14554,0,205,124937,25979276
United Kingdom,Europe,2021-12-24,67000000,9,14562,0,205,102658,26081934
United Kingdom,Europe,2021-12-25,67000000,9,14572,0,205,126975,26208910
United Kingdom,Europe,2021-12-26,67000000,11,14582,0,205,111758,26320668
United Kingdom,Europe,2021-12-27,67000000,9,14591,0,205,120512,26441180
United Kingdom,Europe,2021-12-28,67000000,9,14600,0,205,116648,26557828
United Kingdom,Europe,2021-12-29,67000000,11,14612,0,206,105677,26663505
United Kingdom,Europe,2021-12-30,67000000,7,14619,0,206,104873,26768379
United Kingdom,Europe,2021-12-31,67000000,11,14630,0,206,109748,26878127
United Kingdom,Europe,2022-01-01,67000000,10,14640,0,206,102153,26980279
United Kingdom,Europe,2022-01-02,67000000,8,14648,0,206,118615,27098895
United Kingdom,Europe,2022-01-03,67000000,9,14657,0,206,129268,27228163
United Kingdom,Europe,2022-01-04,67000000,8,14666,0,207,116469,27344632
United Kingdom,Europe,2022-01-05,67000000,10,14675,0,207,101044,27445676
United Kingdom,Europe,2022-01-06,67000000,10,14685,0,207,122433,27568108
United Kingdom,Europe,2022-01-07,67000000,8,14693,0,207,131925,27700033
United Kingdom,Europe,2022-01-08,67000000,7,14700,0,207,126698,27826731
United Kingdom,Europe,2022-01-09,67000000,8,14708,0,207,125002,27951734
United Kingdom,Europe,2022-01-10,67000000,7,14715,0,207,107738,28059471
United Kingdom,Europe,2022-01-11,67000000,7,14722,0,207,127588,28187059
United Kingdom,Europe,2022-01-12,67000000,7,14729,0,208,129594,28316653
United Kingdom,Europe,2022-01-13,67000000,9,14739,0,208,108064,28424717
United Kingdom,Europe,2022-01-14,67000000,6,14745,0,208,109649,28534366
United Kingdom,Europe,2022-01-15,67000000,6,14751,0,208,116086,28650452
United Kingdom,Europe,2022-01-16,67000000,8,14759,0,208,132586,28783038
United Kingdom,Europe,2022-01-17,67000000,8,14768,0,208,112864,28895902
United Kingdom,Europe,2022-01-18,67000000,6,14774,0,208,101431,28997333
United Kingdom,Europe,2022-01-19,67000000,8,14782,0,208,115857,29113191
United Kingdom,Europe,2022-01-20,67000000,6,14787,0,208,127305,29240496
United Kingdom,Europe,2022-01-21,67000000,7,14795,0,208,121855,29362351
United Kingdom,Europe,2022-01-22,67000000,8,14802,0,209,129774,29492124
United Kingdom,Europe,2022-01-23,67000000,6,14809,0,209,114549,29606673
United Kingdom,Europe,2022-01-24,67000000,6,14814,0,209,108096,29714769
United Kingdom,Europe,2022-01-25,67000000,5,14819,0,209,128530,29843299
United Kingdom,Europe,2022-01-26,67000000,7,14827,0,209,103925,29947224
United Kingdom,Europe,2022-01-27,67000000,5,14832,0,209,103565,30050789
United Kingdom,Europe,2022-01-28,67000000,7,14838,0,209,134442,30185231
United Kingdom,Europe,2022-01-29,67000000,5,14844,0,209,109554,30294785
United Kingdom,Europe,2022-01-30,67000000,5,14849,0,209,101183,30395967
United Kingdom,Europe,2022-01-31,67000000,6,14854,0,209,104983,30500951
Germany,Europe,2020-02-01,83000000,5,5,0,0,0,0
Germany,Europe,2020-02-02,83000000,5,9,0,0,0,0
Germany,Europe,2020-02-03,83000000,4,14,0,0,0,0
Germany,Europe,2020-02-04,83000000,6,19,0,0,0,0
Germany,Europe,2020-02-05,83000000,7,26,0,0,0,0
Germany,Europe,2020-02-06,83000000,4,31,0,0,0,0
Germany,Europe,2020-02-07,83000000,4,34,0,0,0,0
Germany,Europe,2020-02-08,83000000,5,39,0,1,0,0
Germany,Europe,2020-02-09,83000000,4,43,0,1,0,0
Germany,Europe,2020-02-10,83000000,4,47,0,1,0,0
Germany,Europe,2020-02-11,83000000,5,52,0,1,0,0
Germany,Europe,2020-02-12,83000000,6,58,0,1,0,0
Germany,Europe,2020-02-13,83000000,5,64,0,1,0,0
Germany,Europe,2020-02-14,83000000,4,67,0,1,0,0
Germany,Europe,2020-02-15,83000000,6,73,0,1,0,0
Germany,Europe,2020-02-16,83000000,6,79,0,1,0,0
Germany,Europe,2020-02-17,83000000,6,84,0,1,0,0
Germany,Europe,2020-02-18,83000000,7,91,0,1,0,0
Germany,Europe,2020-02-19,83000000,7,98,0,1,0,0
Germany,Europe,2020-02-20,83000000,6,105,0,1,0,0
Germany,Europe,2020-02-21,83000000,8,113,0,2,0,0
Germany,Europe,2020-02-22,83000000,5,118,0,2,0,0
Germany,Europe,2020-02-23,83000000,6,124,0,2,0,0
Germany,Europe,2020-02-24,83000000,6,130,0,2,0,0
Germany,Europe,2020-02-25,83000000,7,137,0,2,0,0
Germany,Europe,2020-02-26,83000000,5,142,0,2,0,0
Germany,Europe,2020-02-27,83000000,5,147,0,2,0,0
Germany,Europe,2020-02-28,83000000,7,154,0,2,0,0
Germany,Europe,2020-02-29,83000000,5,160,0,2,0,0
Germany,Europe,2020-03-01,83000000,6,166,0,3,0,0
Germany,Europe,2020-03-02,83000000,7,174,0,3,0,0
Germany,Europe,2020-03-03,83000000,6,179,0,3,0,0
Germany,Europe,2020-03-04,83000000,8,187,0,3,0,0
Germany,Europe,2020-03-05,83000000,7,194,0,3,0,0
Germany,Europe,2020-03-06,83000000,7,201,0,3,0,0
Germany,Europe,2020-03-07,83000000,8,209,0,3,0,0
Germany,Europe,2020-03-08,83000000,8,217,0,3,0,0
Germany,Europe,2020-03-09,83000000,8,226,0,3,0,0
Germany,Europe,2020-03-10,83000000,9,234,0,3,0,0
Germany,Europe,2020-03-11,83000000,8,242,0,4,0,0
Germany,Europe,2020-03-12,83000000,9,251,0,4,0,0
Germany,Europe,2020-03-13,83000000,7,258,0,4,0,0
Germany,Europe,2020-03-14,83000000,9,267,0,4,0,0
Germany,Europe,2020-03-15,83000000,8,276,0,4,0,0
Germany,Europe,2020-03-16,83000000,10,286,0,4,0,0
Germany,Europe,2020-03-17,83000000,9,295,0,4,0,0
Germany,Europe,2020-03-18,83000000,8,303,0,4,0,0
Germany,Europe,2020-03-19,83000000,10,313,0,4,0,0
Germany,Europe,2020-03-20,83000000,11,324,0,5,0,0
Germany,Europe,2020-03-21,83000000,9,332,0,5,0,0
Germany,Europe,2020-03-22,83000000,8,340,0,5,0,0
Germany,Europe,2020-03-23,83000000,6,346,0,5,0,0
Germany,Europe,2020-03-24,83000000,10,356,0,5,0,0
Germany,Europe,2020-03-25,83000000,9,365,0,5,0,0
Germany,Europe,2020-03-26,83000000,10,375,0,5,0,0
Germany,Europe,2020-03-27,83000000,11,386,0,5,0,0
Germany,Europe,2020-03-28,83000000,8,394,0,5,0,0
Germany,Europe,2020-03-29,83000000,11,405,0,6,0,0
Germany,Europe,2020-03-30,83000000,9,414,0,6,0,0
Germany,Europe,2020-03-31,83000000,9,423,0,6,0,0
Germany,Europe,2020-04-01,83000000,7,430,0,6,0,0
Germany,Europe,2020-04-02,83000000,11,441,0,6,0,0
Germany,Europe,2020-04-03,83000000,9,450,0,6,0,0
Germany,Europe,2020-04-04,83000000,10,459,0,6,0,0
Germany,Europe,2020-04-05,83000000,9,468,0,7,0,0
Germany,Europe,2020-04-06,83000000,12,481,0,7,0,0
Germany,Europe,2020-04-07,83000000,10,491,0,7,0,0
Germany,Europe,2020-04-08,83000000,9,500,0,7,0,0
Germany,Europe,2020-04-09,83000000,9,509,0,7,0,0
Germany,Europe,2020-04-10,83000000,13,521,0,7,0,0
Germany,Europe,2020-04-11,83000000,10,531,0,7,0,0
Germany,Europe,2020-04-12,83000000,11,542,0,7,0,0
Germany,Europe,2020-04-13,83000000,12,553,0,8,0,0
Germany,Europe,2020-04-14,83000000,11,564,0,8,0,0
Germany,Europe,2020-04-15,83000000,8,573,0,8,0,0
Germany,Europe,2020-04-16,83000000,13,586,0,8,0,0
Germany,Europe,2020-04-17,83000000,11,597,0,8,0,0
Germany,Europe,2020-04-18,83000000,13,610,0,8,0,0
Germany,Europe,2020-04-19,83000000,13,623,0,9,0,0
Germany,Europe,2020-04-20,83000000,8,632,0,9,0,0
Germany,Europe,2020-04-21,83000000,14,645,0,9,0,0
Germany,Europe,2020-04-22,83000000,17,662,0,9,0,0
Germany,Europe,2020-04-23,83000000,13,675,0,9,0,0
Germany,Europe,2020-04-24,83000000,15,690,0,9,0,0
Germany,Europe,2020-04-25,83000000,14,705,0,10,0,0
Germany,Europe,2020-04-26,83000000,14,719,0,10,0,0
Germany,Europe,2020-04-27,83000000,15,734,0,10,0,0
Germany,Europe,2020-04-28,83000000,15,749,0,10,0,0
Germany,Europe,2020-04-29,83000000,15,764,0,10,0,0
Germany,Europe,2020-04-30,83000000,11,775,0,10,0,0
Germany,Europe,2020-05-01,83000000,15,790,0,11,0,0
Germany,Europe,2020-05-02,83000000,13,803,0,11,0,0
Germany,Europe,2020-05-03,83000000,16,819,0,11,0,0
Germany,Europe,2020-05-04,83000000,14,834,0,11,0,0
Germany,Europe,2020-05-05,83000000,11,845,0,11,0,0
Germany,Europe,2020-05-06,83000000,17,861,0,12,0,0
Germany,Europe,2020-05-07,83000000,12,873,0,12,0,0
Germany,Europe,2020-05-08,83000000,13,887,0,12,0,0
Germany,Europe,2020-05-09,83000000,17,904,0,12,0,0
Germany,Europe,2020-05-10,83000000,14,918,0,12,0,0
Germany,Europe,2020-05-11,83000000,13,932,0,12,0,0
Germany,Europe,2020-05-12,83000000,14,946,0,13,0,0
Germany,Europe,2020-05-13,83000000,13,959,0,13,0,0
Germany,Europe,2020-05-14,83000000,16,975,0,13,0,0
Germany,Europe,2020-05-15,83000000,14,989,0,13,0,0
Germany,Europe,2020-05-16,83000000,14,1003,0,14,0,0
Germany,Europe,2020-05-17,83000000,16,1019,0,14,0,0
Germany,Europe,2020-05-18,83000000,16,1035,0,14,0,0
Germany,Europe,2020-05-19,83000000,13,1048,0,14,0,0
Germany,Europe,2020-05-20,83000000,17,1065,0,14,0,0
Germany,Europe,2020-05-21,83000000,14,1078,0,15,0,0
Germany,Europe,2020-05-22,83000000,13,1091,0,15,0,0
Germany,Europe,2020-05-23,83000000,11,1102,0,15,0,0
Germany,Europe,2020-05-24,83000000,15,1117,0,15,0,0
Germany,Europe,2020-05-25,83000000,12,1128,0,15,0,0
Germany,Europe,2020-05-26,83000000,13,1142,0,16,0,0
Germany,Europe,2020-05-27,83000000,15,1157,0,16,0,0
Germany,Europe,2020-05-28,83000000,18,1175,0,16,0,0
Germany,Europe,2020-05-29,83000000,15,1190,0,16,0,0
Germany,Europe,2020-05-30,83000000,12,1202,0,16,0,0
Germany,Europe,2020-05-31,83000000,15,1217,0,17,0,0
Germany,Europe,2020-06-01,83000000,18,1236,0,17,0,0
Germany,Europe,2020-06-02,83000000,15,1251,0,17,0,0
Germany,Europe,2020-06-03,83000000,19,1270,0,17,0,0
Germany,Europe,2020-06-04,83000000,16,1285,0,18,0,0
Germany,Europe,2020-06-05,83000000,18,1303,0,18,0,0
Germany,Europe,2020-06-06,83000000,16,1319,0,18,0,0
Germany,Europe,2020-06-07,83000000,19,1339,0,18,0,0
Germany,Europe,2020-06-08,83000000,21,1360,0,19,0,0
Germany,Europe,2020-06-09,83000000,15,1375,0,19,0,0
Germany,Europe,2020-06-10,83000000,17,1391,0,19,0,0
Germany,Europe,2020-06-11,83000000,19,1411,0,19,0,0
Germany,Europe,2020-06-12,83000000,17,1427,0,19,0,0
Germany,Europe,2020-06-13,83000000,12,1439,0,20,0,0
Germany,Europe,2020-06-14,83000000,16,1455,0,20,0,0
Germany,Europe,2020-06-15,83000000,17,1472,0,20,0,0
Germany,Europe,2020-06-16,83000000,20,1493,0,20,0,0
Germany,Europe,2020-06-17,83000000,17,1510,0,20,0,0
Germany,Europe,2020-06-18,83000000,14,1524,0,21,0,0
Germany,Europe,2020-06-19,83000000,17,1541,0,21,0,0
Germany,Europe,2020-06-20,83000000,20,1562,0,21,0,0
Germany,Europe,2020-06-21,83000000,15,1577,0,21,0,0
Germany,Europe,2020-06-22,83000000,16,1593,0,22,0,0
Germany,Europe,2020-06-23,83000000,15,1608,0,22,0,0
Germany,Europe,2020-06-24,83000000,14,1621,0,22,0,0
Germany,Europe,2020-06-25,83000000,17,1639,0,22,0,0
Germany,Europe,2020-06-26,83000000,17,1655,0,23,0,0
Germany,Europe,2020-06-27,83000000,13,1668,0,23,0,0
Germany,Europe,2020-06-28,83000000,15,1683,0,23,0,0
Germany,Europe,2020-06-29,83000000,18,1701,0,23,0,0
Germany,Europe,2020-06-30,83000000,19,1720,0,23,0,0
Germany,Europe,2020-07-01,83000000,20,1739,0,24,0,0
Germany,Europe,2020-07-02,83000000,19,1759,0,24,0,0
Germany,Europe,2020-07-03,83000000,17,1776,0,24,0,0
Germany,Europe,2020-07-04,83000000,14,1790,0,24,0,0
Germany,Europe,2020-07-05,83000000,17,1806,0,25,0,0
Germany,Europe,2020-07-06,83000000,11,1817,0,25,0,0
Germany,Europe,2020-07-07,83000000,18,1835,0,25,0,0
Germany,Europe,2020-07-08,83000000,16,1851,0,25,0,0
Germany,Europe,2020-07-09,83000000,12,1863,0,25,0,0
Germany,Europe,2020-07-10,83000000,19,1882,0,26,0,0
Germany,Europe,2020-07-11,83000000,21,1903,0,26,0,0
Germany,Europe,2020-07-12,83000000,13,1917,0,26,0,0
Germany,Europe,2020-07-13,83000000,19,1936,0,26,0,0
Germany,Europe,2020-07-14,83000000,17,1952,0,26,0,0
Germany,Europe,2020-07-15,83000000,16,1968,0,27,0,0
Germany,Europe,2020-07-16,83000000,16,1984,0,27,0,0
Germany,Europe,2020-07-17,83000000,17,2000,0,27,0,0
Germany,Europe,2020-07-18,83000000,17,2017,0,27,0,0
Germany,Europe,2020-07-19,83000000,18,2035,0,28,0,0
Germany,Europe,2020-07-20,83000000,16,2050,0,28,0,0
Germany,Europe,2020-07-21,83000000,16,2066,0,28,0,0
Germany,Europe,2020-07-22,83000000,19,2086,0,28,0,0
Germany,Europe,2020-07-23,83000000,15,2101,0,29,0,0
Germany,Europe,2020-07-24,83000000,19,2120,0,29,0,0
Germany,Europe,2020-07-25,83000000,17,2137,0,29,0,0
Germany,Europe,2020-07-26,83000000,17,2153,0,29,0,0
Germany,Europe,2020-07-27,83000000,23,2176,0,30,0,0
Germany,Europe,2020-07-28,83000000,15,2191,0,30,0,0
Germany,Europe,2020-07-29,83000000,22,2213,0,30,0,0
Germany,Europe,2020-07-30,83000000,20,2233,0,31,0,0
Germany,Europe,2020-07-31,83000000,16,2250,0,31,0,0
Germany,Europe,2020-08-01,83000000,20,2270,0,31,0,0
Germany,Europe,2020-08-02,83000000,11,2281,0,31,0,0
Germany,Europe,2020-08-03,83000000,16,2297,0,31,0,0
Germany,Europe,2020-08-04,83000000,16,2313,0,31,0,0
Germany,Europe,2020-08-05,83000000,19,2332,0,32,0,0
Germany,Europe,2020-08-06,83000000,20,2353,0,32,0,0
Germany,Europe,2020-08-07,83000000,19,2372,0,32,0,0
Germany,Europe,2020-08-08,83000000,19,2391,0,32,0,0
Germany,Europe,2020-08-09,83000000,21,2411,0,32,0,0
Germany,Europe,2020-08-10,83000000,20,2432,0,33,0,0
Germany,Europe,2020-08-11,83000000,17,2448,0,33,0,0
Germany,Europe,2020-08-12,83000000,17,2465,0,33,0,0
Germany,Europe,2020-08-13,83000000,20,2486,0,33,0,0
Germany,Europe,2020-08-14,83000000,18,2504,0,34,0,0
Germany,Europe,2020-08-15,83000000,18,2523,0,34,0,0
Germany,Europe,2020-08-16,83000000,19,2541,0,34,0,0
Germany,Europe,2020-08-17,83000000,14,2555,0,34,0,0
Germany,Europe,2020-08-18,83000000,17,2572,0,35,0,0
Germany,Europe,2020-08-19,83000000,20,2591,0,35,0,0
Germany,Europe,2020-08-20,83000000,17,2608,0,35,0,0
Germany,Europe,2020-08-21,83000000,18,2626,0,35,0,0
Germany,Europe,2020-08-22,83000000,20,2646,0,36,0,0
Germany,Europe,2020-08-23,83000000,21,2667,0,36,0,0
Germany,Europe,2020-08-24,83000000,22,2689,0,36,0,0
Germany,Europe,2020-08-25,83000000,22,2711,0,36,0,0
Germany,Europe,2020-08-26,83000000,18,2729,0,37,0,0
Germany,Europe,2020-08-27,83000000,18,2747,0,37,0,0
Germany,Europe,2020-08-28,83000000,15,2763,0,37,0,0
Germany,Europe,2020-08-29,83000000,23,2786,0,37,0,0
Germany,Europe,2020-08-30,83000000,18,2804,0,38,0,0
Germany,Europe,2020-08-31,83000000,23,2827,0,38,0,0
Germany,Europe,2020-09-01,83000000,20,2846,0,38,0,0
Germany,Europe,2020-09-02,83000000,22,2868,0,39,0,0
Germany,Europe,2020-09-03,83000000,19,2887,0,39,0,0
Germany,Europe,2020-09-04,83000000,20,2907,0,39,0,0
Germany,Europe,2020-09-05,83000000,22,2929,0,39,0,0
Germany,Europe,2020-09-06,83000000,18,2947,0,40,0,0
Germany,Europe,2020-09-07,83000000,22,2969,0,40,0,0
Germany,Europe,2020-09-08,83000000,16,2985,0,40,0,0
Germany,Europe,2020-09-09,83000000,24,3009,0,40,0,0
Germany,Europe,2020-09-10,83000000,19,3028,0,41,0,0
Germany,Europe,2020-09-11,83000000,17,3046,0,41,0,0
Germany,Europe,2020-09-12,83000000,21,3067,0,41,0,0
Germany,Europe,2020-09-13,83000000,20,3087,0,42,0,0
Germany,Europe,2020-09-14,83000000,14,3101,0,42,0,0
Germany,Europe,2020-09-15,83000000,18,3119,0,42,0,0
Germany,Europe,2020-09-16,83000000,16,3136,0,42,0,0
Germany,Europe,2020-09-17,83000000,17,3152,0,42,0,0
Germany,Europe,2020-09-18,83000000,16,3169,0,43,0,0
Germany,Europe,2020-09-19,83000000,21,3189,0,43,0,0
Germany,Europe,2020-09-20,83000000,22,3211,0,43,0,0
Germany,Europe,2020-09-21,83000000,17,3228,0,43,0,0
Germany,Europe,2020-09-22,83000000,14,3242,0,44,0,0
Germany,Europe,2020-09-23,83000000,12,3254,0,44,0,0
Germany,Europe,2020-09-24,83000000,25,3280,0,44,0,0
Germany,Europe,2020-09-25,83000000,20,3300,0,45,0,0
Germany,Europe,2020-09-26,83000000,22,3322,0,45,0,0
Germany,Europe,2020-09-27,83000000,19,3340,0,45,0,0
Germany,Europe,2020-09-28,83000000,13,3354,0,45,0,0
Germany,Europe,2020-09-29,83000000,21,3374,0,46,0,0
Germany,Europe,2020-09-30,83000000,24,3399,0,46,0,0
Germany,Europe,2020-10-01,83000000,18,3417,0,46,0,0
Germany,Europe,2020-10-02,83000000,13,3430,0,47,0,0
Germany,Europe,2020-10-03,83000000,16,3446,0,47,0,0
Germany,Europe,2020-10-04,83000000,22,3468,0,47,0,0
Germany,Europe,2020-10-05,83000000,21,3489,0,47,0,0
Germany,Europe,2020-10-06,83000000,23,3512,0,48,0,0
Germany,Europe,2020-10-07,83000000,20,3532,0,48,0,0
Germany,Europe,2020-10-08,83000000,22,3554,0,48,0,0
Germany,Europe,2020-10-09,83000000,19,3572,0,48,0,0
Germany,Europe,2020-10-10,83000000,17,3589,0,49,0,0
Germany,Europe,2020-10-11,83000000,22,3611,0,49,0,0
Germany,Europe,2020-10-12,83000000,23,3633,0,49,0,0
Germany,Europe,2020-10-13,83000000,18,3652,0,50,0,0
Germany,Europe,2020-10-14,83000000,25,3676,0,50,0,0
Germany,Europe,2020-10-15,83000000,25,3701,0,50,0,0
Germany,Europe,2020-10-16,83000000,17,3718,0,51,0,0
Germany,Europe,2020-10-17,83000000,17,3735,0,51,0,0
Germany,Europe,2020-10-18,83000000,18,3753,0,51,0,0
Germany,Europe,2020-10-19,83000000,20,3773,0,51,0,0
Germany,Europe,2020-10-20,83000000,19,3792,0,51,0,0
Germany,Europe,2020-10-21,83000000,16,3808,0,52,0,0
Germany,Europe,2020-10-22,83000000,18,3826,0,52,0,0
Germany,Europe,2020-10-23,83000000,14,3840,0,52,0,0
Germany,Europe,2020-10-24,83000000,14,3854,0,52,0,0
Germany,Europe,2020-10-25,83000000,16,3870,0,52,0,0
Germany,Europe,2020-10-26,83000000,26,3896,0,53,0,0
Germany,Europe,2020-10-27,83000000,26,3922,0,53,0,0
Germany,Europe,2020-10-28,83000000,23,3945,0,54,0,0
Germany,Europe,2020-10-29,83000000,19,3964,0,54,0,0
Germany,Europe,2020-10-30,83000000,16,3980,0,54,0,0
Germany,Europe,2020-10-31,83000000,21,4000,0,54,0,0
Germany,Europe,2020-11-01,83000000,22,4022,0,54,0,0
Germany,Europe,2020-11-02,83000000,18,4040,0,55,0,0
Germany,Europe,2020-11-03,83000000,22,4062,0,55,0,0
Germany,Europe,2020-11-04,83000000,17,4079,0,55,0,0
Germany,Europe,2020-11-05,83000000,19,4098,0,55,0,0
Germany,Europe,2020-11-06,83000000,20,4118,0,56,0,0
Germany,Europe,2020-11-07,83000000,27,4145,0,56,0,0
Germany,Europe,2020-11-08,83000000,18,4163,0,56,0,0
Germany,Europe,2020-11-09,83000000,29,4192,1,57,0,0
Germany,Europe,2020-11-10,83000000,22,4214,0,57,0,0
Germany,Europe,2020-11-11,83000000,29,4243,1,57,0,0
Germany,Europe,2020-11-12,83000000,18,4261,0,58,0,0
Germany,Europe,2020-11-13,83000000,17,4278,0,58,0,0
Germany,Europe,2020-11-14,83000000,19,4297,0,58,0,0
Germany,Europe,2020-11-15,83000000,21,4318,0,58,0,0
Germany,Europe,2020-11-16,83000000,26,4344,0,59,0,0
Germany,Europe,2020-11-17,83000000,19,4364,0,59,0,0
Germany,Europe,2020-11-18,83000000,24,4388,0,59,0,0
Germany,Europe,2020-11-19,83000000,27,4415,1,60,0,0
Germany,Europe,2020-11-20,83000000,22,4437,0,60,0,0
Germany,Europe,2020-11-21,83000000,25,4462,0,61,0,0
Germany,Europe,2020-11-22,83000000,19,4481,0,61,0,0
Germany,Europe,2020-11-23,83000000,23,4503,0,61,0,0
Germany,Europe,2020-11-24,83000000,24,4527,0,61,0,0
Germany,Europe,2020-11-25,83000000,17,4544,0,62,0,0
Germany,Europe,2020-11-26,83000000,19,4562,0,62,0,0
Germany,Europe,2020-11-27,83000000,21,4583,0,62,0,0
Germany,Europe,2020-11-28,83000000,16,4599,0,62,0,0
Germany,Europe,2020-11-29,83000000,19,4618,0,63,0,0
Germany,Europe,2020-11-30,83000000,21,4639,0,63,0,0
Germany,Europe,2020-12-01,83000000,17,4656,0,63,0,0
Germany,Europe,2020-12-02,83000000,27,4684,0,63,0,0
Germany,Europe,2020-12-03,83000000,25,4709,0,64,0,0
Germany,Europe,2020-12-04,83000000,33,4742,0,64,0,0
Germany,Europe,2020-12-05,83000000,18,4759,0,64,0,0
Germany,Europe,2020-12-06,83000000,23,4783,0,64,0,0
Germany,Europe,2020-12-07,83000000,19,4802,0,65,0,0
Germany,Europe,2020-12-08,83000000,18,4820,0,65,0,0
Germany,Europe,2020-12-09,83000000,25,4845,0,65,0,0
Germany,Europe,2020-12-10,83000000,22,4867,0,65,0,0
Germany,Europe,2020-12-11,83000000,21,4888,0,66,0,0
Germany,Europe,2020-12-12,83000000,23,4911,0,66,0,0
Germany,Europe,2020-12-13,83000000,19,4930,0,66,0,0
Germany,Europe,2020-12-14,83000000,19,4949,0,66,0,0
Germany,Europe,2020-12-15,83000000,20,4969,0,67,0,0
Germany,Europe,2020-12-16,83000000,26,4995,0,67,0,0
Germany,Europe,2020-12-17,83000000,26,5020,0,68,0,0
Germany,Europe,2020-12-18,83000000,18,5038,0,68,0,0
Germany,Europe,2020-12-19,83000000,28,5066,0,68,0,0
Germany,Europe,2020-12-20,83000000,22,5088,0,68,0,0
Germany,Europe,2020-12-21,83000000,24,5112,0,69,0,0
Germany,Europe,2020-12-22,83000000,20,5131,0,69,0,0
Germany,Europe,2020-12-23,83000000,22,5154,0,69,0,0
Germany,Europe,2020-12-24,83000000,18,5172,0,69,0,0
Germany,Europe,2020-12-25,83000000,20,5192,0,70,0,0
Germany,Europe,2020-12-26,83000000,25,5217,1,70,0,0
Germany,Europe,2020-12-27,83000000,25,5242,0,70,0,0
Germany,Europe,2020-12-28,83000000,24,5266,0,71,0,0
Germany,Europe,2020-12-29,83000000,21,5287,0,71,0,0
Germany,Europe,2020-12-30,83000000,18,5305,0,71,0,0
Germany,Europe,2020-12-31,83000000,27,5332,0,72,0,0
Germany,Europe,2021-01-01,83000000,26,5357,0,72,0,0
Germany,Europe,2021-01-02,83000000,16,5374,0,72,0,0
Germany,Europe,2021-01-03,83000000,25,5399,1,73,0,0
Germany,Europe,2021-01-04,83000000,21,5420,0,73,0,0
Germany,Europe,2021-01-05,83000000,25,5445,0,73,0,0
Germany,Europe,2021-01-06,83000000,18,5463,0,74,0,0
Germany,Europe,2021-01-07,83000000,20,5483,0,74,0,0
Germany,Europe,2021-01-08,83000000,23,5506,0,74,0,0
Germany,Europe,2021-01-09,83000000,29,5535,0,75,0,0
Germany,Europe,2021-01-10,83000000,32,5566,1,75,0,0
Germany,Europe,2021-01-11,83000000,23,5589,0,75,0,0
Germany,Europe,2021-01-12,83000000,26,5616,0,76,0,0
Germany,Europe,2021-01-13,83000000,23,5639,0,76,0,0
Germany,Europe,2021-01-14,83000000,23,5662,0,76,0,0
Germany,Europe,2021-01-15,83000000,25,5687,0,77,5674,5674
Germany,Europe,2021-01-16,83000000,21,5708,0,77,5132,10805
Germany,Europe,2021-01-17,83000000,23,5730,0,77,4831,15636
Germany,Europe,2021-01-18,83000000,23,5754,0,78,5420,21057
Germany,Europe,2021-01-19,83000000,20,5774,0,78,6141,27198
Germany,Europe,2021-01-20,83000000,20,5794,0,78,5927,33125
Germany,Europe,2021-01-21,83000000,29,5823,0,79,6536,39661
Germany,Europe,2021-01-22,83000000,24,5847,0,79,6706,46367
Germany,Europe,2021-01-23,83000000,20,5867,0,79,5350,51717
Germany,Europe,2021-01-24,83000000,19,5886,0,79,6394,58111
Germany,Europe,2021-01-25,83000000,18,5904,0,79,5492,63603
Germany,Europe,2021-01-26,83000000,26,5930,0,80,6976,70579
Germany,Europe,2021-01-27,83000000,21,5951,0,80,6311,76890
Germany,Europe,2021-01-28,83000000,22,5973,0,81,7836,84726
Germany,Europe,2021-01-29,83000000,21,5994,0,81,5979,90705
Germany,Europe,2021-01-30,83000000,21,6015,0,81,6261,96967
Germany,Europe,2021-01-31,83000000,20,6035,0,82,7048,104015
Germany,Europe,2021-02-01,83000000,23,6058,0,82,7759,111774
Germany,Europe,2021-02-02,83000000,23,6082,0,82,8013,119787
Germany,Europe,2021-02-03,83000000,26,6108,1,83,8424,128210
Germany,Europe,2021-02-04,83000000,30,6138,1,83,8960,137170
Germany,Europe,2021-02-05,83000000,31,6168,1,84,8108,145278
Germany,Europe,2021-02-06,83000000,14,6182,0,84,8508,153786
Germany,Europe,2021-02-07,83000000,23,6205,0,85,7749,161535
Germany,Europe,2021-02-08,83000000,22,6227,0,85,9084,170619
Germany,Europe,2021-02-09,83000000,23,6250,0,85,8149,178769
Germany,Europe,2021-02-10,83000000,24,6274,0,86,9554,188322
Germany,Europe,2021-02-11,83000000,21,6294,0,86,9149,197471
Germany,Europe,2021-02-12,83000000,24,6318,0,86,9572,207043
Germany,Europe,2021-02-13,83000000,27,6345,1,87,9319,216362
Germany,Europe,2021-02-14,83000000,22,6367,0,87,10985,227348
Germany,Europe,2021-02-15,83000000,17,6384,0,87,8824,236171
Germany,Europe,2021-02-16,83000000,25,6409,0,88,10086,246258
Germany,Europe,2021-02-17,83000000,27,6436,0,88,11193,257451
Germany,Europe,2021-02-18,83000000,18,6455,0,89,10301,267752
Germany,Europe,2021-02-19,83000000,13,6468,0,89,11528,279280
Germany,Europe,2021-02-20,83000000,27,6495,0,89,11910,291190
Germany,Europe,2021-02-21,83000000,25,6520,0,89,10487,301678
Germany,Europe,2021-02-22,83000000,29,6549,0,90,11299,312977
Germany,Europe,2021-02-23,83000000,23,6571,0,90,11751,324728
Germany,Europe,2021-02-24,83000000,20,6592,0,90,13210,337939
Germany,Europe,2021-02-25,83000000,27,6619,0,91,13479,351418
Germany,Europe,2021-02-26,83000000,21,6640,0,91,11293,362711
Germany,Europe,2021-02-27,83000000,20,6660,0,92,14815,377526
Germany,Europe,2021-02-28,83000000,28,6688,0,92,12795,390321
Germany,Europe,2021-03-01,83000000,21,6709,0,92,13262,403583
Germany,Europe,2021-03-02,83000000,19,6729,0,93,12986,416569
Germany,Europe,2021-03-03,83000000,30,6758,0,93,15325,431894
Germany,Europe,2021-03-04,83000000,24,6782,0,93,14171,446065
Germany,Europe,2021-03-05,83000000,23,6806,0,94,14411,460477
Germany,Europe,2021-03-06,83000000,33,6838,0,94,13765,474242
Germany,Europe,2021-03-07,83000000,19,6857,0,94,15994,490236
Germany,Europe,2021-03-08,83000000,26,6884,0,95,16497,506733
Germany,Europe,2021-03-09,83000000,27,6911,0,95,19259,525992
Germany,Europe,2021-03-10,83000000,16,6928,0,95,16337,542329
Germany,Europe,2021-03-11,83000000,20,6948,0,96,17238,559568
Germany,Europe,2021-03-12,83000000,28,6976,0,96,15745,575312
Germany,Europe,2021-03-13,83000000,25,7001,0,96,16282,591594
Germany,Europe,2021-03-14,83000000,26,7027,0,97,21258,612852
Germany,Europe,2021-03-15,83000000,22,7050,0,97,18402,631254
Germany,Europe,2021-03-16,83000000,18,7067,0,97,22015,653270
Germany,Europe,2021-03-17,83000000,28,7096,0,97,17055,670325
Germany,Europe,2021-03-18,83000000,24,7120,0,98,20643,690968
Germany,Europe,2021-03-19,83000000,21,7141,0,98,23208,714177
Germany,Europe,2021-03-20,83000000,21,7162,0,98,22749,736926
Germany,Europe,2021-03-21,83000000,24,7186,0,99,19854,756780
Germany,Europe,2021-03-22,83000000,15,7201,0,99,18791,775571
Germany,Europe,2021-03-23,83000000,22,7223,0,99,21439,797010
Germany,Europe,2021-03-24,83000000,29,7252,0,100,24693,821703
Germany,Europe,2021-03-25,83000000,27,7278,0,100,22075,843778
Germany,Europe,2021-03-26,83000000,27,7305,0,100,22459,866237
Germany,Europe,2021-03-27,83000000,21,7326,0,101,23392,889629
Germany,Europe,2021-03-28,83000000,28,7354,1,101,22570,912198
Germany,Europe,2021-03-29,83000000,20,7374,0,101,24976,937175
Germany,Europe,2021-03-30,83000000,31,7405,1,102,25651,962826
Germany,Europe,2021-03-31,83000000,22,7427,0,102,29448,992274
Germany,Europe,2021-04-01,83000000,26,7454,0,102,27141,1019414
Germany,Europe,2021-04-02,83000000,22,7475,0,103,24076,1043491
Germany,Europe,2021-04-03,83000000,28,7503,0,103,24605,1068095
Germany,Europe,2021-04-04,83000000,22,7525,0,103,31784,1099879
Germany,Europe,2021-04-05,83000000,26,7551,0,104,28915,1128795
Germany,Europe,2021-04-06,83000000,17,7568,0,104,29995,1158790
Germany,Europe,2021-04-07,83000000,22,7590,0,104,33520,1192309
Germany,Europe,2021-04-08,83000000,32,7622,1,105,29197,1221507
Germany,Europe,2021-04-09,83000000,23,7645,0,105,29933,1251439
Germany,Europe,2021-04-10,83000000,30,7674,1,106,28863,1280302
Germany,Europe,2021-04-11,83000000,27,7701,0,106,32010,1312312
Germany,Europe,2021-04-12,83000000,27,7729,0,107,33935,1346247
Germany,Europe,2021-04-13,83000000,22,7750,0,107,32752,1378999
Germany,Europe,2021-04-14,83000000,19,7769,0,107,38149,1417148
Germany,Europe,2021-04-15,83000000,30,7800,0,108,36476,1453624
Germany,Europe,2021-04-16,83000000,18,7818,0,108,33721,1487345
Germany,Europe,2021-04-17,83000000,20,7838,0,108,35711,1523056
Germany,Europe,2021-04-18,83000000,20,7858,0,109,32285,1555341
Germany,Europe,2021-04-19,83000000,24,7883,0,109,41169,1596510
Germany,Europe,2021-04-20,83000000,30,7913,0,109,41585,1638095
Germany,Europe,2021-04-21,83000000,28,7941,0,110,40685,1678780
Germany,Europe,2021-04-22,83000000,26,7967,0,110,42317,1721098
Germany,Europe,2021-04-23,83000000,24,7991,0,110,36199,1757296
Germany,Europe,2021-04-24,83000000,21,8012,0,111,33942,1791239
Germany,Europe,2021-04-25,83000000,21,8033,0,111,37389,1828628
Germany,Europe,2021-04-26,83000000,22,8056,0,111,41507,1870135
Germany,Europe,2021-04-27,83000000,22,8078,0,111,40489,1910624
Germany,Europe,2021-04-28,83000000,21,8099,0,112,44545,1955169
Germany,Europe,2021-04-29,83000000,24,8123,0,112,45558,2000727
Germany,Europe,2021-04-30,83000000,26,8149,0,112,46375,2047102
Germany,Europe,2021-05-01,83000000,26,8176,1,113,46270,2093372
Germany,Europe,2021-05-02,83000000,27,8203,0,113,45891,2139263
Germany,Europe,2021-05-03,83000000,25,8228,0,114,51082,2190345
Germany,Europe,2021-05-04,83000000,25,8253,0,114,49878,2240223
Germany,Europe,2021-05-05,83000000,22,8275,0,114,52221,2292443
Germany,Europe,2021-05-06,83000000,24,8298,0,115,47691,2340134
Germany,Europe,2021-05-07,83000000,25,8323,0,115,52798,2392932
Germany,Europe,2021-05-08,83000000,28,8351,0,115,54294,2447226
Germany,Europe,2021-05-09,83000000,34,8386,1,116,47708,2494934
Germany,Europe,2021-05-10,83000000,24,8410,0,116,49445,2544379
Germany,Europe,2021-05-11,83000000,28,8438,0,117,56945,2601324
Germany,Europe,2021-05-12,83000000,32,8470,0,117,43749,2645073
Germany,Europe,2021-05-13,83000000,24,8494,0,117,51734,2696806
Germany,Europe,2021-05-14,83000000,21,8515,0,118,55582,2752388
Germany,Europe,2021-05-15,83000000,30,8545,0,118,53001,2805389
Germany,Europe,2021-05-16,83000000,25,8570,0,119,48933,2854322
Germany,Europe,2021-05-17,83000000,29,8599,0,119,46972,2901295
Germany,Europe,2021-05-18,83000000,20,8619,0,119,59589,2960883
Germany,Europe,2021-05-19,83000000,28,8647,0,119,51460,3012343
Germany,Europe,2021-05-20,83000000,27,8674,0,120,55653,3067996
Germany,Europe,2021-05-21,83000000,23,8697,0,120,60306,3128302
Germany,Europe,2021-05-22,83000000,30,8727,0,120,54229,3182531
Germany,Europe,2021-05-23,83000000,27,8755,0,121,52211,3234743
Germany,Europe,2021-05-24,83000000,22,8776,0,121,61972,3296714
Germany,Europe,2021-05-25,83000000,21,8798,0,121,63658,3360373
Germany,Europe,2021-05-26,83000000,21,8819,0,121,51751,3412124
Germany,Europe,2021-05-27,83000000,22,8840,0,122,59527,3471651
Germany,Europe,2021-05-28,83000000,26,8866,0,122,68085,3539735
Germany,Europe,2021-05-29,83000000,26,8893,0,122,64397,3604132
Germany,Europe,2021-05-30,83000000,24,8917,0,123,63192,3667324
Germany,Europe,2021-05-31,83000000,30,8948,0,123,64336,3731660
Germany,Europe,2021-06-01,83000000,28,8976,1,124,71482,3803142
Germany,Europe,2021-06-02,83000000,26,9002,0,124,73504,3876646
Germany,Europe,2021-06-03,83000000,25,9027,0,124,72314,3948960
Germany,Europe,2021-06-04,83000000,24,9051,0,125,71051,4020011
Germany,Europe,2021-06-05,83000000,24,9075,0,125,60038,4080049
Germany,Europe,2021-06-06,83000000,24,9099,0,125,62618,4142668
Germany,Europe,2021-06-07,83000000,31,9130,0,126,69112,4211779
Germany,Europe,2021-06-08,83000000,22,9152,0,126,74871,4286651
Germany,Europe,2021-06-09,83000000,32,9184,1,127,63173,4349823
Germany,Europe,2021-06-10,83000000,21,9205,0,127,72235,4422058
Germany,Europe,2021-06-11,83000000,21,9226,0,127,75784,4497842
Germany,Europe,2021-06-12,83000000,25,9251,0,128,67532,4565374
Germany,Europe,2021-06-13,83000000,28,9280,0,128,70312,4635686
Germany,Europe,2021-06-14,83000000,30,9309,0,129,69699,4705385
Germany,Europe,2021-06-15,83000000,28,9338,1,129,68599,4773984
Germany,Europe,2021-06-16,83000000,21,9359,0,129,77129,4851113
Germany,Europe,2021-06-17,83000000,31,9390,1,130,64080,4915193
Germany,Europe,2021-06-18,83000000,27,9417,1,131,80064,4995257
Germany,Europe,2021-06-19,83000000,28,9445,1,131,66263,5061521
Germany,Europe,2021-06-20,83000000,30,9475,0,131,84061,5145581
Germany,Europe,2021-06-21,83000000,28,9503,0,132,84161,5229742
Germany,Europe,2021-06-22,83000000,28,9531,0,132,77073,5306815
Germany,Europe,2021-06-23,83000000,25,9556,0,132,72163,5378979
Germany,Europe,2021-06-24,83000000,31,9587,0,133,78398,5457376
Germany,Europe,2021-06-25,83000000,29,9616,0,133,84773,5542149
Germany,Europe,2021-06-26,83000000,29,9644,0,134,68077,5610226
Germany,Europe,2021-06-27,83000000,30,9674,0,134,88149,5698375
Germany,Europe,2021-06-28,83000000,22,9696,0,134,68035,5766411
Germany,Europe,2021-06-29,83000000,29,9725,0,135,81041,5847452
Germany,Europe,2021-06-30,83000000,20,9745,0,135,90676,5938127
Germany,Europe,2021-07-01,83000000,25,9770,0,135,92109,6030236
Germany,Europe,2021-07-02,83000000,20,9790,0,136,75167,6105403
Germany,Europe,2021-07-03,83000000,23,9813,0,136,70028,6175431
Germany,Europe,2021-07-04,83000000,32,9845,0,136,82291,6257722
Germany,Europe,2021-07-05,83000000,28,9874,0,137,74745,6332467
Germany,Europe,2021-07-06,83000000,19,9893,0,137,76782,6409249
Germany,Europe,2021-07-07,83000000,21,9914,0,137,75304,6484553
Germany,Europe,2021-07-08,83000000,27,9941,0,138,90796,6575348
Germany,Europe,2021-07-09,83000000,26,9967,0,138,87297,6662646
Germany,Europe,2021-07-10,83000000,22,9989,0,138,85930,6748576
Germany,Europe,2021-07-11,83000000,30,10019,0,139,87775,6836351
Germany,Europe,2021-07-12,83000000,27,10046,0,139,97648,6933998
Germany,Europe,2021-07-13,83000000,23,10069,0,139,84706,7018705
Germany,Europe,2021-07-14,83000000,30,10099,1,140,95273,7113978
Germany,Europe,2021-07-15,83000000,29,10128,0,140,81951,7195929
Germany,Europe,2021-07-16,83000000,23,10151,0,140,93569,7289498
Germany,Europe,2021-07-17,83000000,23,10174,0,141,81088,7370587
Germany,Europe,2021-07-18,83000000,28,10202,0,141,87755,7458341
Germany,Europe,2021-07-19,83000000,22,10224,0,141,87392,7545733
Germany,Europe,2021-07-20,83000000,31,10255,0,142,79669,7625402
Germany,Europe,2021-07-21,83000000,28,10283,0,142,86264,7711665
Germany,Europe,2021-07-22,83000000,25,10308,0,143,94226,7805892
Germany,Europe,2021-07-23,83000000,31,10339,0,143,96548,7902440
Germany,Europe,2021-07-24,83000000,22,10361,0,143,99015,8001455
Germany,Europe,2021-07-25,83000000,26,10387,0,143,89891,8091346
Germany,Europe,2021-07-26,83000000,30,10417,0,144,101672,8193018
Germany,Europe,2021-07-27,83000000,25,10442,0,144,80847,8273866
Germany,Europe,2021-07-28,83000000,28,10470,0,144,94950,8368815
Germany,Europe,2021-07-29,83000000,26,10496,0,145,87927,8456742
Germany,Europe,2021-07-30,83000000,17,10513,0,145,96495,8553237
Germany,Europe,2021-07-31,83000000,24,10538,0,145,105399,8658636
Germany,Europe,2021-08-01,83000000,13,10551,0,145,93472,8752108
Germany,Europe,2021-08-02,83000000,27,10578,1,146,89879,8841987
Germany,Europe,2021-08-03,83000000,32,10611,0,146,82025,8924012
Germany,Europe,2021-08-04,83000000,20,10631,0,146,95106,9019118
Germany,Europe,2021-08-05,83000000,29,10659,0,147,82147,9101265
Germany,Europe,2021-08-06,83000000,29,10689,0,147,93523,9194788
Germany,Europe,2021-08-07,83000000,31,10720,1,148,95485,9290273
Germany,Europe,2021-08-08,83000000,19,10739,0,148,107407,9397681
Germany,Europe,2021-08-09,83000000,22,10761,0,148,83016,9480697
Germany,Europe,2021-08-10,83000000,29,10790,0,149,109393,9590090
Germany,Europe,2021-08-11,83000000,25,10816,0,149,83542,9673632
Germany,Europe,2021-08-12,83000000,25,10840,0,150,93531,9767163
Germany,Europe,2021-08-13,83000000,28,10868,0,150,99981,9867144
Germany,Europe,2021-08-14,83000000,21,10888,0,150,91943,9959087
Germany,Europe,2021-08-15,83000000,27,10915,0,151,91754,10050842
Germany,Europe,2021-08-16,83000000,25,10940,0,151,85619,10136460
Germany,Europe,2021-08-17,83000000,23,10963,0,151,103780,10240241
Germany,Europe,2021-08-18,83000000,30,10993,1,152,85737,10325977
Germany,Europe,2021-08-19,83000000,30,11023,0,152,103163,10429140
Germany,Europe,2021-08-20,83000000,29,11053,0,153,103188,10532329
Germany,Europe,2021-08-21,83000000,26,11079,0,153,94255,10626584
Germany,Europe,2021-08-22,83000000,29,11108,1,154,97880,10724464
Germany,Europe,2021-08-23,83000000,19,11127,0,154,95299,10819763
Germany,Europe,2021-08-24,83000000,24,11151,0,154,104796,10924559
Germany,Europe,2021-08-25,83000000,23,11173,0,155,85267,11009826
Germany,Europe,2021-08-26,83000000,22,11195,0,155,88194,11098020
Germany,Europe,2021-08-27,83000000,21,11216,0,155,112061,11210081
Germany,Europe,2021-08-28,83000000,22,11239,0,155,94773,11304854
Germany,Europe,2021-08-29,83000000,26,11265,0,156,99533,11404387
Germany,Europe,2021-08-30,83000000,25,11290,0,156,92322,11496710
Germany,Europe,2021-08-31,83000000,22,11312,0,156,99483,11596192
Germany,Europe,2021-09-01,83000000,20,11332,0,157,85323,11681515
Germany,Europe,2021-09-02,83000000,21,11353,0,157,89999,11771514
Germany,Europe,2021-09-03,83000000,24,11377,0,157,109420,11880934
Germany,Europe,2021-09-04,83000000,22,11400,0,158,91298,11972232
Germany,Europe,2021-09-05,83000000,27,11426,0,158,112429,12084661
Germany,Europe,2021-09-06,83000000,27,11453,0,158,114974,12199635
Germany,Europe,2021-09-07,83000000,25,11478,0,159,107274,12306908
Germany,Europe,2021-09-08,83000000,26,11504,0,159,98952,12405860
Germany,Europe,2021-09-09,83000000,23,11527,0,159,97394,12503254
Germany,Europe,2021-09-10,83000000,21,11548,0,160,103844,12607098
Germany,Europe,2021-09-11,83000000,19,11567,0,160,89124,12696222
Germany,Europe,2021-09-12,83000000,22,11589,0,160,94710,12790932
Germany,Europe,2021-09-13,83000000,23,11611,0,161,100821,12891753
Germany,Europe,2021-09-14,83000000,22,11633,0,161,96009,12987762
Germany,Europe,2021-09-15,83000000,21,11654,0,161,110153,13097915
Germany,Europe,2021-09-16,83000000,19,11674,0,162,104400,13202315
Germany,Europe,2021-09-17,83000000,20,11694,0,162,94114,13296430
Germany,Europe,2021-09-18,83000000,19,11713,0,162,102469,13398898
Germany,Europe,2021-09-19,83000000,24,11737,0,162,106312,13505211
Germany,Europe,2021-09-20,83000000,22,11760,0,163,103924,13609135
Germany,Europe,2021-09-21,83000000,19,11779,0,163,96214,13705349
Germany,Europe,2021-09-22,83000000,19,11798,0,163,88391,13793740
Germany,Europe,2021-09-23,83000000,24,11822,0,163,100997,13894736
Germany,Europe,2021-09-24,83000000,18,11840,0,164,99017,13993753
Germany,Europe,2021-09-25,83000000,20,11861,0,164,116335,14110089
Germany,Europe,2021-09-26,83000000,18,11878,0,164,102867,14212955
Germany,Europe,2021-09-27,83000000,22,11900,0,164,96963,14309918
Germany,Europe,2021-09-28,83000000,15,11914,0,165,104473,14414391
Germany,Europe,2021-09-29,83000000,15,11930,0,165,99283,14513673
Germany,Europe,2021-09-30,83000000,20,11949,0,165,117404,14631077
Germany,Europe,2021-10-01,83000000,14,11964,0,165,100790,14731867
Germany,Europe,2021-10-02,83000000,17,11981,0,166,94802,14826669
Germany,Europe,2021-10-03,83000000,21,12002,0,166,111892,14938561
Germany,Europe,2021-10-04,83000000,25,12027,0,166,109954,15048515
Germany,Europe,2021-10-05,83000000,18,12046,0,167,87925,15136440
Germany,Europe,2021-10-06,83000000,23,12069,0,167,98836,15235276
Germany,Europe,2021-10-07,83000000,16,12085,0,167,95962,15331238
Germany,Europe,2021-10-08,83000000,21,12106,0,167,102950,15434187
Germany,Europe,2021-10-09,83000000,15,12121,0,168,93347,15527534
Germany,Europe,2021-10-10,83000000,20,12140,0,168,112077,15639611
Germany,Europe,2021-10-11,83000000,25,12165,0,168,92481,15732092
Germany,Europe,2021-10-12,83000000,18,12183,0,169,113796,15845888
Germany,Europe,2021-10-13,83000000,18,12201,0,169,92591,15938479
Germany,Europe,2021-10-14,83000000,17,12218,0,169,102969,16041448
Germany,Europe,2021-10-15,83000000,21,12239,0,169,109785,16151233
Germany,Europe,2021-10-16,83000000,21,12260,0,170,98152,16249385
Germany,Europe,2021-10-17,83000000,15,12276,0,170,113212,16362597
Germany,Europe,2021-10-18,83000000,21,12297,0,170,89638,16452235
Germany,Europe,2021-10-19,83000000,18,12314,0,170,103929,16556163
Germany,Europe,2021-10-20,83000000,20,12334,0,171,95529,16651692
Germany,Europe,2021-10-21,83000000,16,12350,0,171,94815,16746507
Germany,Europe,2021-10-22,83000000,16,12365,0,171,117639,16864147
Germany,Europe,2021-10-23,83000000,19,12385,0,171,119594,16983741
Germany,Europe,2021-10-24,83000000,14,12399,0,172,112754,17096495
Germany,Europe,2021-10-25,83000000,15,12414,0,172,113674,17210169
Germany,Europe,2021-10-26,83000000,16,12430,0,172,105684,17315854
Germany,Europe,2021-10-27,83000000,13,12443,0,172,110686,17426540
Germany,Europe,2021-10-28,83000000,20,12463,0,173,105920,17532460
Germany,Europe,2021-10-29,83000000,16,12480,0,173,104698,17637158
Germany,Europe,2021-10-30,83000000,17,12497,0,173,96910,17734068
Germany,Europe,2021-10-31,83000000,16,12513,0,173,105149,17839218
Germany,Europe,2021-11-01,83000000,16,12529,0,173,118125,17957342
Germany,Europe,2021-11-02,83000000,14,12543,0,174,113737,18071080
Germany,Europe,2021-11-03,83000000,21,12563,0,174,93209,18164289
Germany,Europe,2021-11-04,83000000,18,12581,0,174,112364,18276653
Germany,Europe,2021-11-05,83000000,20,12601,0,174,120191,18396844
Germany,Europe,2021-11-06,83000000,13,12615,0,175,97109,18493953
Germany,Europe,2021-11-07,83000000,16,12631,0,175,119344,18613296
Germany,Europe,2021-11-08,83000000,17,12648,0,175,100713,18714009
Germany,Europe,2021-11-09,83000000,19,12667,0,175,109310,18823319
Germany,Europe,2021-11-10,83000000,17,12684,0,176,104854,18928173
Germany,Europe,2021-11-11,83000000,18,12702,0,176,104307,19032480
Germany,Europe,2021-11-12,83000000,18,12720,0,176,102243,19134723
Germany,Europe,2021-11-13,83000000,15,12735,0,176,94487,19229209
Germany,Europe,2021-11-14,83000000,16,12751,0,177,116481,19345691
Germany,Europe,2021-11-15,83000000,12,12764,0,177,98684,19444374
Germany,Europe,2021-11-16,83000000,13,12777,0,177,116191,19560566
Germany,Europe,2021-11-17,83000000,15,12792,0,177,108110,19668675
Germany,Europe,2021-11-18,83000000,19,12810,0,178,91230,19759905
Germany,Europe,2021-11-19,83000000,14,12824,0,178,116749,19876654
Germany,Europe,2021-11-20,83000000,12,12836,0,178,100001,19976654
Germany,Europe,2021-11-21,83000000,14,12850,0,178,116358,20093012
Germany,Europe,2021-11-22,83000000,15,12865,0,178,111450,20204462
Germany,Europe,2021-11-23,83000000,13,12878,0,179,103091,20307553
Germany,Europe,2021-11-24,83000000,12,12890,0,179,97912,20405465
Germany,Europe,2021-11-25,83000000,11,12902,0,179,108549,20514014
Germany,Europe,2021-11-26,83000000,16,12917,0,179,102996,20617010
Germany,Europe,2021-11-27,83000000,11,12928,0,179,101198,20718208
Germany,Europe,2021-11-28,83000000,14,12942,0,180,95476,20813684
Germany,Europe,2021-11-29,83000000,13,12955,0,180,112362,20926046
Germany,Europe,2021-11-30,83000000,14,12970,0,180,112404,21038450
Germany,Europe,2021-12-01,83000000,14,12983,0,180,116006,21154455
Germany,Europe,2021-12-02,83000000,10,12994,0,180,118761,21273217
Germany,Europe,2021-12-03,83000000,11,13005,0,180,116488,21389704
Germany,Europe,2021-12-04,83000000,10,13015,0,181,93624,21483328
Germany,Europe,2021-12-05,83000000,15,13030,0,181,90693,21574021
Germany,Europe,2021-12-06,83000000,9,13039,0,181,108937,21682957
Germany,Europe,2021-12-07,83000000,10,13049,0,181,106639,21789596
Germany,Europe,2021-12-08,83000000,11,13060,0,181,116267,21905863
Germany,Europe,2021-12-09,83000000,10,13070,0,181,115902,22021765
Germany,Europe,2021-12-10,83000000,11,13081,0,181,99442,22121208
Germany,Europe,2021-12-11,83000000,10,13091,0,182,104823,22226031
Germany,Europe,2021-12-12,83000000,12,13103,0,182,119606,22345637
Germany,Europe,2021-12-13,83000000,11,13114,0,182,90242,22435879
Germany,Europe,2021-12-14,83000000,8,13122,0,182,100361,22536240
Germany,Europe,2021-12-15,83000000,12,13134,0,182,106101,22642341
Germany,Europe,2021-12-16,83000000,11,13145,0,182,102169,22744510
Germany,Europe,2021-12-17,83000000,6,13151,0,182,95171,22839682
Germany,Europe,2021-12-18,83000000,12,13163,0,183,111070,22950752
Germany,Europe,2021-12-19,83000000,9,13171,0,183,108581,23059333
Germany,Europe,2021-12-20,83000000,9,13180,0,183,105536,23164869
Germany,Europe,2021-12-21,83000000,13,13193,0,183,112648,23277517
Germany,Europe,2021-12-22,83000000,10,13203,0,183,92061,23369578
Germany,Europe,2021-12-23,83000000,9,13212,0,183,120337,23489915
Germany,Europe,2021-12-24,83000000,9,13221,0,183,105373,23595289
Germany,Europe,2021-12-25,83000000,8,13229,0,183,120158,23715446
Germany,Europe,2021-12-26,83000000,7,13236,0,184,99888,23815334
Germany,Europe,2021-12-27,83000000,10,13246,0,184,117632,23932966
Germany,Europe,2021-12-28,83000000,6,13253,0,184,91057,24024023
Germany,Europe,2021-12-29,83000000,9,13262,0,184,104310,24128332
Germany,Europe,2021-12-30,83000000,8,13270,0,184,93969,24222301
Germany,Europe,2021-12-31,83000000,6,13276,0,184,118532,24340833
Germany,Europe,2022-01-01,83000000,8,13284,0,184,101896,24442730
Germany,Europe,2022-01-02,83000000,9,13292,0,184,95629,24538359
Germany,Europe,2022-01-03,83000000,7,13300,0,185,91059,24629417
Germany,Europe,2022-01-04,83000000,11,13310,0,185,114292,24743709
Germany,Europe,2022-01-05,83000000,8,13319,0,185,119539,24863248
Germany,Europe,2022-01-06,83000000,8,13327,0,185,106052,24969300
Germany,Europe,2022-01-07,83000000,7,13334,0,185,95691,25064991
Germany,Europe,2022-01-08,83000000,7,13341,0,185,118975,25183966
Germany,Europe,2022-01-09,83000000,8,13348,0,185,90245,25274211
Germany,Europe,2022-01-10,83000000,8,13356,0,185,117990,25392201
Germany,Europe,2022-01-11,83000000,7,13364,0,185,118500,25510701
Germany,Europe,2022-01-12,83000000,8,13371,0,186,107984,25618685
Germany,Europe,2022-01-13,83000000,6,13378,0,186,114394,25733079
Germany,Europe,2022-01-14,83000000,6,13384,0,186,97484,25830563
Germany,Europe,2022-01-15,83000000,8,13392,0,186,106801,25937364
Germany,Europe,2022-01-16,83000000,6,13398,0,186,104348,26041712
Germany,Europe,2022-01-17,83000000,7,13405,0,186,98327,26140039
Germany,Europe,2022-01-18,83000000,8,13412,0,186,108671,26248711
Germany,Europe,2022-01-19,83000000,6,13418,0,186,111794,26360505
Germany,Europe,2022-01-20,83000000,6,13424,0,186,106149,26466654
Germany,Europe,2022-01-21,83000000,6,13430,0,186,121404,26588058
Germany,Europe,2022-01-22,83000000,7,13437,0,186,96586,26684643
Germany,Europe,2022-01-23,83000000,5,13442,0,187,108864,26793507
Germany,Europe,2022-01-24,83000000,6,13448,0,187,111012,26904519
Germany,Europe,2022-01-25,83000000,5,13453,0,187,112937,27017456
Germany,Europe,2022-01-26,83000000,6,13459,0,187,114251,27131707
Germany,Europe,2022-01-27,83000000,5,13464,0,187,101995,27233702
Germany,Europe,2022-01-28,83000000,5,13469,0,187,116507,27350209
Germany,Europe,2022-01-29,83000000,6,13475,0,187,97841,27448050
Germany,Europe,2022-01-30,83000000,4,13479,0,187,121105,27569154
Germany,Europe,2022-01-31,83000000,5,13484,0,187,112546,27681700
France,Europe,2020-02-01,65000000,4,4,0,0,0,0
France,Europe,2020-02-02,65000000,4,8,0,0,0,0
France,Europe,2020-02-03,65000000,3,11,0,0,0,0
France,Europe,2020-02-04,65000000,4,15,0,0,0,0
France,Europe,2020-02-05,65000000,5,20,0,0,0,0
France,Europe,2020-02-06,65000000,4,24,0,0,0,0
France,Europe,2020-02-07,65000000,4,28,0,0,0,0
France,Europe,2020-02-08,65000000,5,33,0,0,0,0
France,Europe,2020-02-09,65000000,5,37,0,0,0,0
France,Europe,2020-02-10,65000000,5,43,0,1,0,0
France,Europe,2020-02-11,65000000,5,47,0,1,0,0
France,Europe,2020-02-12,65000000,4,51,0,1,0,0
France,Europe,2020-02-13,65000000,6,58,0,1,0,0
France,Europe,2020-02-14,65000000,5,62,0,1,0,0
France,Europe,2020-02-15,65000000,4,67,0,1,0,0
France,Europe,2020-02-16,65000000,5,72,0,1,0,0
France,Europe,2020-02-17,65000000,5,76,0,1,0,0
France,Europe,2020-02-18,65000000,6,82,0,1,0,0
France,Europe,2020-02-19,65000000,6,88,0,1,0,0
France,Europe,2020-02-20,65000000,5,93,0,1,0,0
France,Europe,2020-02-21,65000000,6,99,0,1,0,0
France,Europe,2020-02-22,65000000,5,104,0,1,0,0
France,Europe,2020-02-23,65000000,5,109,0,1,0,0
France,Europe,2020-02-24,65000000,5,114,0,2,0,0
France,Europe,2020-02-25,65000000,5,119,0,2,0,0
France,Europe,2020-02-26,65000000,7,127,0,2,0,0
France,Europe,2020-02-27,65000000,7,133,0,2,0,0
France,Europe,2020-02-28,65000000,4,137,0,2,0,0
France,Europe,2020-02-29,65000000,5,142,0,2,0,0
France,Europe,2020-03-01,65000000,5,147,0,2,0,0
France,Europe,2020-03-02,65000000,6,153,0,2,0,0
France,Europe,2020-03-03,65000000,6,159,0,2,0,0
France,Europe,2020-03-04,65000000,8,167,0,2,0,0
France,Europe,2020-03-05,65000000,6,173,0,2,0,0
France,Europe,2020-03-06,65000000,8,181,0,2,0,0
France,Europe,2020-03-07,65000000,6,187,0,3,0,0
France,Europe,2020-03-08,65000000,9,196,0,3,0,0
France,Europe,2020-03-09,65000000,6,203,0,3,0,0
France,Europe,2020-03-10,65000000,7,209,0,3,0,0
France,Europe,2020-03-11,65000000,8,217,0,3,0,0
France,Europe,2020-03-12,65000000,8,225,0,3,0,0
France,Europe,2020-03-13,65000000,6,230,0,3,0,0
France,Europe,2020-03-14,65000000,7,237,0,3,0,0
France,Europe,2020-03-15,65000000,7,244,0,3,0,0
France,Europe,2020-03-16,65000000,7,251,0,3,0,0
France,Europe,2020-03-17,65000000,7,258,0,4,0,0
France,Europe,2020-03-18,65000000,7,265,0,4,0,0
France,Europe,2020-03-19,65000000,8,273,0,4,0,0
France,Europe,2020-03-20,65000000,6,279,0,4,0,0
France,Europe,2020-03-21,65000000,6,285,0,4,0,0
France,Europe,2020-03-22,65000000,9,294,0,4,0,0
France,Europe,2020-03-23,65000000,9,303,0,4,0,0
France,Europe,2020-03-24,65000000,9,312,0,4,0,0
France,Europe,2020-03-25,65000000,8,320,0,5,0,0
France,Europe,2020-03-26,65000000,8,327,0,5,0,0
France,Europe,2020-03-27,65000000,7,335,0,5,0,0
France,Europe,2020-03-28,65000000,7,342,0,5,0,0
France,Europe,2020-03-29,65000000,8,350,0,5,0,0
France,Europe,2020-03-30,65000000,10,360,0,5,0,0
France,Europe,2020-03-31,65000000,8,368,0,5,0,0
France,Europe,2020-04-01,65000000,10,378,0,5,0,0
France,Europe,2020-04-02,65000000,7,384,0,5,0,0
France,Europe,2020-04-03,65000000,9,393,0,6,0,0
France,Europe,2020-04-04,65000000,9,403,0,6,0,0
France,Europe,2020-04-05,65000000,8,411,0,6,0,0
France,Europe,2020-04-06,65000000,8,419,0,6,0,0
France,Europe,2020-04-07,65000000,10,429,0,6,0,0
France,Europe,2020-04-08,65000000,9,438,0,6,0,0
France,Europe,2020-04-09,65000000,13,451,0,6,0,0
France,Europe,2020-04-10,65000000,11,462,0,6,0,0
France,Europe,2020-04-11,65000000,11,473,0,7,0,0
France,Europe,2020-04-12,65000000,6,479,0,7,0,0
France,Europe,2020-04-13,65000000,9,487,0,7,0,0
France,Europe,2020-04-14,65000000,8,495,0,7,0,0
France,Europe,2020-04-15,65000000,7,502,0,7,0,0
France,Europe,2020-04-16,65000000,10,512,0,7,0,0
France,Europe,2020-04-17,65000000,11,523,0,7,0,0
France,Europe,2020-04-18,65000000,9,532,0,8,0,0
France,Europe,2020-04-19,65000000,7,539,0,8,0,0
France,Europe,2020-04-20,65000000,9,548,0,8,0,0
France,Europe,2020-04-21,65000000,10,558,0,8,0,0
France,Europe,2020-04-22,65000000,10,568,0,8,0,0
France,Europe,2020-04-23,65000000,10,578,0,8,0,0
France,Europe,2020-04-24,65000000,11,589,0,8,0,0
France,Europe,2020-04-25,65000000,11,600,0,8,0,0
France,Europe,2020-04-26,65000000,12,612,0,9,0,0
France,Europe,2020-04-27,65000000,9,621,0,9,0,0
France,Europe,2020-04-28,65000000,10,631,0,9,0,0
France,Europe,2020-04-29,65000000,12,643,0,9,0,0
France,Europe,2020-04-30,65000000,11,654,0,9,0,0
France,Europe,2020-05-01,65000000,14,668,0,9,0,0
France,Europe,2020-05-02,65000000,10,678,0,10,0,0
France,Europe,2020-05-03,65000000,12,690,0,10,0,0
France,Europe,2020-05-04,65000000,10,700,0,10,0,0
France,Europe,2020-05-05,65000000,10,710,0,10,0,0
France,Europe,2020-05-06,65000000,13,723,0,10,0,0
France,Europe,2020-05-07,65000000,11,735,0,10,0,0
France,Europe,2020-05-08,65000000,12,747,0,10,0,0
France,Europe,2020-05-09,65000000,11,757,0,11,0,0
France,Europe,2020-05-10,65000000,11,768,0,11,0,0
France,Europe,2020-05-11,65000000,9,777,0,11,0,0
France,Europe,2020-05-12,65000000,12,789,0,11,0,0
France,Europe,2020-05-13,65000000,10,799,0,11,0,0
France,Europe,2020-05-14,65000000,12,811,0,11,0,0
France,Europe,2020-05-15,65000000,14,824,0,12,0,0
France,Europe,2020-05-16,65000000,9,833,0,12,0,0
France,Europe,2020-05-17,65000000,18,851,0,12,0,0
France,Europe,2020-05-18,65000000,11,862,0,12,0,0
France,Europe,2020-05-19,65000000,12,874,0,12,0,0
France,Europe,2020-05-20,65000000,13,887,0,13,0,0
France,Europe,2020-05-21,65000000,11,897,0,13,0,0
France,Europe,2020-05-22,65000000,12,909,0,13,0,0
France,Europe,2020-05-23,65000000,15,924,0,13,0,0
France,Europe,2020-05-24,65000000,14,938,0,13,0,0
France,Europe,2020-05-25,65000000,12,950,0,14,0,0
France,Europe,2020-05-26,65000000,13,962,0,14,0,0
France,Europe,2020-05-27,65000000,13,975,0,14,0,0
France,Europe,2020-05-28,65000000,14,989,0,14,0,0
France,Europe,2020-05-29,65000000,14,1003,0,14,0,0
France,Europe,2020-05-30,65000000,14,1017,0,15,0,0
France,Europe,2020-05-31,65000000,12,1030,0,15,0,0
France,Europe,2020-06-01,65000000,13,1043,0,15,0,0
France,Europe,2020-06-02,65000000,15,1058,0,15,0,0
France,Europe,2020-06-03,65000000,17,1075,0,15,0,0
France,Europe,2020-06-04,65000000,13,1089,0,16,0,0
France,Europe,2020-06-05,65000000,12,1101,0,16,0,0
France,Europe,2020-06-06,65000000,12,1113,0,16,0,0
France,Europe,2020-06-07,65000000,15,1127,0,16,0,0
France,Europe,2020-06-08,65000000,10,1137,0,16,0,0
France,Europe,2020-06-09,65000000,15,1152,0,16,0,0
France,Europe,2020-06-10,65000000,15,1167,0,17,0,0
France,Europe,2020-06-11,65000000,13,1179,0,17,0,0
France,Europe,2020-06-12,65000000,14,1193,0,17,0,0
France,Europe,2020-06-13,65000000,13,1207,0,17,0,0
France,Europe,2020-06-14,65000000,11,1218,0,17,0,0
France,Europe,2020-06-15,65000000,15,1232,0,17,0,0
France,Europe,2020-06-16,65000000,15,1247,0,18,0,0
France,Europe,2020-06-17,65000000,13,1260,0,18,0,0
France,Europe,2020-06-18,65000000,18,1278,0,18,0,0
France,Europe,2020-06-19,65000000,14,1292,0,18,0,0
France,Europe,2020-06-20,65000000,10,1302,0,18,0,0
France,Europe,2020-06-21,65000000,16,1318,0,19,0,0
France,Europe,2020-06-22,65000000,16,1334,0,19,0,0
France,Europe,2020-06-23,65000000,16,1350,0,19,0,0
France,Europe,2020-06-24,65000000,12,1362,0,19,0,0
France,Europe,2020-06-25,65000000,15,1377,0,20,0,0
France,Europe,2020-06-26,65000000,14,1391,0,20,0,0
France,Europe,2020-06-27,65000000,14,1405,0,20,0,0
France,Europe,2020-06-28,65000000,17,1422,0,20,0,0
France,Europe,2020-06-29,65000000,14,1436,0,21,0,0
France,Europe,2020-06-30,65000000,13,1449,0,21,0,0
France,Europe,2020-07-01,65000000,13,1463,0,21,0,0
France,Europe,2020-07-02,65000000,12,1475,0,21,0,0
France,Europe,2020-07-03,65000000,15,1490,0,21,0,0
France,Europe,2020-07-04,65000000,18,1507,0,22,0,0
France,Europe,2020-07-05,65000000,14,1521,0,22,0,0
France,Europe,2020-07-06,65000000,15,1536,0,22,0,0
France,Europe,2020-07-07,65000000,14,1550,0,22,0,0
France,Europe,2020-07-08,65000000,14,1564,0,22,0,0
France,Europe,2020-07-09,65000000,16,1581,0,23,0,0
France,Europe,2020-07-10,65000000,12,1593,0,23,0,0
France,Europe,2020-07-11,65000000,11,1604,0,23,0,0
France,Europe,2020-07-12,65000000,17,1621,0,23,0,0
France,Europe,2020-07-13,65000000,14,1635,0,23,0,0
France,Europe,2020-07-14,65000000,14,1649,0,23,0,0
France,Europe,2020-07-15,65000000,20,1669,0,24,0,0
France,Europe,2020-07-16,65000000,16,1685,0,24,0,0
France,Europe,2020-07-17,65000000,13,1698,0,24,0,0
France,Europe,2020-07-18,65000000,17,1715,0,24,0,0
France,Europe,2020-07-19,65000000,17,1732,0,25,0,0
France,Europe,2020-07-20,65000000,8,1740,0,25,0,0
France,Europe,2020-07-21,65000000,15,1756,0,25,0,0
France,Europe,2020-07-22,65000000,13,1768,0,25,0,0
France,Europe,2020-07-23,65000000,15,1783,0,25,0,0
France,Europe,2020-07-24,65000000,20,1803,0,26,0,0
France,Europe,2020-07-25,65000000,17,1820,0,26,0,0
France,Europe,2020-07-26,65000000,17,1837,0,26,0,0
France,Europe,2020-07-27,65000000,15,1852,0,26,0,0
France,Europe,2020-07-28,65000000,17,1869,0,27,0,0
France,Europe,2020-07-29,65000000,13,1882,0,27,0,0
France,Europe,2020-07-30,65000000,15,1898,0,27,0,0
France,Europe,2020-07-31,65000000,17,1915,0,27,0,0
France,Europe,2020-08-01,65000000,17,1932,0,27,0,0
France,Europe,2020-08-02,65000000,12,1943,0,28,0,0
France,Europe,2020-08-03,65000000,19,1963,0,28,0,0
France,Europe,2020-08-04,65000000,13,1976,0,28,0,0
France,Europe,2020-08-05,65000000,21,1997,0,28,0,0
France,Europe,2020-08-06,65000000,17,2015,0,28,0,0
France,Europe,2020-08-07,65000000,17,2031,0,29,0,0
France,Europe,2020-08-08,65000000,13,2045,0,29,0,0
France,Europe,2020-08-09,65000000,14,2059,0,29,0,0
France,Europe,2020-08-10,65000000,19,2078,0,29,0,0
France,Europe,2020-08-11,65000000,19,2097,0,30,0,0
France,Europe,2020-08-12,65000000,15,2112,0,30,0,0
France,Europe,2020-08-13,65000000,15,2127,0,30,0,0
France,Europe,2020-08-14,65000000,15,2142,0,30,0,0
France,Europe,2020-08-15,65000000,18,2160,0,31,0,0
France,Europe,2020-08-16,65000000,18,2178,0,31,0,0
France,Europe,2020-08-17,65000000,16,2194,0,31,0,0
France,Europe,2020-08-18,65000000,16,2210,0,31,0,0
France,Europe,2020-08-19,65000000,15,2225,0,31,0,0
France,Europe,2020-08-20,65000000,21,2246,0,32,0,0
France,Europe,2020-08-21,65000000,12,2259,0,32,0,0
France,Europe,2020-08-22,65000000,15,2273,0,32,0,0
France,Europe,2020-08-23,65000000,16,2289,0,32,0,0
France,Europe,2020-08-24,65000000,12,2301,0,33,0,0
France,Europe,2020-08-25,65000000,14,2316,0,33,0,0
France,Europe,2020-08-26,65000000,21,2336,0,33,0,0
France,Europe,2020-08-27,65000000,18,2354,0,33,0,0
France,Europe,2020-08-28,65000000,14,2368,0,34,0,0
France,Europe,2020-08-29,65000000,14,2383,0,34,0,0
France,Europe,2020-08-30,65000000,13,2395,0,34,0,0
France,Europe,2020-08-31,65000000,15,2410,0,34,0,0
France,Europe,2020-09-01,65000000,17,2427,0,35,0,0
France,Europe,2020-09-02,65000000,17,2443,0,35,0,0
France,Europe,2020-09-03,65000000,15,2458,0,35,0,0
France,Europe,2020-09-04,65000000,14,2472,0,35,0,0
France,Europe,2020-09-05,65000000,15,2487,0,35,0,0
France,Europe,2020-09-06,65000000,15,2502,0,36,0,0
France,Europe,2020-09-07,65000000,18,2520,0,36,0,0
France,Europe,2020-09-08,65000000,16,2536,0,36,0,0
France,Europe,2020-09-09,65000000,16,2552,0,36,0,0
France,Europe,2020-09-10,65000000,19,2571,0,37,0,0
France,Europe,2020-09-11,65000000,20,2591,0,37,0,0
France,Europe,2020-09-12,65000000,17,2608,0,37,0,0
France,Europe,2020-09-13,65000000,17,2624,0,37,0,0
France,Europe,2020-09-14,65000000,16,2640,0,37,0,0
France,Europe,2020-09-15,65000000,14,2654,0,38,0,0
France,Europe,2020-09-16,65000000,18,2672,0,38,0,0
France,Europe,2020-09-17,65000000,18,2690,0,38,0,0
France,Europe,2020-09-18,65000000,16,2706,0,38,0,0
France,Europe,2020-09-19,65000000,17,2722,0,39,0,0
France,Europe,2020-09-20,65000000,19,2741,0,39,0,0
France,Europe,2020-09-21,65000000,19,2760,0,39,0,0
France,Europe,2020-09-22,65000000,10,2771,0,39,0,0
France,Europe,2020-09-23,65000000,15,2785,0,40,0,0
France,Europe,2020-09-24,65000000,16,2801,0,40,0,0
France,Europe,2020-09-25,65000000,14,2815,0,40,0,0
France,Europe,2020-09-26,65000000,17,2832,0,40,0,0
France,Europe,2020-09-27,65000000,15,2846,0,40,0,0
France,Europe,2020-09-28,65000000,17,2863,0,41,0,0
France,Europe,2020-09-29,65000000,15,2878,0,41,0,0
France,Europe,2020-09-30,65000000,15,2893,0,41,0,0
France,Europe,2020-10-01,65000000,17,2910,0,41,0,0
France,Europe,2020-10-02,65000000,19,2929,0,41,0,0
France,Europe,2020-10-03,65000000,18,2947,0,42,0,0
France,Europe,2020-10-04,65000000,16,2963,0,42,0,0
France,Europe,2020-10-05,65000000,12,2975,0,42,0,0
France,Europe,2020-10-06,65000000,15,2990,0,42,0,0
France,Europe,2020-10-07,65000000,15,3005,0,42,0,0
France,Europe,2020-10-08,65000000,18,3023,0,43,0,0
France,Europe,2020-10-09,65000000,17,3040,0,43,0,0
France,Europe,2020-10-10,65000000,17,3057,0,43,0,0
France,Europe,2020-10-11,65000000,15,3072,0,43,0,0
France,Europe,2020-10-12,65000000,20,3092,0,44,0,0
France,Europe,2020-10-13,65000000,17,3109,0,44,0,0
France,Europe,2020-10-14,65000000,15,3124,0,44,0,0
France,Europe,2020-10-15,65000000,15,3138,0,44,0,0
France,Europe,2020-10-16,65000000,18,3156,0,44,0,0
France,Europe,2020-10-17,65000000,14,3170,0,45,0,0
France,Europe,2020-10-18,65000000,15,3185,0,45,0,0
France,Europe,2020-10-19,65000000,14,3199,0,45,0,0
France,Europe,2020-10-20,65000000,19,3218,0,45,0,0
France,Europe,2020-10-21,65000000,15,3233,0,45,0,0
France,Europe,2020-10-22,65000000,21,3254,0,46,0,0
France,Europe,2020-10-23,65000000,18,3272,0,46,0,0
France,Europe,2020-10-24,65000000,14,3286,0,46,0,0
France,Europe,2020-10-25,65000000,18,3304,0,46,0,0
France,Europe,2020-10-26,65000000,21,3325,0,47,0,0
France,Europe,2020-10-27,65000000,17,3342,0,47,0,0
France,Europe,2020-10-28,65000000,21,3363,0,47,0,0
France,Europe,2020-10-29,65000000,18,3381,0,47,0,0
France,Europe,2020-10-30,65000000,16,3396,0,47,0,0
France,Europe,2020-10-31,65000000,23,3419,0,48,0,0
France,Europe,2020-11-01,65000000,14,3433,0,48,0,0
France,Europe,2020-11-02,65000000,16,3449,0,48,0,0
France,Europe,2020-11-03,65000000,17,3466,0,49,0,0
France,Europe,2020-11-04,65000000,22,3489,0,49,0,0
France,Europe,2020-11-05,65000000,19,3508,0,49,0,0
France,Europe,2020-11-06,65000000,19,3527,0,49,0,0
France,Europe,2020-11-07,65000000,15,3542,0,50,0,0
France,Europe,2020-11-08,65000000,17,3559,0,50,0,0
France,Europe,2020-11-09,65000000,16,3575,0,50,0,0
France,Europe,2020-11-10,65000000,19,3594,0,50,0,0
France,Europe,2020-11-11,65000000,21,3614,0,51,0,0
France,Europe,2020-11-12,65000000,24,3638,0,51,0,0
France,Europe,2020-11-13,65000000,16,3655,0,51,0,0
France,Europe,2020-11-14,65000000,14,3669,0,51,0,0
France,Europe,2020-11-15,65000000,17,3685,0,51,0,0
France,Europe,2020-11-16,65000000,20,3706,0,52,0,0
France,Europe,2020-11-17,65000000,15,3721,0,52,0,0
France,Europe,2020-11-18,65000000,18,3739,0,52,0,0
France,Europe,2020-11-19,65000000,19,3758,0,53,0,0
France,Europe,2020-11-20,65000000,17,3774,0,53,0,0
France,Europe,2020-11-21,65000000,18,3793,0,53,0,0
France,Europe,2020-11-22,65000000,15,3808,0,53,0,0
France,Europe,2020-11-23,65000000,21,3829,0,53,0,0
France,Europe,2020-11-24,65000000,17,3846,0,54,0,0
France,Europe,2020-11-25,65000000,18,3865,0,54,0,0
France,Europe,2020-11-26,65000000,13,3878,0,54,0,0
France,Europe,2020-11-27,65000000,15,3893,0,54,0,0
France,Europe,2020-11-28,65000000,21,3914,0,54,0,0
France,Europe,2020-11-29,65000000,17,3930,0,55,0,0
France,Europe,2020-11-30,65000000,16,3946,0,55,0,0
France,Europe,2020-12-01,65000000,14,3960,0,55,0,0
France,Europe,2020-12-02,65000000,21,3981,0,55,0,0
France,Europe,2020-12-03,65000000,20,4001,0,56,0,0
France,Europe,2020-12-04,65000000,20,4021,0,56,0,0
France,Europe,2020-12-05,65000000,23,4044,0,57,0,0
France,Europe,2020-12-06,65000000,17,4061,0,57,0,0
France,Europe,2020-12-07,65000000,14,4075,0,57,0,0
France,Europe,2020-12-08,65000000,18,4094,0,57,0,0
France,Europe,2020-12-09,65000000,23,4117,0,57,0,0
France,Europe,2020-12-10,65000000,18,4136,0,58,0,0
France,Europe,2020-12-11,65000000,21,4157,0,58,0,0
France,Europe,2020-12-12,65000000,15,4172,0,58,0,0
France,Europe,2020-12-13,65000000,16,4188,0,58,0,0
France,Europe,2020-12-14,65000000,21,4209,0,59,0,0
France,Europe,2020-12-15,65000000,19,4228,0,59,0,0
France,Europe,2020-12-16,65000000,18,4246,0,59,0,0
France,Europe,2020-12-17,65000000,22,4267,0,60,0,0
France,Europe,2020-12-18,65000000,21,4288,0,60,0,0
France,Europe,2020-12-19,65000000,19,4307,0,60,0,0
France,Europe,2020-12-20,65000000,12,4319,0,60,0,0
France,Europe,2020-12-21,65000000,18,4338,0,61,0,0
France,Europe,2020-12-22,65000000,20,4357,0,61,0,0
France,Europe,2020-12-23,65000000,14,4371,0,61,0,0
France,Europe,2020-12-24,65000000,20,4391,0,61,0,0
France,Europe,2020-12-25,65000000,22,4413,0,62,0,0
France,Europe,2020-12-26,65000000,19,4431,0,62,0,0
France,Europe,2020-12-27,65000000,16,4447,0,62,0,0
France,Europe,2020-12-28,65000000,12,4459,0,62,0,0
France,Europe,2020-12-29,65000000,20,4479,0,63,0,0
France,Europe,2020-12-30,65000000,14,4493,0,63,0,0
France,Europe,2020-12-31,65000000,20,4514,0,63,0,0
France,Europe,2021-01-01,65000000,24,4537,0,63,0,0
France,Europe,2021-01-02,65000000,13,4550,0,64,0,0
France,Europe,2021-01-03,65000000,17,4567,0,64,0,0
France,Europe,2021-01-04,65000000,18,4585,0,64,0,0
France,Europe,2021-01-05,65000000,24,4609,0,64,0,0
France,Europe,2021-01-06,65000000,19,4628,0,65,0,0
France,Europe,2021-01-07,65000000,18,4646,0,65,0,0
France,Europe,2021-01-08,65000000,22,4667,0,65,0,0
France,Europe,2021-01-09,65000000,18,4685,0,65,0,0
France,Europe,2021-01-10,65000000,17,4702,0,66,0,0
France,Europe,2021-01-11,65000000,21,4722,0,66,0,0
France,Europe,2021-01-12,65000000,22,4744,0,66,0,0
France,Europe,2021-01-13,65000000,12,4756,0,66,0,0
France,Europe,2021-01-14,65000000,17,4773,0,67,0,0
France,Europe,2021-01-15,65000000,19,4792,0,67,3660,3660
France,Europe,2021-01-16,65000000,18,4811,0,67,4287,7947
France,Europe,2021-01-17,65000000,15,4825,0,67,4522,12469
France,Europe,2021-01-18,65000000,21,4846,0,68,3861,16330
France,Europe,2021-01-19,65000000,17,4863,0,68,4500,20831
France,Europe,2021-01-20,65000000,21,4884,0,68,5249,26080
France,Europe,2021-01-21,65000000,18,4902,0,68,5233,31312
France,Europe,2021-01-22,65000000,22,4923,0,69,4492,35805
France,Europe,2021-01-23,65000000,23,4947,0,69,4794,40598
France,Europe,2021-01-24,65000000,22,4969,0,69,5469,46067
France,Europe,2021-01-25,65000000,20,4989,0,69,4644,50711
France,Europe,2021-01-26,65000000,17,5007,0,70,6023,56734
France,Europe,2021-01-27,65000000,24,5030,0,70,6156,62890
France,Europe,2021-01-28,65000000,17,5047,0,70,5739,68629
France,Europe,2021-01-29,65000000,13,5060,0,70,5249,73878
France,Europe,2021-01-30,65000000,18,5078,0,71,6109,79987
France,Europe,2021-01-31,65000000,16,5094,0,71,6931,86918
France,Europe,2021-02-01,65000000,21,5115,0,71,6572,93489
France,Europe,2021-02-02,65000000,18,5133,0,71,6857,100346
France,Europe,2021-02-03,65000000,24,5157,0,72,6689,107035
France,Europe,2021-02-04,65000000,21,5178,0,72,6418,113453
France,Europe,2021-02-05,65000000,24,5202,0,72,6273,119726
France,Europe,2021-02-06,65000000,20,5222,0,73,7264,126990
France,Europe,2021-02-07,65000000,21,5244,0,73,7143,134133
France,Europe,2021-02-08,65000000,18,5262,0,73,7791,141924
France,Europe,2021-02-09,65000000,22,5284,0,74,7667,149591
France,Europe,2021-02-10,65000000,16,5300,0,74,7269,156860
France,Europe,2021-02-11,65000000,19,5319,0,74,8934,165794
France,Europe,2021-02-12,65000000,22,5341,0,74,7710,173504
France,Europe,2021-02-13,65000000,20,5361,0,75,8675,182179
France,Europe,2021-02-14,65000000,21,5382,0,75,9574,191753
France,Europe,2021-02-15,65000000,20,5401,0,75,7437,199190
France,Europe,2021-02-16,65000000,19,5420,0,76,8994,208184
France,Europe,2021-02-17,65000000,22,5442,0,76,8935,217119
France,Europe,2021-02-18,65000000,24,5466,0,76,10455,227573
France,Europe,2021-02-19,65000000,18,5484,0,77,8737,236310
France,Europe,2021-02-20,65000000,24,5508,0,77,10259,246569
France,Europe,2021-02-21,65000000,21,5529,0,77,10491,257060
France,Europe,2021-02-22,65000000,19,5548,0,77,9075,266135
France,Europe,2021-02-23,65000000,18,5566,0,78,9174,275309
France,Europe,2021-02-24,65000000,23,5589,0,78,10052,285361
France,Europe,2021-02-25,65000000,21,5610,0,78,12184,297545
France,Europe,2021-02-26,65000000,21,5631,0,79,9653,307198
France,Europe,2021-02-27,65000000,17,5648,0,79,12311,319509
France,Europe,2021-02-28,65000000,19,5667,0,79,11613,331122
France,Europe,2021-03-01,65000000,18,5685,0,80,13205,344328
France,Europe,2021-03-02,65000000,18,5703,0,80,12123,356451
France,Europe,2021-03-03,65000000,19,5722,0,80,11440,367891
France,Europe,2021-03-04,65000000,20,5742,0,80,11898,379790
France,Europe,2021-03-05,65000000,19,5761,0,81,13265,393054
France,Europe,2021-03-06,65000000,17,5778,0,81,13323,406377
France,Europe,2021-03-07,65000000,24,5802,0,81,13957,420334
France,Europe,2021-03-08,65000000,19,5821,0,82,12895,433229
France,Europe,2021-03-09,65000000,19,5840,0,82,15311,448540
France,Europe,2021-03-10,65000000,21,5861,0,82,13653,462193
France,Europe,2021-03-11,65000000,18,5879,0,83,12816,475009
France,Europe,2021-03-12,65000000,20,5899,0,83,15544,490552
France,Europe,2021-03-13,65000000,24,5923,0,83,13840,504392
France,Europe,2021-03-14,65000000,19,5943,0,83,17226,521618
France,Europe,2021-03-15,65000000,18,5961,0,84,15936,537554
France,Europe,2021-03-16,65000000,18,5979,0,84,14698,552253
France,Europe,2021-03-17,65000000,24,6004,0,84,17121,569374
France,Europe,2021-03-18,65000000,19,6022,0,85,18566,587940
France,Europe,2021-03-19,65000000,23,6045,0,85,16050,603990
France,Europe,2021-03-20,65000000,23,6068,0,85,15715,619705
France,Europe,2021-03-21,65000000,16,6084,0,86,19981,639686
France,Europe,2021-03-22,65000000,22,6106,0,86,19131,658817
France,Europe,2021-03-23,65000000,18,6124,0,86,17710,676527
France,Europe,2021-03-24,65000000,20,6144,0,86,18453,694980
France,Europe,2021-03-25,65000000,19,6163,0,87,18205,713185
France,Europe,2021-03-26,65000000,23,6186,0,87,18652,731837
France,Europe,2021-03-27,65000000,23,6209,0,87,21648,753485
France,Europe,2021-03-28,65000000,21,6230,0,87,18674,772160
France,Europe,2021-03-29,65000000,14,6244,0,88,18267,790427
France,Europe,2021-03-30,65000000,21,6265,0,88,22493,812920
France,Europe,2021-03-31,65000000,22,6288,0,88,22020,834940
France,Europe,2021-04-01,65000000,21,6308,0,89,18969,853909
France,Europe,2021-04-02,65000000,20,6328,0,89,25230,879139
France,Europe,2021-04-03,65000000,21,6350,0,89,26285,905425
France,Europe,2021-04-04,65000000,24,6373,0,90,24514,929938
France,Europe,2021-04-05,65000000,23,6396,0,90,21303,951241
France,Europe,2021-04-06,65000000,16,6412,0,90,25095,976336
France,Europe,2021-04-07,65000000,19,6431,0,91,23375,999710
France,Europe,2021-04-08,65000000,18,6449,0,91,28422,1028133
France,Europe,2021-04-09,65000000,18,6467,0,91,27509,1055642
France,Europe,2021-04-10,65000000,16,6483,0,91,29250,1084892
France,Europe,2021-04-11,65000000,18,6501,0,92,25547,1110439
France,Europe,2021-04-12,65000000,22,6524,0,92,28636,1139075
France,Europe,2021-04-13,65000000,19,6543,0,92,25340,1164416
France,Europe,2021-04-14,65000000,21,6563,0,92,29286,1193702
France,Europe,2021-04-15,65000000,15,6578,0,92,27522,1221224
France,Europe,2021-04-16,65000000,14,6593,0,93,32437,1253661
France,Europe,2021-04-17,65000000,15,6608,0,93,33228,1286889
France,Europe,2021-04-18,65000000,15,6623,0,93,29289,1316178
France,Europe,2021-04-19,65000000,22,6644,0,93,31482,1347660
France,Europe,2021-04-20,65000000,24,6669,0,94,30915,1378574
France,Europe,2021-04-21,65000000,24,6692,0,94,29251,1407826
France,Europe,2021-04-22,65000000,21,6713,0,94,35405,1443231
France,Europe,2021-04-23,65000000,20,6732,0,94,34994,1478225
France,Europe,2021-04-24,65000000,17,6749,0,95,31390,1509615
France,Europe,2021-04-25,65000000,23,6772,0,95,35556,1545171
France,Europe,2021-04-26,65000000,19,6792,0,95,37981,1583152
France,Europe,2021-04-27,65000000,22,6813,0,95,33148,1616299
France,Europe,2021-04-28,65000000,20,6833,0,96,32584,1648883
France,Europe,2021-04-29,65000000,18,6851,0,96,34820,1683703
France,Europe,2021-04-30,65000000,17,6868,0,96,40274,1723977
France,Europe,2021-05-01,65000000,17,6886,0,97,33961,1757938
France,Europe,2021-05-02,65000000,23,6908,0,97,32519,1790457
France,Europe,2021-05-03,65000000,18,6926,0,97,35362,1825819
France,Europe,2021-05-04,65000000,21,6947,0,97,39354,1865173
France,Europe,2021-05-05,65000000,22,6970,0,98,35746,1900920
France,Europe,2021-05-06,65000000,23,6993,0,98,33458,1934378
France,Europe,2021-05-07,65000000,20,7013,0,98,37912,1972290
France,Europe,2021-05-08,65000000,22,7034,0,99,42849,2015139
France,Europe,2021-05-09,65000000,15,7050,0,99,43721,2058860
France,Europe,2021-05-10,65000000,23,7073,0,99,35364,2094224
France,Europe,2021-05-11,65000000,17,7091,0,99,38390,2132614
France,Europe,2021-05-12,65000000,21,7111,0,100,38685,2171299
France,Europe,2021-05-13,65000000,18,7129,0,100,37292,2208591
France,Europe,2021-05-14,65000000,21,7150,0,100,38964,2247554
France,Europe,2021-05-15,65000000,20,7170,0,100,44318,2291872
France,Europe,2021-05-16,65000000,22,7192,0,101,50815,2342687
France,Europe,2021-05-17,65000000,18,7210,0,101,51381,2394069
France,Europe,2021-05-18,65000000,28,7238,0,101,46945,2441013
France,Europe,2021-05-19,65000000,21,7259,0,102,41043,2482056
France,Europe,2021-05-20,65000000,22,7281,0,102,40304,2522360
France,Europe,2021-05-21,65000000,21,7302,0,102,50784,2573144
France,Europe,2021-05-22,65000000,22,7323,0,103,49007,2622151
France,Europe,2021-05-23,65000000,18,7342,0,103,47199,2669349
France,Europe,2021-05-24,65000000,20,7361,0,103,44284,2713633
France,Europe,2021-05-25,65000000,24,7385,0,104,56429,2770062
France,Europe,2021-05-26,65000000,20,7406,0,104,44887,2814950
France,Europe,2021-05-27,65000000,22,7428,0,104,43230,2858180
France,Europe,2021-05-28,65000000,21,7449,0,104,52823,2911003
France,Europe,2021-05-29,65000000,20,7469,0,105,58424,2969427
France,Europe,2021-05-30,65000000,22,7491,0,105,53803,3023230
France,Europe,2021-05-31,65000000,20,7511,0,105,50889,3074118
France,Europe,2021-06-01,65000000,26,7538,0,106,57126,3131244
France,Europe,2021-06-02,65000000,22,7560,0,106,60810,3192054
France,Europe,2021-06-03,65000000,21,7582,0,106,50283,3242338
France,Europe,2021-06-04,65000000,21,7602,0,107,54202,3296540
France,Europe,2021-06-05,65000000,26,7628,0,107,54993,3351532
France,Europe,2021-06-06,65000000,19,7647,0,107,60354,3411887
France,Europe,2021-06-07,65000000,20,7667,0,108,59770,3471657
France,Europe,2021-06-08,65000000,21,7688,0,108,62513,3534170
France,Europe,2021-06-09,65000000,16,7704,0,108,55971,3590141
France,Europe,2021-06-10,65000000,25,7729,0,109,53791,3643932
France,Europe,2021-06-11,65000000,27,7756,0,109,61879,3705811
France,Europe,2021-06-12,65000000,23,7780,0,109,58227,3764039
France,Europe,2021-06-13,65000000,15,7795,0,110,58148,3822186
France,Europe,2021-06-14,65000000,23,7818,0,110,61500,3883687
France,Europe,2021-06-15,65000000,26,7843,0,110,58679,3942365
France,Europe,2021-06-16,65000000,21,7864,0,110,53652,3996017
France,Europe,2021-06-17,65000000,19,7883,0,111,57876,4053893
France,Europe,2021-06-18,65000000,21,7904,0,111,62492,4116385
France,Europe,2021-06-19,65000000,24,7928,0,111,57901,4174286
France,Europe,2021-06-20,65000000,22,7950,0,112,60303,4234590
France,Europe,2021-06-21,65000000,24,7974,0,112,66598,4301188
France,Europe,2021-06-22,65000000,22,7996,0,112,66183,4367371
France,Europe,2021-06-23,65000000,21,8017,0,113,63503,4430874
France,Europe,2021-06-24,65000000,22,8039,0,113,72970,4503844
France,Europe,2021-06-25,65000000,26,8066,0,113,70636,4574480
France,Europe,2021-06-26,65000000,23,8089,0,114,64383,4638862
France,Europe,2021-06-27,65000000,16,8105,0,114,72463,4711326
France,Europe,2021-06-28,65000000,21,8126,0,114,73521,4784847
France,Europe,2021-06-29,65000000,25,8151,0,114,69175,4854022
France,Europe,2021-06-30,65000000,22,8173,0,115,59098,4913120
France,Europe,2021-07-01,65000000,21,8194,0,115,63634,4976754
France,Europe,2021-07-02,65000000,21,8215,0,115,64603,5041356
France,Europe,2021-07-03,65000000,22,8237,0,116,58737,5100094
France,Europe,2021-07-04,65000000,23,8260,0,116,76085,5176178
France,Europe,2021-07-05,65000000,19,8279,0,116,63196,5239374
France,Europe,2021-07-06,65000000,19,8298,0,116,74180,5313554
France,Europe,2021-07-07,65000000,24,8322,0,117,76728,5390282
France,Europe,2021-07-08,65000000,17,8339,0,117,71818,5462099
France,Europe,2021-07-09,65000000,27,8366,0,117,68501,5530600
France,Europe,2021-07-10,65000000,18,8384,0,118,70542,5601142
France,Europe,2021-07-11,65000000,16,8401,0,118,66850,5667992
France,Europe,2021-07-12,65000000,26,8427,0,118,72614,5740606
France,Europe,2021-07-13,65000000,21,8448,0,118,69753,5810359
France,Europe,2021-07-14,65000000,24,8472,0,119,68824,5879183
France,Europe,2021-07-15,65000000,21,8493,0,119,80018,5959201
France,Europe,2021-07-16,65000000,18,8510,0,119,75071,6034272
France,Europe,2021-07-17,65000000,18,8528,0,120,70637,6104909
France,Europe,2021-07-18,65000000,24,8553,0,120,65630,6170540
France,Europe,2021-07-19,65000000,26,8579,0,120,81713,6252252
France,Europe,2021-07-20,65000000,27,8606,0,121,81685,6333938
France,Europe,2021-07-21,65000000,23,8629,0,121,78697,6412635
France,Europe,2021-07-22,65000000,25,8654,0,121,74888,6487523
France,Europe,2021-07-23,65000000,21,8675,0,122,79717,6567240
France,Europe,2021-07-24,65000000,22,8697,0,122,73593,6640833
France,Europe,2021-07-25,65000000,26,8723,0,122,85681,6726514
France,Europe,2021-07-26,65000000,24,8747,0,123,80961,6807475
France,Europe,2021-07-27,65000000,22,8768,0,123,80218,6887693
France,Europe,2021-07-28,65000000,26,8794,0,124,83760,6971453
France,Europe,2021-07-29,65000000,28,8822,0,124,84661,7056115
France,Europe,2021-07-30,65000000,17,8839,0,124,75330,7131445
France,Europe,2021-07-31,65000000,20,8859,0,124,71670,7203115
France,Europe,2021-08-01,65000000,22,8880,0,125,83295,7286411
France,Europe,2021-08-02,65000000,21,8901,0,125,76316,7362726
France,Europe,2021-08-03,65000000,21,8922,0,125,69724,7432450
France,Europe,2021-08-04,65000000,20,8942,0,126,87872,7520322
France,Europe,2021-08-05,65000000,25,8967,0,126,72461,7592783
France,Europe,2021-08-06,65000000,23,8990,0,126,83607,7676390
France,Europe,2021-08-07,65000000,26,9016,0,127,67995,7744386
France,Europe,2021-08-08,65000000,25,9041,0,127,83202,7827588
France,Europe,2021-08-09,65000000,24,9065,0,127,74292,7901880
France,Europe,2021-08-10,65000000,21,9086,0,128,86454,7988334
France,Europe,2021-08-11,65000000,18,9104,0,128,83312,8071646
France,Europe,2021-08-12,65000000,21,9125,0,128,87832,8159477
France,Europe,2021-08-13,65000000,25,9150,0,128,71984,8231462
France,Europe,2021-08-14,65000000,19,9169,0,129,77412,8308873
France,Europe,2021-08-15,65000000,20,9190,0,129,91669,8400542
France,Europe,2021-08-16,65000000,22,9212,0,129,87430,8487972
France,Europe,2021-08-17,65000000,20,9232,0,129,71979,8559951
France,Europe,2021-08-18,65000000,21,9253,0,130,75395,8635346
France,Europe,2021-08-19,65000000,20,9273,0,130,79063,8714409
France,Europe,2021-08-20,65000000,26,9299,0,130,91222,8805631
France,Europe,2021-08-21,65000000,23,9321,0,131,78475,8884106
France,Europe,2021-08-22,65000000,22,9343,0,131,84562,8968667
France,Europe,2021-08-23,65000000,13,9356,0,131,89564,9058232
France,Europe,2021-08-24,65000000,19,9375,0,132,87428,9145660
France,Europe,2021-08-25,65000000,19,9394,0,132,79611,9225271
France,Europe,2021-08-26,65000000,19,9413,0,132,89902,9315173
France,Europe,2021-08-27,65000000,23,9437,0,132,74265,9389438
France,Europe,2021-08-28,65000000,15,9452,0,132,85117,9474554
France,Europe,2021-08-29,65000000,16,9467,0,133,94917,9569471
France,Europe,2021-08-30,65000000,17,9485,0,133,90024,9659495
France,Europe,2021-08-31,65000000,18,9503,0,133,91110,9750605
France,Europe,2021-09-01,65000000,24,9526,0,134,71045,9821649
France,Europe,2021-09-02,65000000,17,9543,0,134,93196,9914845
France,Europe,2021-09-03,65000000,19,9562,0,134,76217,9991062
France,Europe,2021-09-04,65000000,22,9584,0,134,76289,10067352
France,Europe,2021-09-05,65000000,15,9600,0,134,76861,10144213
France,Europe,2021-09-06,65000000,14,9614,0,135,82660,10226873
France,Europe,2021-09-07,65000000,20,9634,0,135,89435,10316308
France,Europe,2021-09-08,65000000,23,9656,0,135,85568,10401876
France,Europe,2021-09-09,65000000,16,9672,0,135,94670,10496546
France,Europe,2021-09-10,65000000,17,9689,0,136,94769,10591314
France,Europe,2021-09-11,65000000,16,9704,0,136,73758,10665073
France,Europe,2021-09-12,65000000,19,9723,0,136,80307,10745379
France,Europe,2021-09-13,65000000,16,9739,0,136,87747,10833126
France,Europe,2021-09-14,65000000,23,9762,0,137,74717,10907843
France,Europe,2021-09-15,65000000,14,9776,0,137,82186,10990029
France,Europe,2021-09-16,65000000,17,9793,0,137,89548,11079578
France,Europe,2021-09-17,65000000,15,9808,0,137,79888,11159466
France,Europe,2021-09-18,65000000,26,9834,0,138,82491,11241957
France,Europe,2021-09-19,65000000,18,9852,0,138,91094,11333051
France,Europe,2021-09-20,65000000,16,9868,0,138,84307,11417358
France,Europe,2021-09-21,65000000,20,9888,0,138,90340,11507698
France,Europe,2021-09-22,65000000,22,9910,0,139,79806,11587503
France,Europe,2021-09-23,65000000,22,9932,0,139,83594,11671098
France,Europe,2021-09-24,65000000,17,9949,0,139,73561,11744659
France,Europe,2021-09-25,65000000,19,9968,0,139,75457,11820116
France,Europe,2021-09-26,65000000,21,9988,0,140,78117,11898233
France,Europe,2021-09-27,65000000,18,10006,0,140,85678,11983911
France,Europe,2021-09-28,65000000,19,10025,0,140,85782,12069693
France,Europe,2021-09-29,65000000,18,10043,0,140,75643,12145336
France,Europe,2021-09-30,65000000,13,10057,0,141,89126,12234461
France,Europe,2021-10-01,65000000,18,10075,0,141,74226,12308687
France,Europe,2021-10-02,65000000,15,10090,0,141,80815,12389502
France,Europe,2021-10-03,65000000,15,10105,0,141,87045,12476547
France,Europe,2021-10-04,65000000,18,10123,0,141,87520,12564067
France,Europe,2021-10-05,65000000,19,10142,0,142,91875,12655942
France,Europe,2021-10-06,65000000,19,10161,0,142,88087,12744029
France,Europe,2021-10-07,65000000,18,10179,0,142,89762,12833791
France,Europe,2021-10-08,65000000,19,10198,0,143,85561,12919352
France,Europe,2021-10-09,65000000,16,10214,0,143,83501,13002853
France,Europe,2021-10-10,65000000,15,10229,0,143,99031,13101883
France,Europe,2021-10-11,65000000,13,10242,0,143,76343,13178226
France,Europe,2021-10-12,65000000,15,10257,0,143,86772,13264998
France,Europe,2021-10-13,65000000,15,10272,0,144,79200,13344198
France,Europe,2021-10-14,65000000,14,10286,0,144,90531,13434729
France,Europe,2021-10-15,65000000,18,10305,0,144,94037,13528766
France,Europe,2021-10-16,65000000,14,10319,0,144,97879,13626645
France,Europe,2021-10-17,65000000,17,10336,0,144,74707,13701352
France,Europe,2021-10-18,65000000,19,10355,0,145,97551,13798903
France,Europe,2021-10-19,65000000,15,10370,0,145,76288,13875191
France,Europe,2021-10-20,65000000,18,10388,0,145,78213,13953404
France,Europe,2021-10-21,65000000,16,10404,0,145,89208,14042612
France,Europe,2021-10-22,65000000,16,10420,0,146,75430,14118042
France,Europe,2021-10-23,65000000,16,10436,0,146,95032,14213074
France,Europe,2021-10-24,65000000,16,10452,0,146,93602,14306676
France,Europe,2021-10-25,65000000,14,10466,0,146,77014,14383690
France,Europe,2021-10-26,65000000,10,10476,0,147,93693,14477383
France,Europe,2021-10-27,65000000,15,10491,0,147,74332,14551715
France,Europe,2021-10-28,65000000,13,10504,0,147,74518,14626233
France,Europe,2021-10-29,65000000,15,10519,0,147,90448,14716681
France,Europe,2021-10-30,65000000,14,10533,0,147,90345,14807026
France,Europe,2021-10-31,65000000,14,10547,0,148,98542,14905568
France,Europe,2021-11-01,65000000,13,10560,0,148,96473,15002041
France,Europe,2021-11-02,65000000,16,10576,0,148,79777,15081818
France,Europe,2021-11-03,65000000,12,10589,0,148,81928,15163746
France,Europe,2021-11-04,65000000,14,10603,0,148,84575,15248320
France,Europe,2021-11-05,65000000,12,10615,0,148,87253,15335573
France,Europe,2021-11-06,65000000,13,10628,0,149,81953,15417527
France,Europe,2021-11-07,65000000,12,10640,0,149,99769,15517295
France,Europe,2021-11-08,65000000,14,10653,0,149,85191,15602486
France,Europe,2021-11-09,65000000,15,10668,0,149,86800,15689286
France,Europe,2021-11-10,65000000,14,10682,0,149,74583,15763869
France,Europe,2021-11-11,65000000,13,10695,0,150,98434,15862303
France,Europe,2021-11-12,65000000,14,10709,0,150,100287,15962590
France,Europe,2021-11-13,65000000,13,10722,0,150,80415,16043004
France,Europe,2021-11-14,65000000,11,10734,0,150,100083,16143087
France,Europe,2021-11-15,65000000,13,10747,0,150,74944,16218031
France,Europe,2021-11-16,65000000,11,10758,0,150,80680,16298711
France,Europe,2021-11-17,65000000,13,10771,0,151,78700,16377412
France,Europe,2021-11-18,65000000,15,10786,0,151,79322,16456734
France,Europe,2021-11-19,65000000,11,10797,0,151,87192,16543926
France,Europe,2021-11-20,65000000,14,10810,0,151,77869,16621794
France,Europe,2021-11-21,65000000,12,10823,0,151,96220,16718014
France,Europe,2021-11-22,65000000,11,10833,0,151,81676,16799690
France,Europe,2021-11-23,65000000,14,10847,0,152,77987,16877678
France,Europe,2021-11-24,65000000,12,10859,0,152,92809,16970487
France,Europe,2021-11-25,65000000,11,10870,0,152,99660,17070148
France,Europe,2021-11-26,65000000,11,10881,0,152,98621,17168769
France,Europe,2021-11-27,65000000,9,10890,0,152,86510,17255279
France,Europe,2021-11-28,65000000,10,10900,0,152,77232,17332511
France,Europe,2021-11-29,65000000,12,10911,0,152,83058,17415569
France,Europe,2021-11-30,65000000,9,10920,0,153,91022,17506591
France,Europe,2021-12-01,65000000,10,10931,0,153,98794,17605385
France,Europe,2021-12-02,65000000,10,10940,0,153,81896,17687281
France,Europe,2021-12-03,65000000,8,10949,0,153,90189,17777470
France,Europe,2021-12-04,65000000,10,10959,0,153,79291,17856762
France,Europe,2021-12-05,65000000,9,10968,0,153,83039,17939801
France,Europe,2021-12-06,65000000,11,10978,0,153,76806,18016607
France,Europe,2021-12-07,65000000,11,10989,0,154,99175,18115781
France,Europe,2021-12-08,65000000,8,10997,0,154,97655,18213436
France,Europe,2021-12-09,65000000,10,11007,0,154,83409,18296845
France,Europe,2021-12-10,65000000,9,11016,0,154,97096,18393941
France,Europe,2021-12-11,65000000,10,11026,0,154,96821,18490763
France,Europe,2021-12-12,65000000,7,11033,0,154,76626,18567388
France,Europe,2021-12-13,65000000,11,11044,0,154,100475,18667864
France,Europe,2021-12-14,65000000,6,11050,0,154,76371,18744235
France,Europe,2021-12-15,65000000,9,11059,0,155,82948,18827183
France,Europe,2021-12-16,65000000,10,11069,0,155,83734,18910917
France,Europe,2021-12-17,65000000,9,11078,0,155,89152,19000069
France,Europe,2021-12-18,65000000,10,11088,0,155,97282,19097352
France,Europe,2021-12-19,65000000,6,11095,0,155,84265,19181616
France,Europe,2021-12-20,65000000,8,11103,0,155,86798,19268414
France,Europe,2021-12-21,65000000,7,11110,0,155,100804,19369218
France,Europe,2021-12-22,65000000,8,11119,0,155,79066,19448284
France,Europe,2021-12-23,65000000,7,11125,0,156,94847,19543131
France,Europe,2021-12-24,65000000,6,11131,0,156,88327,19631458
France,Europe,2021-12-25,65000000,7,11139,0,156,89777,19721235
France,Europe,2021-12-26,65000000,9,11147,0,156,95825,19817059
France,Europe,2021-12-27,65000000,9,11157,0,156,86196,19903256
France,Europe,2021-12-28,65000000,8,11165,0,156,100711,20003967
France,Europe,2021-12-29,65000000,7,11172,0,156,85861,20089827
France,Europe,2021-12-30,65000000,8,11180,0,156,100214,20190042
France,Europe,2021-12-31,65000000,8,11187,0,156,89385,20279427
France,Europe,2022-01-01,65000000,7,11194,0,156,95112,20374539
France,Europe,2022-01-02,65000000,9,11203,0,157,80493,20455032
France,Europe,2022-01-03,65000000,8,11210,0,157,82558,20537590
France,Europe,2022-01-04,65000000,8,11218,0,157,89449,20627038
France,Europe,2022-01-05,65000000,8,11226,0,157,81396,20708434
France,Europe,2022-01-06,65000000,5,11231,0,157,98024,20806459
France,Europe,2022-01-07,65000000,7,11238,0,157,92380,20898839
France,Europe,2022-01-08,65000000,5,11243,0,157,96033,20994872
France,Europe,2022-01-09,65000000,6,11248,0,157,97370,21092241
France,Europe,2022-01-10,65000000,5,11253,0,157,79873,21172115
France,Europe,2022-01-11,65000000,7,11260,0,157,94080,21266195
France,Europe,2022-01-12,65000000,6,11267,0,157,76990,21343186
France,Europe,2022-01-13,65000000,5,11272,0,157,96189,21439375
France,Europe,2022-01-14,65000000,6,11278,0,158,86981,21526356
France,Europe,2022-01-15,65000000,6,11284,0,158,100749,21627105
France,Europe,2022-01-16,65000000,6,11290,0,158,101154,21728259
France,Europe,2022-01-17,65000000,5,11295,0,158,87251,21815510
France,Europe,2022-01-18,65000000,4,11299,0,158,77993,21893503
France,Europe,2022-01-19,65000000,6,11305,0,158,84194,21977697
France,Europe,2022-01-20,65000000,6,11311,0,158,97553,22075250
France,Europe,2022-01-21,65000000,6,11317,0,158,100433,22175682
France,Europe,2022-01-22,65000000,4,11321,0,158,92169,22267851
France,Europe,2022-01-23,65000000,5,11326,0,158,75400,22343252
France,Europe,2022-01-24,65000000,5,11331,0,158,87913,22431165
France,Europe,2022-01-25,65000000,4,11335,0,158,92840,22524005
France,Europe,2022-01-26,65000000,4,11338,0,158,77071,22601076
France,Europe,2022-01-27,65000000,5,11343,0,158,79095,22680172
France,Europe,2022-01-28,65000000,5,11349,0,158,81143,22761314
France,Europe,2022-01-29,65000000,3,11352,0,158,91283,22852598
France,Europe,2022-01-30,65000000,5,11357,0,159,84621,22937218
France,Europe,2022-01-31,65000000,5,11362,0,159,98318,23035536
Italy,Europe,2020-02-01,60000000,4,4,0,0,0,0
Italy,Europe,2020-02-02,60000000,4,9,0,0,0,0
Italy,Europe,2020-02-03,60000000,3,12,0,0,0,0
Italy,Europe,2020-02-04,60000000,4,16,0,0,0,0
Italy,Europe,2020-02-05,60000000,3,19,0,0,0,0
Italy,Europe,2020-02-06,60000000,5,24,0,0,0,0
Italy,Europe,2020-02-07,60000000,5,28,0,0,0,0
Italy,Europe,2020-02-08,60000000,5,34,0,0,0,0
Italy,Europe,2020-02-09,60000000,3,37,0,1,0,0
Italy,Europe,2020-02-10,60000000,5,42,0,1,0,0
Italy,Europe,2020-02-11,60000000,4,46,0,1,0,0
Italy,Europe,2020-02-12,60000000,3,49,0,1,0,0
Italy,Europe,2020-02-13,60000000,5,54,0,1,0,0
Italy,Europe,2020-02-14,60000000,4,58,0,1,0,0
Italy,Europe,2020-02-15,60000000,5,63,0,1,0,0
Italy,Europe,2020-02-16,60000000,4,67,0,1,0,0
Italy,Europe,2020-02-17,60000000,5,72,0,1,0,0
Italy,Europe,2020-02-18,60000000,6,78,0,1,0,0
Italy,Europe,2020-02-19,60000000,5,83,0,1,0,0
Italy,Europe,2020-02-20,60000000,7,90,0,1,0,0
Italy,Europe,2020-02-21,60000000,4,95,0,1,0,0
Italy,Europe,2020-02-22,60000000,7,101,0,1,0,0
Italy,Europe,2020-02-23,60000000,5,106,0,1,0,0
Italy,Europe,2020-02-24,60000000,5,111,0,2,0,0
Italy,Europe,2020-02-25,60000000,5,117,0,2,0,0
Italy,Europe,2020-02-26,60000000,4,121,0,2,0,0
Italy,Europe,2020-02-27,60000000,5,126,0,2,0,0
Italy,Europe,2020-02-28,60000000,5,131,0,2,0,0
Italy,Europe,2020-02-29,60000000,6,137,0,2,0,0
Italy,Europe,2020-03-01,60000000,6,143,0,2,0,0
Italy,Europe,2020-03-02,60000000,6,150,0,2,0,0
Italy,Europe,2020-03-03,60000000,6,156,0,2,0,0
Italy,Europe,2020-03-04,60000000,7,163,0,2,0,0
Italy,Europe,2020-03-05,60000000,7,170,0,2,0,0
Italy,Europe,2020-03-06,60000000,7,176,0,2,0,0
Italy,Europe,2020-03-07,60000000,8,184,0,3,0,0
Italy,Europe,2020-03-08,60000000,8,191,0,3,0,0
Italy,Europe,2020-03-09,60000000,7,198,0,3,0,0
Italy,Europe,2020-03-10,60000000,6,204,0,3,0,0
Italy,Europe,2020-03-11,60000000,7,211,0,3,0,0
Italy,Europe,2020-03-12,60000000,7,218,0,3,0,0
Italy,Europe,2020-03-13,60000000,6,224,0,3,0,0
Italy,Europe,2020-03-14,60000000,7,231,0,3,0,0
Italy,Europe,2020-03-15,60000000,7,238,0,3,0,0
Italy,Europe,2020-03-16,60000000,8,246,0,3,0,0
Italy,Europe,2020-03-17,60000000,9,255,0,4,0,0
Italy,Europe,2020-03-18,60000000,8,262,0,4,0,0
Italy,Europe,2020-03-19,60000000,7,269,0,4,0,0
Italy,Europe,2020-03-20,60000000,8,278,0,4,0,0
Italy,Europe,2020-03-21,60000000,7,285,0,4,0,0
Italy,Europe,2020-03-22,60000000,5,290,0,4,0,0
Italy,Europe,2020-03-23,60000000,6,296,0,4,0,0
Italy,Europe,2020-03-24,60000000,8,304,0,4,0,0
Italy,Europe,2020-03-25,60000000,7,311,0,4,0,0
Italy,Europe,2020-03-26,60000000,8,319,0,5,0,0
Italy,Europe,2020-03-27,60000000,7,326,0,5,0,0
Italy,Europe,2020-03-28,60000000,9,336,0,5,0,0
Italy,Europe,2020-03-29,60000000,6,342,0,5,0,0
Italy,Europe,2020-03-30,60000000,9,351,0,5,0,0
Italy,Europe,2020-03-31,60000000,8,359,0,5,0,0
Italy,Europe,2020-04-01,60000000,10,369,0,5,0,0
Italy,Europe,2020-04-02,60000000,10,379,0,5,0,0
Italy,Europe,2020-04-03,60000000,7,386,0,5,0,0
Italy,Europe,2020-04-04,60000000,9,396,0,6,0,0
Italy,Europe,2020-04-05,60000000,9,405,0,6,0,0
Italy,Europe,2020-04-06,60000000,9,414,0,6,0,0
Italy,Europe,2020-04-07,60000000,10,423,0,6,0,0
Italy,Europe,2020-04-08,60000000,8,431,0,6,0,0
Italy,Europe,2020-04-09,60000000,9,441,0,6,0,0
Italy,Europe,2020-04-10,60000000,9,450,0,6,0,0
Italy,Europe,2020-04-11,60000000,8,458,0,6,0,0
Italy,Europe,2020-04-12,60000000,9,467,0,7,0,0
Italy,Europe,2020-04-13,60000000,9,475,0,7,0,0
Italy,Europe,2020-04-14,60000000,10,485,0,7,0,0
Italy,Europe,2020-04-15,60000000,11,497,0,7,0,0
Italy,Europe,2020-04-16,60000000,8,504,0,7,0,0
Italy,Europe,2020-04-17,60000000,10,515,0,7,0,0
Italy,Europe,2020-04-18,60000000,9,524,0,7,0,0
Italy,Europe,2020-04-19,60000000,11,535,0,7,0,0
Italy,Europe,2020-04-20,60000000,11,545,0,8,0,0
Italy,Europe,2020-04-21,60000000,8,553,0,8,0,0
Italy,Europe,2020-04-22,60000000,10,564,0,8,0,0
Italy,Europe,2020-04-23,60000000,10,574,0,8,0,0
Italy,Europe,2020-04-24,60000000,8,582,0,8,0,0
Italy,Europe,2020-04-25,60000000,10,592,0,8,0,0
Italy,Europe,2020-04-26,60000000,11,602,0,8,0,0
Italy,Europe,2020-04-27,60000000,10,612,0,8,0,0
Italy,Europe,2020-04-28,60000000,12,624,0,9,0,0
Italy,Europe,2020-04-29,60000000,10,634,0,9,0,0
Italy,Europe,2020-04-30,60000000,10,644,0,9,0,0
Italy,Europe,2020-05-01,60000000,11,655,0,9,0,0
Italy,Europe,2020-05-02,60000000,11,667,0,9,0,0
Italy,Europe,2020-05-03,60000000,12,679,0,9,0,0
Italy,Europe,2020-05-04,60000000,11,690,0,10,0,0
Italy,Europe,2020-05-05,60000000,5,695,0,10,0,0
Italy,Europe,2020-05-06,60000000,12,706,0,10,0,0
Italy,Europe,2020-05-07,60000000,11,717,0,10,0,0
Italy,Europe,2020-05-08,60000000,14,731,0,10,0,0
Italy,Europe,2020-05-09,60000000,12,743,0,10,0,0
Italy,Europe,2020-05-10,60000000,12,754,0,10,0,0
Italy,Europe,2020-05-11,60000000,11,765,0,11,0,0
Italy,Europe,2020-05-12,60000000,13,779,0,11,0,0
Italy,Europe,2020-05-13,60000000,9,787,0,11,0,0
Italy,Europe,2020-05-14,60000000,12,799,0,11,0,0
Italy,Europe,2020-05-15,60000000,9,808,0,11,0,0
Italy,Europe,2020-05-16,60000000,11,819,0,11,0,0
Italy,Europe,2020-05-17,60000000,13,832,0,12,0,0
Italy,Europe,2020-05-18,60000000,13,845,0,12,0,0
Italy,Europe,2020-05-19,60000000,12,857,0,12,0,0
Italy,Europe,2020-05-20,60000000,10,868,0,12,0,0
Italy,Europe,2020-05-21,60000000,12,880,0,12,0,0
Italy,Europe,2020-05-22,60000000,13,892,0,12,0,0
Italy,Europe,2020-05-23,60000000,14,906,0,13,0,0
Italy,Europe,2020-05-24,60000000,13,920,0,13,0,0
Italy,Europe,2020-05-25,60000000,14,933,0,13,0,0
Italy,Europe,2020-05-26,60000000,10,943,0,13,0,0
Italy,Europe,2020-05-27,60000000,13,956,0,13,0,0
Italy,Europe,2020-05-28,60000000,14,970,0,14,0,0
Italy,Europe,2020-05-29,60000000,9,979,0,14,0,0
Italy,Europe,2020-05-30,60000000,12,991,0,14,0,0
Italy,Europe,2020-05-31,60000000,13,1005,0,14,0,0
Italy,Europe,2020-06-01,60000000,15,1020,0,14,0,0
Italy,Europe,2020-06-02,60000000,13,1033,0,14,0,0
Italy,Europe,2020-06-03,60000000,13,1045,0,15,0,0
Italy,Europe,2020-06-04,60000000,13,1059,0,15,0,0
Italy,Europe,2020-06-05,60000000,14,1073,0,15,0,0
Italy,Europe,2020-06-06,60000000,11,1084,0,15,0,0
Italy,Europe,2020-06-07,60000000,12,1096,0,15,0,0
Italy,Europe,2020-06-08,60000000,10,1106,0,15,0,0
Italy,Europe,2020-06-09,60000000,12,1118,0,16,0,0
Italy,Europe,2020-06-10,60000000,11,1129,0,16,0,0
Italy,Europe,2020-06-11,60000000,12,1141,0,16,0,0
Italy,Europe,2020-06-12,60000000,18,1158,0,16,0,0
Italy,Europe,2020-06-13,60000000,15,1174,0,16,0,0
Italy,Europe,2020-06-14,60000000,11,1185,0,16,0,0
Italy,Europe,2020-06-15,60000000,11,1196,0,17,0,0
Italy,Europe,2020-06-16,60000000,12,1208,0,17,0,0
Italy,Europe,2020-06-17,60000000,11,1219,0,17,0,0
Italy,Europe,2020-06-18,60000000,14,1233,0,17,0,0
Italy,Europe,2020-06-19,60000000,14,1247,0,17,0,0
Italy,Europe,2020-06-20,60000000,12,1259,0,17,0,0
Italy,Europe,2020-06-21,60000000,15,1274,0,17,0,0
Italy,Europe,2020-06-22,60000000,15,1289,0,18,0,0
Italy,Europe,2020-06-23,60000000,12,1302,0,18,0,0
Italy,Europe,2020-06-24,60000000,12,1314,0,18,0,0
Italy,Europe,2020-06-25,60000000,13,1327,0,18,0,0
Italy,Europe,2020-06-26,60000000,15,1342,0,18,0,0
Italy,Europe,2020-06-27,60000000,18,1360,0,19,0,0
Italy,Europe,2020-06-28,60000000,15,1375,0,19,0,0
Italy,Europe,2020-06-29,60000000,12,1387,0,19,0,0
Italy,Europe,2020-06-30,60000000,15,1401,0,19,0,0
Italy,Europe,2020-07-01,60000000,14,1416,0,20,0,0
Italy,Europe,2020-07-02,60000000,14,1430,0,20,0,0
Italy,Europe,2020-07-03,60000000,11,1441,0,20,0,0
Italy,Europe,2020-07-04,60000000,15,1456,0,20,0,0
Italy,Europe,2020-07-05,60000000,14,1470,0,20,0,0
Italy,Europe,2020-07-06,60000000,12,1482,0,20,0,0
Italy,Europe,2020-07-07,60000000,18,1500,0,21,0,0
Italy,Europe,2020-07-08,60000000,12,1511,0,21,0,0
Italy,Europe,2020-07-09,60000000,15,1526,0,21,0,0
Italy,Europe,2020-07-10,60000000,14,1540,0,21,0,0
Italy,Europe,2020-07-11,60000000,14,1554,0,21,0,0
Italy,Europe,2020-07-12,60000000,17,1571,0,22,0,0
Italy,Europe,2020-07-13,60000000,16,1587,0,22,0,0
Italy,Europe,2020-07-14,60000000,14,1601,0,22,0,0
Italy,Europe,2020-07-15,60000000,13,1614,0,22,0,0
Italy,Europe,2020-07-16,60000000,13,1628,0,22,0,0
Italy,Europe,2020-07-17,60000000,14,1641,0,23,0,0
Italy,Europe,2020-07-18,60000000,16,1658,0,23,0,0
Italy,Europe,2020-07-19,60000000,15,1673,0,23,0,0
Italy,Europe,2020-07-20,60000000,17,1690,0,23,0,0
Italy,Europe,2020-07-21,60000000,12,1702,0,23,0,0
Italy,Europe,2020-07-22,60000000,17,1718,0,24,0,0
Italy,Europe,2020-07-23,60000000,18,1736,0,24,0,0
Italy,Europe,2020-07-24,60000000,13,1749,0,24,0,0
Italy,Europe,2020-07-25,60000000,16,1766,0,25,0,0
Italy,Europe,2020-07-26,60000000,18,1783,0,25,0,0
Italy,Europe,2020-07-27,60000000,13,1797,0,25,0,0
Italy,Europe,2020-07-28,60000000,12,1809,0,25,0,0
Italy,Europe,2020-07-29,60000000,15,1824,0,25,0,0
Italy,Europe,2020-07-30,60000000,11,1835,0,26,0,0
Italy,Europe,2020-07-31,60000000,17,1852,0,26,0,0
Italy,Europe,2020-08-01,60000000,13,1865,0,26,0,0
Italy,Europe,2020-08-02,60000000,14,1879,0,26,0,0
Italy,Europe,2020-08-03,60000000,16,1896,0,26,0,0
Italy,Europe,2020-08-04,60000000,16,1912,0,27,0,0
Italy,Europe,2020-08-05,60000000,16,1928,0,27,0,0
Italy,Europe,2020-08-06,60000000,13,1941,0,27,0,0
Italy,Europe,2020-08-07,60000000,16,1957,0,27,0,0
Italy,Europe,2020-08-08,60000000,17,1974,0,28,0,0
Italy,Europe,2020-08-09,60000000,14,1987,0,28,0,0
Italy,Europe,2020-08-10,60000000,19,2006,0,28,0,0
Italy,Europe,2020-08-11,60000000,15,2021,0,28,0,0
Italy,Europe,2020-08-12,60000000,11,2032,0,28,0,0
Italy,Europe,2020-08-13,60000000,15,2046,0,29,0,0
Italy,Europe,2020-08-14,60000000,18,2064,0,29,0,0
Italy,Europe,2020-08-15,60000000,13,2077,0,29,0,0
Italy,Europe,2020-08-16,60000000,13,2090,0,29,0,0
Italy,Europe,2020-08-17,60000000,16,2106,0,30,0,0
Italy,Europe,2020-08-18,60000000,13,2119,0,30,0,0
Italy,Europe,2020-08-19,60000000,13,2131,0,30,0,0
Italy,Europe,2020-08-20,60000000,13,2145,0,30,0,0
Italy,Europe,2020-08-21,60000000,19,2163,0,31,0,0
Italy,Europe,2020-08-22,60000000,16,2180,0,31,0,0
Italy,Europe,2020-08-23,60000000,15,2195,0,31,0,0
Italy,Europe,2020-08-24,60000000,14,2208,0,31,0,0
Italy,Europe,2020-08-25,60000000,17,2225,0,31,0,0
Italy,Europe,2020-08-26,60000000,17,2242,0,32,0,0
Italy,Europe,2020-08-27,60000000,19,2261,0,32,0,0
Italy,Europe,2020-08-28,60000000,13,2274,0,32,0,0
Italy,Europe,2020-08-29,60000000,13,2287,0,32,0,0
Italy,Europe,2020-08-30,60000000,11,2298,0,32,0,0
Italy,Europe,2020-08-31,60000000,16,2315,0,33,0,0
Italy,Europe,2020-09-01,60000000,16,2331,0,33,0,0
Italy,Europe,2020-09-02,60000000,14,2345,0,33,0,0
Italy,Europe,2020-09-03,60000000,11,2356,0,33,0,0
Italy,Europe,2020-09-04,60000000,19,2375,0,33,0,0
Italy,Europe,2020-09-05,60000000,16,2391,0,34,0,0
Italy,Europe,2020-09-06,60000000,18,2409,0,34,0,0
Italy,Europe,2020-09-07,60000000,18,2428,0,34,0,0
Italy,Europe,2020-09-08,60000000,17,2444,0,34,0,0
Italy,Europe,2020-09-09,60000000,17,2461,0,34,0,0
Italy,Europe,2020-09-10,60000000,14,2475,0,35,0,0
Italy,Europe,2020-09-11,60000000,16,2491,0,35,0,0
Italy,Europe,2020-09-12,60000000,18,2509,0,35,0,0
Italy,Europe,2020-09-13,60000000,14,2522,0,35,0,0
Italy,Europe,2020-09-14,60000000,18,2540,0,35,0,0
Italy,Europe,2020-09-15,60000000,18,2558,0,36,0,0
Italy,Europe,2020-09-16,60000000,18,2575,0,36,0,0
Italy,Europe,2020-09-17,60000000,16,2591,0,36,0,0
Italy,Europe,2020-09-18,60000000,14,2605,0,36,0,0
Italy,Europe,2020-09-19,60000000,20,2625,0,37,0,0
Italy,Europe,2020-09-20,60000000,19,2644,0,37,0,0
Italy,Europe,2020-09-21,60000000,16,2659,0,37,0,0
Italy,Europe,2020-09-22,60000000,16,2676,0,38,0,0
Italy,Europe,2020-09-23,60000000,15,2691,0,38,0,0
Italy,Europe,2020-09-24,60000000,12,2703,0,38,0,0
Italy,Europe,2020-09-25,60000000,16,2718,0,38,0,0
Italy,Europe,2020-09-26,60000000,17,2735,0,38,0,0
Italy,Europe,2020-09-27,60000000,15,2750,0,39,0,0
Italy,Europe,2020-09-28,60000000,15,2765,0,39,0,0
Italy,Europe,2020-09-29,60000000,15,2780,0,39,0,0
Italy,Europe,2020-09-30,60000000,16,2796,0,39,0,0
Italy,Europe,2020-10-01,60000000,15,2812,0,39,0,0
Italy,Europe,2020-10-02,60000000,14,2826,0,40,0,0
Italy,Europe,2020-10-03,60000000,16,2842,0,40,0,0
Italy,Europe,2020-10-04,60000000,17,2859,0,40,0,0
Italy,Europe,2020-10-05,60000000,17,2876,0,41,0,0
Italy,Europe,2020-10-06,60000000,12,2887,0,41,0,0
Italy,Europe,2020-10-07,60000000,18,2905,0,41,0,0
Italy,Europe,2020-10-08,60000000,13,2918,0,41,0,0
Italy,Europe,2020-10-09,60000000,17,2936,0,41,0,0
Italy,Europe,2020-10-10,60000000,17,2953,0,42,0,0
Italy,Europe,2020-10-11,60000000,13,2966,0,42,0,0
Italy,Europe,2020-10-12,60000000,18,2984,0,42,0,0
Italy,Europe,2020-10-13,60000000,21,3004,0,42,0,0
Italy,Europe,2020-10-14,60000000,16,3020,0,42,0,0
Italy,Europe,2020-10-15,60000000,17,3037,0,43,0,0
Italy,Europe,2020-10-16,60000000,15,3053,0,43,0,0
Italy,Europe,2020-10-17,60000000,14,3066,0,43,0,0
Italy,Europe,2020-10-18,60000000,19,3085,0,43,0,0
Italy,Europe,2020-10-19,60000000,18,3103,0,44,0,0
Italy,Europe,2020-10-20,60000000,15,3117,0,44,0,0
Italy,Europe,2020-10-21,60000000,14,3131,0,44,0,0
Italy,Europe,2020-10-22,60000000,21,3152,0,44,0,0
Italy,Europe,2020-10-23,60000000,13,3165,0,44,0,0
Italy,Europe,2020-10-24,60000000,18,3183,0,45,0,0
Italy,Europe,2020-10-25,60000000,17,3200,0,45,0,0
Italy,Europe,2020-10-26,60000000,18,3219,0,45,0,0
Italy,Europe,2020-10-27,60000000,20,3239,0,45,0,0
Italy,Europe,2020-10-28,60000000,11,3250,0,45,0,0
Italy,Europe,2020-10-29,60000000,14,3264,0,46,0,0
Italy,Europe,2020-10-30,60000000,16,3280,0,46,0,0
Italy,Europe,2020-10-31,60000000,21,3301,0,46,0,0
Italy,Europe,2020-11-01,60000000,16,3317,0,47,0,0
Italy,Europe,2020-11-02,60000000,15,3332,0,47,0,0
Italy,Europe,2020-11-03,60000000,12,3344,0,47,0,0
Italy,Europe,2020-11-04,60000000,15,3359,0,47,0,0
Italy,Europe,2020-11-05,60000000,18,3377,0,47,0,0
Italy,Europe,2020-11-06,60000000,17,3394,0,48,0,0
Italy,Europe,2020-11-07,60000000,15,3409,0,48,0,0
Italy,Europe,2020-11-08,60000000,22,3431,0,48,0,0
Italy,Europe,2020-11-09,60000000,16,3447,0,48,0,0
Italy,Europe,2020-11-10,60000000,17,3464,0,49,0,0
Italy,Europe,2020-11-11,60000000,15,3479,0,49,0,0
Italy,Europe,2020-11-12,60000000,14,3493,0,49,0,0
Italy,Europe,2020-11-13,60000000,19,3512,0,49,0,0
Italy,Europe,2020-11-14,60000000,13,3525,0,49,0,0
Italy,Europe,2020-11-15,60000000,18,3544,0,50,0,0
Italy,Europe,2020-11-16,60000000,10,3554,0,50,0,0
Italy,Europe,2020-11-17,60000000,18,3572,0,50,0,0
Italy,Europe,2020-11-18,60000000,15,3586,0,50,0,0
Italy,Europe,2020-11-19,60000000,15,3601,0,50,0,0
Italy,Europe,2020-11-20,60000000,17,3618,0,51,0,0
Italy,Europe,2020-11-21,60000000,14,3632,0,51,0,0
Italy,Europe,2020-11-22,60000000,13,3645,0,51,0,0
Italy,Europe,2020-11-23,60000000,17,3662,0,51,0,0
Italy,Europe,2020-11-24,60000000,19,3681,0,51,0,0
Italy,Europe,2020-11-25,60000000,18,3699,0,52,0,0
Italy,Europe,2020-11-26,60000000,20,3719,0,52,0,0
Italy,Europe,2020-11-27,60000000,13,3732,0,52,0,0
Italy,Europe,2020-11-28,60000000,16,3749,0,52,0,0
Italy,Europe,2020-11-29,60000000,18,3766,0,53,0,0
Italy,Europe,2020-11-30,60000000,15,3782,0,53,0,0
Italy,Europe,2020-12-01,60000000,18,3800,0,53,0,0
Italy,Europe,2020-12-02,60000000,20,3820,0,53,0,0
Italy,Europe,2020-12-03,60000000,19,3839,0,53,0,0
Italy,Europe,2020-12-04,60000000,21,3860,0,54,0,0
Italy,Europe,2020-12-05,60000000,18,3878,0,54,0,0
Italy,Europe,2020-12-06,60000000,17,3896,0,54,0,0
Italy,Europe,2020-12-07,60000000,22,3917,0,54,0,0
Italy,Europe,2020-12-08,60000000,18,3935,0,55,0,0
Italy,Europe,2020-12-09,60000000,22,3958,0,55,0,0
Italy,Europe,2020-12-10,60000000,20,3978,0,55,0,0
Italy,Europe,2020-12-11,60000000,16,3994,0,56,0,0
Italy,Europe,2020-12-12,60000000,17,4011,0,56,0,0
Italy,Europe,2020-12-13,60000000,22,4033,0,56,0,0
Italy,Europe,2020-12-14,60000000,21,4054,0,56,0,0
Italy,Europe,2020-12-15,60000000,20,4074,0,57,0,0
Italy,Europe,2020-12-16,60000000,20,4094,0,57,0,0
Italy,Europe,2020-12-17,60000000,15,4108,0,57,0,0
Italy,Europe,2020-12-18,60000000,15,4123,0,58,0,0
Italy,Europe,2020-12-19,60000000,19,4142,0,58,0,0
Italy,Europe,2020-12-20,60000000,24,4165,0,58,0,0
Italy,Europe,2020-12-21,60000000,16,4181,0,58,0,0
Italy,Europe,2020-12-22,60000000,17,4199,0,59,0,0
Italy,Europe,2020-12-23,60000000,17,4216,0,59,0,0
Italy,Europe,2020-12-24,60000000,20,4235,0,59,0,0
Italy,Europe,2020-12-25,60000000,19,4254,0,60,0,0
Italy,Europe,2020-12-26,60000000,21,4275,0,60,0,0
Italy,Europe,2020-12-27,60000000,19,4294,0,60,0,0
Italy,Europe,2020-12-28,60000000,19,4313,0,61,0,0
Italy,Europe,2020-12-29,60000000,18,4331,0,61,0,0
Italy,Europe,2020-12-30,60000000,21,4352,0,61,0,0
Italy,Europe,2020-12-31,60000000,18,4371,0,61,0,0
Italy,Europe,2021-01-01,60000000,16,4387,0,62,0,0
Italy,Europe,2021-01-02,60000000,20,4407,0,62,0,0
Italy,Europe,2021-01-03,60000000,18,4425,0,62,0,0
Italy,Europe,2021-01-04,60000000,21,4446,0,62,0,0
Italy,Europe,2021-01-05,60000000,11,4457,0,63,0,0
Italy,Europe,2021-01-06,60000000,22,4478,0,63,0,0
Italy,Europe,2021-01-07,60000000,18,4496,0,63,0,0
Italy,Europe,2021-01-08,60000000,22,4518,0,63,0,0
Italy,Europe,2021-01-09,60000000,21,4539,0,64,0,0
Italy,Europe,2021-01-10,60000000,17,4556,0,64,0,0
Italy,Europe,2021-01-11,60000000,16,4572,0,64,0,0
Italy,Europe,2021-01-12,60000000,16,4588,0,64,0,0
Italy,Europe,2021-01-13,60000000,15,4603,0,64,0,0
Italy,Europe,2021-01-14,60000000,22,4625,0,65,0,0
Italy,Europe,2021-01-15,60000000,18,4643,0,65,4000,4000
Italy,Europe,2021-01-16,60000000,18,4660,0,65,3571,7571
Italy,Europe,2021-01-17,60000000,21,4681,0,66,4715,12286
Italy,Europe,2021-01-18,60000000,17,4698,0,66,4565,16851
Italy,Europe,2021-01-19,60000000,14,4713,0,66,4510,21361
Italy,Europe,2021-01-20,60000000,18,4730,0,66,4155,25516
Italy,Europe,2021-01-21,60000000,19,4749,0,66,4276,29793
Italy,Europe,2021-01-22,60000000,16,4765,0,67,4611,34403
Italy,Europe,2021-01-23,60000000,19,4784,0,67,5614,40017
Italy,Europe,2021-01-24,60000000,19,4802,0,67,5693,45710
Italy,Europe,2021-01-25,60000000,18,4820,0,68,4529,50239
Italy,Europe,2021-01-26,60000000,18,4838,0,68,5622,55862
Italy,Europe,2021-01-27,60000000,16,4854,0,68,5223,61085
Italy,Europe,2021-01-28,60000000,19,4874,0,68,5970,67054
Italy,Europe,2021-01-29,60000000,15,4889,0,69,6487,73541
Italy,Europe,2021-01-30,60000000,21,4910,0,69,5686,79227
Italy,Europe,2021-01-31,60000000,20,4930,0,69,6121,85348
Italy,Europe,2021-02-01,60000000,20,4950,0,69,5270,90618
Italy,Europe,2021-02-02,60000000,24,4974,0,70,5668,96286
Italy,Europe,2021-02-03,60000000,16,4990,0,70,6252,102538
Italy,Europe,2021-02-04,60000000,16,5006,0,70,5654,108192
Italy,Europe,2021-02-05,60000000,20,5026,0,70,6978,115170
Italy,Europe,2021-02-06,60000000,24,5050,0,71,6715,121885
Italy,Europe,2021-02-07,60000000,20,5070,0,71,6867,128752
Italy,Europe,2021-02-08,60000000,19,5089,0,71,6490,135242
Italy,Europe,2021-02-09,60000000,20,5109,0,72,8296,143538
Italy,Europe,2021-02-10,60000000,19,5128,0,72,8648,152186
Italy,Europe,2021-02-11,60000000,17,5145,0,72,7175,159361
Italy,Europe,2021-02-12,60000000,19,5164,0,72,8631,167992
Italy,Europe,2021-02-13,60000000,21,5185,0,73,7315,175307
Italy,Europe,2021-02-14,60000000,17,5202,0,73,7896,183204
Italy,Europe,2021-02-15,60000000,23,5226,0,73,9475,192678
Italy,Europe,2021-02-16,60000000,23,5249,0,74,8370,201048
Italy,Europe,2021-02-17,60000000,18,5267,0,74,10006,211054
Italy,Europe,2021-02-18,60000000,20,5286,0,74,9871,220925
Italy,Europe,2021-02-19,60000000,22,5308,0,75,8590,229515
Italy,Europe,2021-02-20,60000000,20,5328,0,75,9381,238896
Italy,Europe,2021-02-21,60000000,16,5344,0,75,9184,248080
Italy,Europe,2021-02-22,60000000,21,5365,0,75,10430,258510
Italy,Europe,2021-02-23,60000000,15,5380,0,76,9077,267587
Italy,Europe,2021-02-24,60000000,18,5398,0,76,11556,279143
Italy,Europe,2021-02-25,60000000,18,5416,0,76,9596,288738
Italy,Europe,2021-02-26,60000000,18,5434,0,76,9796,298534
Italy,Europe,2021-02-27,60000000,21,5455,0,77,10627,309161
Italy,Europe,2021-02-28,60000000,22,5477,0,77,12825,321986
Italy,Europe,2021-03-01,60000000,17,5494,0,77,10079,332065
Italy,Europe,2021-03-02,60000000,17,5512,0,77,12027,344093
Italy,Europe,2021-03-03,60000000,13,5525,0,78,13646,357739
Italy,Europe,2021-03-04,60000000,20,5544,0,78,12825,370564
Italy,Europe,2021-03-05,60000000,16,5561,0,78,11287,381852
Italy,Europe,2021-03-06,60000000,19,5580,0,78,13572,395423
Italy,Europe,2021-03-07,60000000,21,5601,0,78,13511,408934
Italy,Europe,2021-03-08,60000000,16,5617,0,79,13962,422896
Italy,Europe,2021-03-09,60000000,17,5634,0,79,12045,434941
Italy,Europe,2021-03-10,60000000,15,5648,0,79,15775,450716
Italy,Europe,2021-03-11,60000000,23,5672,0,79,13203,463919
Italy,Europe,2021-03-12,60000000,21,5693,0,80,12345,476263
Italy,Europe,2021-03-13,60000000,16,5709,0,80,13393,489657
Italy,Europe,2021-03-14,60000000,17,5726,0,80,17010,506667
Italy,Europe,2021-03-15,60000000,19,5745,0,80,15643,522310
Italy,Europe,2021-03-16,60000000,16,5761,0,80,14905,537215
Italy,Europe,2021-03-17,60000000,19,5780,0,81,16384,553599
Italy,Europe,2021-03-18,60000000,18,5797,0,81,16574,570173
Italy,Europe,2021-03-19,60000000,13,5811,0,81,15341,585514
Italy,Europe,2021-03-20,60000000,16,5827,0,81,18412,603926
Italy,Europe,2021-03-21,60000000,14,5841,0,82,15309,619234
Italy,Europe,2021-03-22,60000000,17,5858,0,82,15715,634949
Italy,Europe,2021-03-23,60000000,19,5878,0,82,16704,651653
Italy,Europe,2021-03-24,60000000,15,5893,0,82,21029,672682
Italy,Europe,2021-03-25,60000000,17,5910,0,83,19202,691884
Italy,Europe,2021-03-26,60000000,19,5929,0,83,22104,713989
Italy,Europe,2021-03-27,60000000,13,5942,0,83,16703,730692
Italy,Europe,2021-03-28,60000000,20,5962,0,83,20333,751025
Italy,Europe,2021-03-29,60000000,19,5981,0,84,21170,772194
Italy,Europe,2021-03-30,60000000,23,6004,0,84,18586,790780
Italy,Europe,2021-03-31,60000000,21,6025,0,84,19205,809985
Italy,Europe,2021-04-01,60000000,22,6047,0,85,18549,828534
Italy,Europe,2021-04-02,60000000,14,6061,0,85,24225,852759
Italy,Europe,2021-04-03,60000000,18,6079,0,85,21906,874665
Italy,Europe,2021-04-04,60000000,19,6098,0,85,22211,896876
Italy,Europe,2021-04-05,60000000,22,6120,0,86,20514,917390
Italy,Europe,2021-04-06,60000000,23,6144,0,86,24908,942298
Italy,Europe,2021-04-07,60000000,19,6162,0,86,22194,964492
Italy,Europe,2021-04-08,60000000,23,6185,0,87,23326,987818
Italy,Europe,2021-04-09,60000000,22,6207,0,87,25579,1013397
Italy,Europe,2021-04-10,60000000,25,6232,0,87,24190,1037587
Italy,Europe,2021-04-11,60000000,19,6251,0,88,23632,1061219
Italy,Europe,2021-04-12,60000000,18,6270,0,88,22666,1083885
Italy,Europe,2021-04-13,60000000,19,6289,0,88,28769,1112654
Italy,Europe,2021-04-14,60000000,23,6312,0,88,27914,1140568
Italy,Europe,2021-04-15,60000000,16,6328,0,89,23739,1164308
Italy,Europe,2021-04-16,60000000,19,6347,0,89,25421,1189729
Italy,Europe,2021-04-17,60000000,20,6368,0,89,30494,1220223
Italy,Europe,2021-04-18,60000000,21,6389,0,89,28462,1248684
Italy,Europe,2021-04-19,60000000,14,6403,0,90,32048,1280733
Italy,Europe,2021-04-20,60000000,20,6423,0,90,30643,1311375
Italy,Europe,2021-04-21,60000000,18,6441,0,90,34097,1345472
Italy,Europe,2021-04-22,60000000,15,6456,0,90,31415,1376887
Italy,Europe,2021-04-23,60000000,18,6474,0,91,32078,1408965
Italy,Europe,2021-04-24,60000000,17,6491,0,91,32275,1441240
Italy,Europe,2021-04-25,60000000,24,6515,0,91,32976,1474216
Italy,Europe,2021-04-26,60000000,21,6536,0,91,33536,1507753
Italy,Europe,2021-04-27,60000000,23,6560,0,92,38000,1545752
Italy,Europe,2021-04-28,60000000,14,6574,0,92,30944,1576696
Italy,Europe,2021-04-29,60000000,20,6594,0,92,34674,1611371
Italy,Europe,2021-04-30,60000000,20,6614,0,93,39286,1650656
Italy,Europe,2021-05-01,60000000,20,6634,0,93,37661,1688318
Italy,Europe,2021-05-02,60000000,23,6657,0,93,37971,1726289
Italy,Europe,2021-05-03,60000000,15,6672,0,93,36694,1762983
Italy,Europe,2021-05-04,60000000,17,6689,0,94,33747,1796730
Italy,Europe,2021-05-05,60000000,17,6705,0,94,37940,1834670
Italy,Europe,2021-05-06,60000000,20,6725,0,94,42462,1877132
Italy,Europe,2021-05-07,60000000,24,6748,0,94,37643,1914775
Italy,Europe,2021-05-08,60000000,24,6772,0,95,37163,1951938
Italy,Europe,2021-05-09,60000000,19,6791,0,95,40751,1992689
Italy,Europe,2021-05-10,60000000,25,6816,0,95,39662,2032351
Italy,Europe,2021-05-11,60000000,13,6829,0,95,45981,2078332
Italy,Europe,2021-05-12,60000000,22,6851,0,96,35597,2113929
Italy,Europe,2021-05-13,60000000,19,6871,0,96,36251,2150181
Italy,Europe,2021-05-14,60000000,17,6888,0,96,40819,2191000
Italy,Europe,2021-05-15,60000000,18,6906,0,97,40845,2231845
Italy,Europe,2021-05-16,60000000,17,6923,0,97,47839,2279684
Italy,Europe,2021-05-17,60000000,22,6945,0,97,48965,2328650
Italy,Europe,2021-05-18,60000000,18,6963,0,97,50189,2378838
Italy,Europe,2021-05-19,60000000,28,6991,1,98,47188,2426026
Italy,Europe,2021-05-20,60000000,20,7011,0,98,49107,2475134
Italy,Europe,2021-05-21,60000000,21,7032,0,98,45681,2520815
Italy,Europe,2021-05-22,60000000,23,7055,0,99,48759,2569574
Italy,Europe,2021-05-23,60000000,16,7071,0,99,41289,2610863
Italy,Europe,2021-05-24,60000000,17,7088,0,99,41626,2652489
Italy,Europe,2021-05-25,60000000,19,7107,0,99,49282,2701771
Italy,Europe,2021-05-26,60000000,19,7126,0,100,56293,2758063
Italy,Europe,2021-05-27,60000000,21,7147,0,100,47628,2805691
Italy,Europe,2021-05-28,60000000,15,7162,0,100,52402,2858093
Italy,Europe,2021-05-29,60000000,20,7182,0,100,45881,2903973
Italy,Europe,2021-05-30,60000000,18,7201,0,101,57028,2961002
Italy,Europe,2021-05-31,60000000,21,7221,0,101,58453,3019455
Italy,Europe,2021-06-01,60000000,23,7244,0,101,58040,3077495
Italy,Europe,2021-06-02,60000000,20,7264,0,102,50330,3127824
Italy,Europe,2021-06-03,60000000,19,7282,0,102,47005,3174829
Italy,Europe,2021-06-04,60000000,24,7306,0,103,50409,3225238
Italy,Europe,2021-06-05,60000000,13,7320,0,103,51600,3276838
Italy,Europe,2021-06-06,60000000,23,7342,0,103,60631,3337469
Italy,Europe,2021-06-07,60000000,15,7357,0,103,62137,3399607
Italy,Europe,2021-06-08,60000000,18,7375,0,104,51218,3450825
Italy,Europe,2021-06-09,60000000,20,7395,0,104,61873,3512697
Italy,Europe,2021-06-10,60000000,24,7419,0,104,61611,3574308
Italy,Europe,2021-06-11,60000000,24,7443,0,105,55888,3630196
Italy,Europe,2021-06-12,60000000,22,7465,0,105,49405,3679601
Italy,Europe,2021-06-13,60000000,20,7485,0,105,60963,3740565
Italy,Europe,2021-06-14,60000000,18,7502,0,106,59207,3799772
Italy,Europe,2021-06-15,60000000,20,7522,0,106,53036,3852808
Italy,Europe,2021-06-16,60000000,23,7545,0,106,55152,3907960
Italy,Europe,2021-06-17,60000000,20,7566,0,106,52720,3960680
Italy,Europe,2021-06-18,60000000,15,7580,0,107,59239,4019919
Italy,Europe,2021-06-19,60000000,23,7603,0,107,63115,4083034
Italy,Europe,2021-06-20,60000000,24,7627,0,107,66603,4149637
Italy,Europe,2021-06-21,60000000,21,7648,0,107,56992,4206629
Italy,Europe,2021-06-22,60000000,22,7670,0,108,68960,4275589
Italy,Europe,2021-06-23,60000000,20,7690,0,108,66731,4342320
Italy,Europe,2021-06-24,60000000,19,7709,0,108,71269,4413589
Italy,Europe,2021-06-25,60000000,21,7730,0,108,58359,4471948
Italy,Europe,2021-06-26,60000000,19,7749,0,109,57556,4529503
Italy,Europe,2021-06-27,60000000,22,7771,0,109,61181,4590685
Italy,Europe,2021-06-28,60000000,24,7794,0,109,64724,4655409
Italy,Europe,2021-06-29,60000000,16,7811,0,110,60476,4715885
Italy,Europe,2021-06-30,60000000,29,7840,0,110,63876,4779762
Italy,Europe,2021-07-01,60000000,20,7860,0,110,67168,4846930
Italy,Europe,2021-07-02,60000000,20,7880,0,111,72997,4919926
Italy,Europe,2021-07-03,60000000,23,7903,0,111,75102,4995028
Italy,Europe,2021-07-04,60000000,16,7919,0,111,65017,5060045
Italy,Europe,2021-07-05,60000000,20,7939,0,111,64995,5125039
Italy,Europe,2021-07-06,60000000,15,7954,0,112,74705,5199744
Italy,Europe,2021-07-07,60000000,21,7975,0,112,59097,5258841
Italy,Europe,2021-07-08,60000000,15,7990,0,112,62833,5321673
Italy,Europe,2021-07-09,60000000,24,8014,0,113,76398,5398072
Italy,Europe,2021-07-10,60000000,27,8041,0,113,66128,5464200
Italy,Europe,2021-07-11,60000000,26,8067,0,113,75978,5540178
Italy,Europe,2021-07-12,60000000,22,8089,0,114,63453,5603631
Italy,Europe,2021-07-13,60000000,20,8110,0,114,61114,5664745
Italy,Europe,2021-07-14,60000000,22,8132,0,114,72780,5737525
Italy,Europe,2021-07-15,60000000,15,8146,0,114,65142,5802667
Italy,Europe,2021-07-16,60000000,25,8172,0,115,80964,5883631
Italy,Europe,2021-07-17,60000000,21,8193,0,115,80892,5964522
Italy,Europe,2021-07-18,60000000,22,8214,0,115,72702,6037225
Italy,Europe,2021-07-19,60000000,19,8234,0,115,82335,6119560
Italy,Europe,2021-07-20,60000000,25,8258,0,116,64951,6184511
Italy,Europe,2021-07-21,60000000,20,8279,0,116,68303,6252814
Italy,Europe,2021-07-22,60000000,20,8299,0,116,82789,6335602
Italy,Europe,2021-07-23,60000000,19,8318,0,117,82583,6418185
Italy,Europe,2021-07-24,60000000,19,8336,0,117,72657,6490842
Italy,Europe,2021-07-25,60000000,25,8362,0,117,63954,6554795
Italy,Europe,2021-07-26,60000000,14,8376,0,117,67175,6621971
Italy,Europe,2021-07-27,60000000,21,8397,0,118,63655,6685626
Italy,Europe,2021-07-28,60000000,17,8414,0,118,71931,6757557
Italy,Europe,2021-07-29,60000000,18,8432,0,118,76201,6833758
Italy,Europe,2021-07-30,60000000,23,8455,0,119,71237,6904995
Italy,Europe,2021-07-31,60000000,21,8476,0,119,66576,6971571
Italy,Europe,2021-08-01,60000000,18,8494,0,119,64696,7036267
Italy,Europe,2021-08-02,60000000,21,8515,0,119,83727,7119994
Italy,Europe,2021-08-03,60000000,19,8534,0,120,75049,7195043
Italy,Europe,2021-08-04,60000000,21,8555,0,120,85320,7280363
Italy,Europe,2021-08-05,60000000,13,8567,0,120,69232,7349595
Italy,Europe,2021-08-06,60000000,25,8592,0,121,82561,7432156
Italy,Europe,2021-08-07,60000000,25,8617,0,121,79580,7511736
Italy,Europe,2021-08-08,60000000,21,8638,0,121,80542,7592278
Italy,Europe,2021-08-09,60000000,27,8665,0,122,80728,7673005
Italy,Europe,2021-08-10,60000000,25,8691,0,122,78045,7751050
Italy,Europe,2021-08-11,60000000,23,8714,0,122,76603,7827653
Italy,Europe,2021-08-12,60000000,27,8741,1,123,74733,7902386
Italy,Europe,2021-08-13,60000000,25,8766,0,123,71169,7973556
Italy,Europe,2021-08-14,60000000,22,8788,0,124,77670,8051226
Italy,Europe,2021-08-15,60000000,16,8804,0,124,77203,8128429
Italy,Europe,2021-08-16,60000000,22,8826,0,124,70772,8199200
Italy,Europe,2021-08-17,60000000,19,8846,0,124,69175,8268376
Italy,Europe,2021-08-18,60000000,14,8860,0,125,77936,8346312
Italy,Europe,2021-08-19,60000000,23,8883,0,125,89699,8436011
Italy,Europe,2021-08-20,60000000,21,8904,0,125,86269,8522280
Italy,Europe,2021-08-21,60000000,21,8925,0,126,81284,8603564
Italy,Europe,2021-08-22,60000000,20,8945,0,126,85981,8689545
Italy,Europe,2021-08-23,60000000,24,8969,0,126,82995,8772540
Italy,Europe,2021-08-24,60000000,17,8986,0,126,90699,8863239
Italy,Europe,2021-08-25,60000000,18,9004,0,126,85953,8949192
Italy,Europe,2021-08-26,60000000,10,9014,0,126,81727,9030919
Italy,Europe,2021-08-27,60000000,20,9033,0,127,91939,9122858
Italy,Europe,2021-08-28,60000000,19,9052,0,127,87460,9210318
Italy,Europe,2021-08-29,60000000,24,9075,0,127,73177,9283496
Italy,Europe,2021-08-30,60000000,20,9096,0,127,76328,9359823
Italy,Europe,2021-08-31,60000000,15,9111,0,128,80098,9439921
Italy,Europe,2021-09-01,60000000,17,9128,0,128,91964,9531885
Italy,Europe,2021-09-02,60000000,22,9150,0,128,93158,9625043
Italy,Europe,2021-09-03,60000000,18,9168,0,128,77431,9702474
Italy,Europe,2021-09-04,60000000,21,9188,0,129,92602,9795076
Italy,Europe,2021-09-05,60000000,21,9210,0,129,91583,9886659
Italy,Europe,2021-09-06,60000000,22,9231,0,129,73434,9960093
Italy,Europe,2021-09-07,60000000,18,9249,0,129,85634,10045726
Italy,Europe,2021-09-08,60000000,21,9270,0,130,71942,10117669
Italy,Europe,2021-09-09,60000000,22,9292,0,130,71638,10189306
Italy,Europe,2021-09-10,60000000,21,9313,0,130,75918,10265224
Italy,Europe,2021-09-11,60000000,17,9330,0,130,77965,10343189
Italy,Europe,2021-09-12,60000000,17,9347,0,131,74499,10417687
Italy,Europe,2021-09-13,60000000,18,9365,0,131,71419,10489107
Italy,Europe,2021-09-14,60000000,18,9383,0,131,89685,10578792
Italy,Europe,2021-09-15,60000000,16,9399,0,132,88996,10667788
Italy,Europe,2021-09-16,60000000,18,9417,0,132,84367,10752155
Italy,Europe,2021-09-17,60000000,20,9437,0,132,92182,10844337
Italy,Europe,2021-09-18,60000000,20,9457,0,133,80501,10924839
Italy,Europe,2021-09-19,60000000,22,9479,0,133,95262,11020101
Italy,Europe,2021-09-20,60000000,19,9498,0,133,79408,11099509
Italy,Europe,2021-09-21,60000000,15,9513,0,133,88310,11187819
Italy,Europe,2021-09-22,60000000,15,9528,0,133,89204,11277023
Italy,Europe,2021-09-23,60000000,15,9543,0,133,86470,11363493
Italy,Europe,2021-09-24,60000000,20,9563,0,134,92738,11456231
Italy,Europe,2021-09-25,60000000,20,9582,0,134,93274,11549505
Italy,Europe,2021-09-26,60000000,18,9600,0,134,95138,11644644
Italy,Europe,2021-09-27,60000000,21,9621,0,135,80933,11725577
Italy,Europe,2021-09-28,60000000,17,9638,0,135,78384,11803961
Italy,Europe,2021-09-29,60000000,18,9655,0,135,78970,11882931
Italy,Europe,2021-09-30,60000000,16,9672,0,135,85978,11968909
Italy,Europe,2021-10-01,60000000,15,9686,0,135,87644,12056553
Italy,Europe,2021-10-02,60000000,15,9701,0,135,75703,12132256
Italy,Europe,2021-10-03,60000000,21,9721,0,136,83688,12215944
Italy,Europe,2021-10-04,60000000,13,9734,0,136,72265,12288209
Italy,Europe,2021-10-05,60000000,11,9745,0,136,88776,12376985
Italy,Europe,2021-10-06,60000000,15,9759,0,136,81469,12458454
Italy,Europe,2021-10-07,60000000,17,9776,0,136,83237,12541691
Italy,Europe,2021-10-08,60000000,16,9793,0,137,74817,12616507
Italy,Europe,2021-10-09,60000000,12,9804,0,137,82400,12698908
Italy,Europe,2021-10-10,60000000,16,9820,0,137,89349,12788257
Italy,Europe,2021-10-11,60000000,20,9840,0,137,75248,12863505
Italy,Europe,2021-10-12,60000000,10,9850,0,137,96697,12960202
Italy,Europe,2021-10-13,60000000,15,9865,0,138,73625,13033827
Italy,Europe,2021-10-14,60000000,14,9879,0,138,85125,13118952
Italy,Europe,2021-10-15,60000000,11,9891,0,138,79629,13198581
Italy,Europe,2021-10-16,60000000,13,9904,0,138,90280,13288861
Italy,Europe,2021-10-17,60000000,18,9922,0,138,87641,13376501
Italy,Europe,2021-10-18,60000000,16,9938,0,139,91861,13468363
Italy,Europe,2021-10-19,60000000,17,9955,0,139,82240,13550603
Italy,Europe,2021-10-20,60000000,12,9967,0,139,85176,13635779
Italy,Europe,2021-10-21,60000000,18,9985,0,139,84441,13720220
Italy,Europe,2021-10-22,60000000,12,9997,0,140,88781,13809001
Italy,Europe,2021-10-23,60000000,14,10011,0,140,89211,13898212
Italy,Europe,2021-10-24,60000000,13,10024,0,140,77395,13975608
Italy,Europe,2021-10-25,60000000,17,10040,0,140,79660,14055267
Italy,Europe,2021-10-26,60000000,16,10056,0,141,86341,14141609
Italy,Europe,2021-10-27,60000000,16,10072,0,141,96839,14238448
Italy,Europe,2021-10-28,60000000,17,10089,0,141,78804,14317252
Italy,Europe,2021-10-29,60000000,15,10104,0,141,85493,14402745
Italy,Europe,2021-10-30,60000000,16,10120,0,141,95896,14498641
Italy,Europe,2021-10-31,60000000,15,10134,0,141,87204,14585845
Italy,Europe,2021-11-01,60000000,13,10147,0,142,84509,14670354
Italy,Europe,2021-11-02,60000000,15,10162,0,142,96088,14766442
Italy,Europe,2021-11-03,60000000,14,10176,0,142,76884,14843326
Italy,Europe,2021-11-04,60000000,13,10190,0,142,73477,14916803
Italy,Europe,2021-11-05,60000000,11,10200,0,142,93784,15010587
Italy,Europe,2021-11-06,60000000,9,10210,0,143,74324,15084911
Italy,Europe,2021-11-07,60000000,15,10225,0,143,88330,15173240
Italy,Europe,2021-11-08,60000000,14,10238,0,143,83568,15256808
Italy,Europe,2021-11-09,60000000,11,10249,0,143,76454,15333262
Italy,Europe,2021-11-10,60000000,11,10260,0,143,78731,15411993
Italy,Europe,2021-11-11,60000000,12,10272,0,144,74635,15486629
Italy,Europe,2021-11-12,60000000,14,10286,0,144,98236,15584865
Italy,Europe,2021-11-13,60000000,8,10294,0,144,97572,15682437
Italy,Europe,2021-11-14,60000000,11,10305,0,144,89280,15771716
Italy,Europe,2021-11-15,60000000,12,10317,0,144,79725,15851441
Italy,Europe,2021-11-16,60000000,13,10330,0,144,92472,15943913
Italy,Europe,2021-11-17,60000000,12,10341,0,145,97493,16041406
Italy,Europe,2021-11-18,60000000,9,10350,0,145,92416,16133823
Italy,Europe,2021-11-19,60000000,11,10362,0,145,93063,16226885
Italy,Europe,2021-11-20,60000000,12,10374,0,145,73031,16299916
Italy,Europe,2021-11-21,60000000,9,10383,0,145,75720,16375636
Italy,Europe,2021-11-22,60000000,10,10393,0,145,97499,16473135
Italy,Europe,2021-11-23,60000000,12,10405,0,145,73087,16546222
Italy,Europe,2021-11-24,60000000,10,10414,0,145,74848,16621069
Italy,Europe,2021-11-25,60000000,10,10424,0,146,77739,16698809
Italy,Europe,2021-11-26,60000000,12,10436,0,146,96438,16795247
Italy,Europe,2021-11-27,60000000,10,10446,0,146,83159,16878406
Italy,Europe,2021-11-28,60000000,10,10456,0,146,89688,16968093
Italy,Europe,2021-11-29,60000000,10,10466,0,146,93267,17061360
Italy,Europe,2021-11-30,60000000,10,10476,0,146,85825,17147185
Italy,Europe,2021-12-01,60000000,11,10487,0,147,94346,17241532
Italy,Europe,2021-12-02,60000000,9,10496,0,147,79797,17321328
Italy,Europe,2021-12-03,60000000,10,10507,0,147,97292,17418620
Italy,Europe,2021-12-04,60000000,10,10517,0,147,82018,17500637
Italy,Europe,2021-12-05,60000000,9,10526,0,147,88080,17588717
Italy,Europe,2021-12-06,60000000,11,10537,0,147,74665,17663382
Italy,Europe,2021-12-07,60000000,7,10544,0,147,83814,17747196
Italy,Europe,2021-12-08,60000000,9,10553,0,147,87831,17835027
Italy,Europe,2021-12-09,60000000,9,10562,0,147,80482,17915509
Italy,Europe,2021-12-10,60000000,10,10572,0,148,73717,17989226
Italy,Europe,2021-12-11,60000000,5,10578,0,148,89220,18078446
Italy,Europe,2021-12-12,60000000,8,10586,0,148,96566,18175012
Italy,Europe,2021-12-13,60000000,8,10594,0,148,89928,18264940
Italy,Europe,2021-12-14,60000000,10,10604,0,148,78849,18343789
Italy,Europe,2021-12-15,60000000,7,10611,0,148,85784,18429573
Italy,Europe,2021-12-16,60000000,8,10619,0,148,92980,18522553
Italy,Europe,2021-12-17,60000000,10,10629,0,148,86381,18608935
Italy,Europe,2021-12-18,60000000,10,10639,0,149,97999,18706934
Italy,Europe,2021-12-19,60000000,8,10647,0,149,93740,18800673
Italy,Europe,2021-12-20,60000000,8,10655,0,149,82101,18882774
Italy,Europe,2021-12-21,60000000,6,10661,0,149,76912,18959686
Italy,Europe,2021-12-22,60000000,9,10670,0,149,81564,19041250
Italy,Europe,2021-12-23,60000000,9,10679,0,149,77988,19119239
Italy,Europe,2021-12-24,60000000,7,10686,0,149,92471,19211710
Italy,Europe,2021-12-25,60000000,7,10693,0,149,73683,19285393
Italy,Europe,2021-12-26,60000000,8,10701,0,149,84027,19369420
Italy,Europe,2021-12-27,60000000,7,10708,0,149,91124,19460544
Italy,Europe,2021-12-28,60000000,8,10715,0,150,90983,19551527
Italy,Europe,2021-12-29,60000000,9,10724,0,150,91263,19642790
Italy,Europe,2021-12-30,60000000,6,10730,0,150,93430,19736220
Italy,Europe,2021-12-31,60000000,8,10738,0,150,87748,19823967
Italy,Europe,2022-01-01,60000000,7,10745,0,150,94645,19918613
Italy,Europe,2022-01-02,60000000,6,10751,0,150,78048,19996661
Italy,Europe,2022-01-03,60000000,5,10756,0,150,82309,20078970
Italy,Europe,2022-01-04,60000000,7,10762,0,150,98712,20177682
Italy,Europe,2022-01-05,60000000,6,10769,0,150,89932,20267614
Italy,Europe,2022-01-06,60000000,6,10775,0,150,90655,20358269
Italy,Europe,2022-01-07,60000000,7,10782,0,150,90226,20448494
Italy,Europe,2022-01-08,60000000,7,10789,0,151,73994,20522488
Italy,Europe,2022-01-09,60000000,5,10793,0,151,91477,20613965
Italy,Europe,2022-01-10,60000000,4,10797,0,151,81410,20695375
Italy,Europe,2022-01-11,60000000,6,10803,0,151,82298,20777673
Italy,Europe,2022-01-12,60000000,5,10809,0,151,87163,20864836
Italy,Europe,2022-01-13,60000000,7,10815,0,151,90340,20955175
Italy,Europe,2022-01-14,60000000,3,10818,0,151,76916,21032091
Italy,Europe,2022-01-15,60000000,6,10824,0,151,83871,21115962
Italy,Europe,2022-01-16,60000000,5,10828,0,151,92853,21208815
Italy,Europe,2022-01-17,60000000,6,10834,0,151,76061,21284876
Italy,Europe,2022-01-18,60000000,5,10840,0,151,91725,21376601
Italy,Europe,2022-01-19,60000000,5,10845,0,151,81332,21457933
Italy,Europe,2022-01-20,60000000,4,10849,0,151,77708,21535641
Italy,Europe,2022-01-21,60000000,6,10855,0,151,90712,21626353
Italy,Europe,2022-01-22,60000000,4,10859,0,151,97425,21723778
Italy,Europe,2022-01-23,60000000,4,10864,0,152,75309,21799087
Italy,Europe,2022-01-24,60000000,5,10869,0,152,75750,21874837
Italy,Europe,2022-01-25,60000000,5,10874,0,152,87855,21962691
Italy,Europe,2022-01-26,60000000,4,10878,0,152,85194,22047885
Italy,Europe,2022-01-27,60000000,4,10882,0,152,85984,22133869
Italy,Europe,2022-01-28,60000000,6,10888,0,152,75880,22209749
Italy,Europe,2022-01-29,60000000,5,10892,0,152,85445,22295194
Italy,Europe,2022-01-30,60000000,5,10897,0,152,93173,22388366
Italy,Europe,2022-01-31,60000000,4,10902,0,152,85187,22473553
Japan,Asia,2020-02-01,125000000,4,4,0,0,0,0
Japan,Asia,2020-02-02,125000000,4,8,0,0,0,0
Japan,Asia,2020-02-03,125000000,3,11,0,0,0,0
Japan,Asia,2020-02-04,125000000,4,15,0,0,0,0
Japan,Asia,2020-02-05,125000000,3,17,0,0,0,0
Japan,Asia,2020-02-06,125000000,4,22,0,0,0,0
Japan,Asia,2020-02-07,125000000,2,24,0,0,0,0
Japan,Asia,2020-02-08,125000000,4,28,0,0,0,0
Japan,Asia,2020-02-09,125000000,4,32,0,0,0,0
Japan,Asia,2020-02-10,125000000,4,36,0,0,0,0
Japan,Asia,2020-02-11,125000000,4,40,0,1,0,0
Japan,Asia,2020-02-12,125000000,4,44,0,1,0,0
Japan,Asia,2020-02-13,125000000,4,48,0,1,0,0
Japan,Asia,2020-02-14,125000000,4,52,0,1,0,0
Japan,Asia,2020-02-15,125000000,4,57,0,1,0,0
Japan,Asia,2020-02-16,125000000,4,61,0,1,0,0
Japan,Asia,2020-02-17,125000000,5,66,0,1,0,0
Japan,Asia,2020-02-18,125000000,5,71,0,1,0,0
Japan,Asia,2020-02-19,125000000,5,76,0,1,0,0
Japan,Asia,2020-02-20,125000000,5,81,0,1,0,0
Japan,Asia,2020-02-21,125000000,5,85,0,1,0,0
Japan,Asia,2020-02-22,125000000,6,91,0,1,0,0
Japan,Asia,2020-02-23,125000000,5,96,0,1,0,0
Japan,Asia,2020-02-24,125000000,4,100,0,1,0,0
Japan,Asia,2020-02-25,125000000,6,106,0,1,0,0
Japan,Asia,2020-02-26,125000000,5,110,0,2,0,0
Japan,Asia,2020-02-27,125000000,6,116,0,2,0,0
Japan,Asia,2020-02-28,125000000,5,121,0,2,0,0
Japan,Asia,2020-02-29,125000000,4,126,0,2,0,0
Japan,Asia,2020-03-01,125000000,5,131,0,2,0,0
Japan,Asia,2020-03-02,125000000,4,135,0,2,0,0
Japan,Asia,2020-03-03,125000000,6,141,0,2,0,0
Japan,Asia,2020-03-04,125000000,6,147,0,2,0,0
Japan,Asia,2020-03-05,125000000,7,155,0,2,0,0
Japan,Asia,2020-03-06,125000000,5,160,0,2,0,0
Japan,Asia,2020-03-07,125000000,5,165,0,2,0,0
Japan,Asia,2020-03-08,125000000,7,172,0,2,0,0
Japan,Asia,2020-03-09,125000000,7,178,0,2,0,0
Japan,Asia,2020-03-10,125000000,7,185,0,3,0,0
Japan,Asia,2020-03-11,125000000,8,193,0,3,0,0
Japan,Asia,2020-03-12,125000000,6,199,0,3,0,0
Japan,Asia,2020-03-13,125000000,8,207,0,3,0,0
Japan,Asia,2020-03-14,125000000,6,214,0,3,0,0
Japan,Asia,2020-03-15,125000000,6,219,0,3,0,0
Japan,Asia,2020-03-16,125000000,6,225,0,3,0,0
Japan,Asia,2020-03-17,125000000,6,231,0,3,0,0
Japan,Asia,2020-03-18,125000000,9,240,0,3,0,0
Japan,Asia,2020-03-19,125000000,8,247,0,3,0,0
Japan,Asia,2020-03-20,125000000,9,256,0,4,0,0
Japan,Asia,2020-03-21,125000000,5,261,0,4,0,0
Japan,Asia,2020-03-22,125000000,6,267,0,4,0,0
Japan,Asia,2020-03-23,125000000,7,274,0,4,0,0
Japan,Asia,2020-03-24,125000000,7,280,0,4,0,0
Japan,Asia,2020-03-25,125000000,7,288,0,4,0,0
Japan,Asia,2020-03-26,125000000,7,295,0,4,0,0
Japan,Asia,2020-03-27,125000000,6,301,0,4,0,0
Japan,Asia,2020-03-28,125000000,7,308,0,4,0,0
Japan,Asia,2020-03-29,125000000,7,315,0,4,0,0
Japan,Asia,2020-03-30,125000000,6,322,0,4,0,0
Japan,Asia,2020-03-31,125000000,8,329,0,4,0,0
Japan,Asia,2020-04-01,125000000,6,336,0,5,0,0
Japan,Asia,2020-04-02,125000000,8,343,0,5,0,0
Japan,Asia,2020-04-03,125000000,7,350,0,5,0,0
Japan,Asia,2020-04-04,125000000,9,359,0,5,0,0
Japan,Asia,2020-04-05,125000000,9,368,0,5,0,0
Japan,Asia,2020-04-06,125000000,9,376,0,5,0,0
Japan,Asia,2020-04-07,125000000,9,385,0,5,0,0
Japan,Asia,2020-04-08,125000000,9,394,0,5,0,0
Japan,Asia,2020-04-09,125000000,9,404,0,5,0,0
Japan,Asia,2020-04-10,125000000,9,412,0,6,0,0
Japan,Asia,2020-04-11,125000000,9,422,0,6,0,0
Japan,Asia,2020-04-12,125000000,9,431,0,6,0,0
Japan,Asia,2020-04-13,125000000,9,440,0,6,0,0
Japan,Asia,2020-04-14,125000000,7,447,0,6,0,0
Japan,Asia,2020-04-15,125000000,8,454,0,6,0,0
Japan,Asia,2020-04-16,125000000,9,463,0,6,0,0
Japan,Asia,2020-04-17,125000000,8,471,0,6,0,0
Japan,Asia,2020-04-18,125000000,9,480,0,6,0,0
Japan,Asia,2020-04-19,125000000,8,489,0,7,0,0
Japan,Asia,2020-04-20,125000000,9,497,0,7,0,0
Japan,Asia,2020-04-21,125000000,9,506,0,7,0,0
Japan,Asia,2020-04-22,125000000,9,515,0,7,0,0
Japan,Asia,2020-04-23,125000000,11,527,0,7,0,0
Japan,Asia,2020-04-24,125000000,8,534,0,7,0,0
Japan,Asia,2020-04-25,125000000,10,545,0,7,0,0
Japan,Asia,2020-04-26,125000000,11,555,0,8,0,0
Japan,Asia,2020-04-27,125000000,12,567,0,8,0,0
Japan,Asia,2020-04-28,125000000,10,577,0,8,0,0
Japan,Asia,2020-04-29,125000000,11,587,0,8,0,0
Japan,Asia,2020-04-30,125000000,12,599,0,8,0,0
Japan,Asia,2020-05-01,125000000,9,608,0,8,0,0
Japan,Asia,2020-05-02,125000000,9,617,0,8,0,0
Japan,Asia,2020-05-03,125000000,10,627,0,9,0,0
Japan,Asia,2020-05-04,125000000,10,637,0,9,0,0
Japan,Asia,2020-05-05,125000000,11,648,0,9,0,0
Japan,Asia,2020-05-06,125000000,8,657,0,9,0,0
Japan,Asia,2020-05-07,125000000,12,669,0,9,0,0
Japan,Asia,2020-05-08,125000000,11,680,0,9,0,0
Japan,Asia,2020-05-09,125000000,10,690,0,9,0,0
Japan,Asia,2020-05-10,125000000,11,700,0,10,0,0
Japan,Asia,2020-05-11,125000000,12,712,0,10,0,0
Japan,Asia,2020-05-12,125000000,11,724,0,10,0,0
Japan,Asia,2020-05-13,125000000,11,735,0,10,0,0
Japan,Asia,2020-05-14,125000000,10,745,0,10,0,0
Japan,Asia,2020-05-15,125000000,11,756,0,11,0,0
Japan,Asia,2020-05-16,125000000,12,768,0,11,0,0
Japan,Asia,2020-05-17,125000000,11,778,0,11,0,0
Japan,Asia,2020-05-18,125000000,12,790,0,11,0,0
Japan,Asia,2020-05-19,125000000,7,797,0,11,0,0
Japan,Asia,2020-05-20,125000000,10,807,0,11,0,0
Japan,Asia,2020-05-21,125000000,10,817,0,11,0,0
Japan,Asia,2020-05-22,125000000,11,828,0,12,0,0
Japan,Asia,2020-05-23,125000000,11,839,0,12,0,0
Japan,Asia,2020-05-24,125000000,10,849,0,12,0,0
Japan,Asia,2020-05-25,125000000,10,859,0,12,0,0
Japan,Asia,2020-05-26,125000000,10,869,0,12,0,0
Japan,Asia,2020-05-27,125000000,14,883,0,12,0,0
Japan,Asia,2020-05-28,125000000,10,894,0,13,0,0
Japan,Asia,2020-05-29,125000000,8,902,0,13,0,0
Japan,Asia,2020-05-30,125000000,12,913,0,13,0,0
Japan,Asia,2020-05-31,125000000,11,924,0,13,0,0
Japan,Asia,2020-06-01,125000000,11,935,0,13,0,0
Japan,Asia,2020-06-02,125000000,13,949,0,13,0,0
Japan,Asia,2020-06-03,125000000,11,960,0,14,0,0
Japan,Asia,2020-06-04,125000000,11,971,0,14,0,0
Japan,Asia,2020-06-05,125000000,6,977,0,14,0,0
Japan,Asia,2020-06-06,125000000,11,988,0,14,0,0
Japan,Asia,2020-06-07,125000000,12,1000,0,14,0,0
Japan,Asia,2020-06-08,125000000,13,1013,0,14,0,0
Japan,Asia,2020-06-09,125000000,9,1022,0,14,0,0
Japan,Asia,2020-06-10,125000000,10,1032,0,14,0,0
Japan,Asia,2020-06-11,125000000,13,1045,0,15,0,0
Japan,Asia,2020-06-12,125000000,12,1057,0,15,0,0
Japan,Asia,2020-06-13,125000000,11,1068,0,15,0,0
Japan,Asia,2020-06-14,125000000,13,1082,0,15,0,0
Japan,Asia,2020-06-15,125000000,12,1093,0,15,0,0
Japan,Asia,2020-06-16,125000000,14,1107,0,15,0,0
Japan,Asia,2020-06-17,125000000,11,1119,0,16,0,0
Japan,Asia,2020-06-18,125000000,11,1130,0,16,0,0
Japan,Asia,2020-06-19,125000000,17,1147,0,16,0,0
Japan,Asia,2020-06-20,125000000,14,1160,0,16,0,0
Japan,Asia,2020-06-21,125000000,11,1172,0,16,0,0
Japan,Asia,2020-06-22,125000000,12,1184,0,17,0,0
Japan,Asia,2020-06-23,125000000,12,1195,0,17,0,0
Japan,Asia,2020-06-24,125000000,10,1205,0,17,0,0
Japan,Asia,2020-06-25,125000000,12,1217,0,17,0,0
Japan,Asia,2020-06-26,125000000,13,1230,0,17,0,0
Japan,Asia,2020-06-27,125000000,15,1246,0,17,0,0
Japan,Asia,2020-06-28,125000000,13,1258,0,18,0,0
Japan,Asia,2020-06-29,125000000,12,1270,0,18,0,0
Japan,Asia,2020-06-30,125000000,16,1286,0,18,0,0
Japan,Asia,2020-07-01,125000000,15,1301,0,18,0,0
Japan,Asia,2020-07-02,125000000,13,1314,0,18,0,0
Japan,Asia,2020-07-03,125000000,13,1327,0,18,0,0
Japan,Asia,2020-07-04,125000000,14,1341,0,19,0,0
Japan,Asia,2020-07-05,125000000,12,1353,0,19,0,0
Japan,Asia,2020-07-06,125000000,13,1366,0,19,0,0
Japan,Asia,2020-07-07,125000000,12,1378,0,19,0,0
Japan,Asia,2020-07-08,125000000,16,1393,0,19,0,0
Japan,Asia,2020-07-09,125000000,12,1405,0,20,0,0
Japan,Asia,2020-07-10,125000000,14,1419,0,20,0,0
Japan,Asia,2020-07-11,125000000,14,1432,0,20,0,0
Japan,Asia,2020-07-12,125000000,16,1448,0,20,0,0
Japan,Asia,2020-07-13,125000000,12,1460,0,20,0,0
Japan,Asia,2020-07-14,125000000,12,1472,0,21,0,0
Japan,Asia,2020-07-15,125000000,14,1487,0,21,0,0
Japan,Asia,2020-07-16,125000000,14,1501,0,21,0,0
Japan,Asia,2020-07-17,125000000,17,1518,0,21,0,0
Japan,Asia,2020-07-18,125000000,14,1532,0,21,0,0
Japan,Asia,2020-07-19,125000000,16,1548,0,22,0,0
Japan,Asia,2020-07-20,125000000,16,1563,0,22,0,0
Japan,Asia,2020-07-21,125000000,12,1575,0,22,0,0
Japan,Asia,2020-07-22,125000000,11,1586,0,22,0,0
Japan,Asia,2020-07-23,125000000,13,1599,0,22,0,0
Japan,Asia,2020-07-24,125000000,15,1614,0,23,0,0
Japan,Asia,2020-07-25,125000000,16,1630,0,23,0,0
Japan,Asia,2020-07-26,125000000,8,1638,0,23,0,0
Japan,Asia,2020-07-27,125000000,12,1650,0,23,0,0
Japan,Asia,2020-07-28,125000000,14,1664,0,24,0,0
Japan,Asia,2020-07-29,125000000,15,1679,0,24,0,0
Japan,Asia,2020-07-30,125000000,12,1690,0,24,0,0
Japan,Asia,2020-07-31,125000000,12,1703,0,24,0,0
Japan,Asia,2020-08-01,125000000,10,1713,0,24,0,0
Japan,Asia,2020-08-02,125000000,17,1730,0,25,0,0
Japan,Asia,2020-08-03,125000000,14,1744,0,25,0,0
Japan,Asia,2020-08-04,125000000,12,1757,0,25,0,0
Japan,Asia,2020-08-05,125000000,16,1773,0,25,0,0
Japan,Asia,2020-08-06,125000000,14,1787,0,25,0,0
Japan,Asia,2020-08-07,125000000,16,1803,0,26,0,0
Japan,Asia,2020-08-08,125000000,17,1820,0,26,0,0
Japan,Asia,2020-08-09,125000000,12,1832,0,26,0,0
Japan,Asia,2020-08-10,125000000,16,1848,0,26,0,0
Japan,Asia,2020-08-11,125000000,16,1864,0,27,0,0
Japan,Asia,2020-08-12,125000000,15,1879,0,27,0,0
Japan,Asia,2020-08-13,125000000,15,1894,0,27,0,0
Japan,Asia,2020-08-14,125000000,14,1908,0,27,0,0
Japan,Asia,2020-08-15,125000000,12,1920,0,27,0,0
Japan,Asia,2020-08-16,125000000,11,1931,0,27,0,0
Japan,Asia,2020-08-17,125000000,17,1948,0,28,0,0
Japan,Asia,2020-08-18,125000000,14,1963,0,28,0,0
Japan,Asia,2020-08-19,125000000,13,1976,0,28,0,0
Japan,Asia,2020-08-20,125000000,15,1991,0,28,0,0
Japan,Asia,2020-08-21,125000000,13,2004,0,28,0,0
Japan,Asia,2020-08-22,125000000,13,2017,0,29,0,0
Japan,Asia,2020-08-23,125000000,14,2031,0,29,0,0
Japan,Asia,2020-08-24,125000000,13,2044,0,29,0,0
Japan,Asia,2020-08-25,125000000,15,2059,0,29,0,0
Japan,Asia,2020-08-26,125000000,14,2073,0,29,0,0
Japan,Asia,2020-08-27,125000000,15,2088,0,30,0,0
Japan,Asia,2020-08-28,125000000,15,2103,0,30,0,0
Japan,Asia,2020-08-29,125000000,16,2120,0,30,0,0
Japan,Asia,2020-08-30,125000000,13,2133,0,30,0,0
Japan,Asia,2020-08-31,125000000,12,2145,0,30,0,0
Japan,Asia,2020-09-01,125000000,19,2164,0,31,0,0
Japan,Asia,2020-09-02,125000000,17,2181,0,31,0,0
Japan,Asia,2020-09-03,125000000,11,2192,0,31,0,0
Japan,Asia,2020-09-04,125000000,20,2212,0,31,0,0
Japan,Asia,2020-09-05,125000000,13,2225,0,31,0,0
Japan,Asia,2020-09-06,125000000,14,2239,0,31,0,0
Japan,Asia,2020-09-07,125000000,12,2250,0,32,0,0
Japan,Asia,2020-09-08,125000000,15,2265,0,32,0,0
Japan,Asia,2020-09-09,125000000,13,2278,0,32,0,0
Japan,Asia,2020-09-10,125000000,12,2290,0,32,0,0
Japan,Asia,2020-09-11,125000000,12,2302,0,33,0,0
Japan,Asia,2020-09-12,125000000,13,2314,0,33,0,0
Japan,Asia,2020-09-13,125000000,16,2330,0,33,0,0
Japan,Asia,2020-09-14,125000000,20,2350,0,33,0,0
Japan,Asia,2020-09-15,125000000,15,2366,0,34,0,0
Japan,Asia,2020-09-16,125000000,12,2378,0,34,0,0
Japan,Asia,2020-09-17,125000000,14,2392,0,34,0,0
Japan,Asia,2020-09-18,125000000,16,2408,0,34,0,0
Japan,Asia,2020-09-19,125000000,14,2422,0,34,0,0
Japan,Asia,2020-09-20,125000000,17,2440,0,35,0,0
Japan,Asia,2020-09-21,125000000,19,2459,0,35,0,0
Japan,Asia,2020-09-22,125000000,11,2469,0,35,0,0
Japan,Asia,2020-09-23,125000000,13,2482,0,35,0,0
Japan,Asia,2020-09-24,125000000,13,2496,0,35,0,0
Japan,Asia,2020-09-25,125000000,18,2514,0,36,0,0
Japan,Asia,2020-09-26,125000000,14,2527,0,36,0,0
Japan,Asia,2020-09-27,125000000,17,2544,0,36,0,0
Japan,Asia,2020-09-28,125000000,15,2559,0,36,0,0
Japan,Asia,2020-09-29,125000000,14,2574,0,36,0,0
Japan,Asia,2020-09-30,125000000,16,2590,0,37,0,0
Japan,Asia,2020-10-01,125000000,18,2608,0,37,0,0
Japan,Asia,2020-10-02,125000000,8,2616,0,37,0,0
Japan,Asia,2020-10-03,125000000,17,2633,0,37,0,0
Japan,Asia,2020-10-04,125000000,15,2648,0,38,0,0
Japan,Asia,2020-10-05,125000000,15,2663,0,38,0,0
Japan,Asia,2020-10-06,125000000,17,2680,0,38,0,0
Japan,Asia,2020-10-07,125000000,15,2696,0,38,0,0
Japan,Asia,2020-10-08,125000000,19,2714,0,39,0,0
Japan,Asia,2020-10-09,125000000,10,2725,0,39,0,0
Japan,Asia,2020-10-10,125000000,13,2738,0,39,0,0
Japan,Asia,2020-10-11,125000000,16,2754,0,39,0,0
Japan,Asia,2020-10-12,125000000,14,2768,0,39,0,0
Japan,Asia,2020-10-13,125000000,19,2787,0,40,0,0
Japan,Asia,2020-10-14,125000000,14,2800,0,40,0,0
Japan,Asia,2020-10-15,125000000,15,2816,0,40,0,0
Japan,Asia,2020-10-16,125000000,13,2829,0,41,0,0
Japan,Asia,2020-10-17,125000000,15,2844,0,41,0,0
Japan,Asia,2020-10-18,125000000,11,2855,0,41,0,0
Japan,Asia,2020-10-19,125000000,12,2867,0,41,0,0
Japan,Asia,2020-10-20,125000000,20,2887,0,41,0,0
Japan,Asia,2020-10-21,125000000,15,2903,0,41,0,0
Japan,Asia,2020-10-22,125000000,14,2917,0,42,0,0
Japan,Asia,2020-10-23,125000000,13,2930,0,42,0,0
Japan,Asia,2020-10-24,125000000,13,2943,0,42,0,0
Japan,Asia,2020-10-25,125000000,20,2963,0,42,0,0
Japan,Asia,2020-10-26,125000000,16,2978,0,42,0,0
Japan,Asia,2020-10-27,125000000,18,2996,0,43,0,0
Japan,Asia,2020-10-28,125000000,9,3005,0,43,0,0
Japan,Asia,2020-10-29,125000000,14,3019,0,43,0,0
Japan,Asia,2020-10-30,125000000,20,3039,0,43,0,0
Japan,Asia,2020-10-31,125000000,14,3053,0,44,0,0
Japan,Asia,2020-11-01,125000000,13,3066,0,44,0,0
Japan,Asia,2020-11-02,125000000,17,3083,0,44,0,0
Japan,Asia,2020-11-03,125000000,12,3095,0,44,0,0
Japan,Asia,2020-11-04,125000000,12,3107,0,44,0,0
Japan,Asia,2020-11-05,125000000,19,3126,0,45,0,0
Japan,Asia,2020-11-06,125000000,14,3140,0,45,0,0
Japan,Asia,2020-11-07,125000000,17,3157,0,45,0,0
Japan,Asia,2020-11-08,125000000,20,3177,0,46,0,0
Japan,Asia,2020-11-09,125000000,16,3193,0,46,0,0
Japan,Asia,2020-11-10,125000000,17,3210,0,46,0,0
Japan,Asia,2020-11-11,125000000,12,3222,0,46,0,0
Japan,Asia,2020-11-12,125000000,14,3236,0,46,0,0
Japan,Asia,2020-11-13,125000000,20,3256,0,47,0,0
Japan,Asia,2020-11-14,125000000,15,3271,0,47,0,0
Japan,Asia,2020-11-15,125000000,13,3284,0,47,0,0
Japan,Asia,2020-11-16,125000000,17,3301,0,47,0,0
Japan,Asia,2020-11-17,125000000,19,3320,0,47,0,0
Japan,Asia,2020-11-18,125000000,15,3335,0,48,0,0
Japan,Asia,2020-11-19,125000000,17,3352,0,48,0,0
Japan,Asia,2020-11-20,125000000,18,3370,0,48,0,0
Japan,Asia,2020-11-21,125000000,16,3386,0,48,0,0
Japan,Asia,2020-11-22,125000000,15,3401,0,48,0,0
Japan,Asia,2020-11-23,125000000,21,3422,0,49,0,0
Japan,Asia,2020-11-24,125000000,13,3435,0,49,0,0
Japan,Asia,2020-11-25,125000000,16,3451,0,49,0,0
Japan,Asia,2020-11-26,125000000,16,3467,0,49,0,0
Japan,Asia,2020-11-27,125000000,16,3483,0,49,0,0
Japan,Asia,2020-11-28,125000000,18,3501,0,50,0,0
Japan,Asia,2020-11-29,125000000,18,3519,0,50,0,0
Japan,Asia,2020-11-30,125000000,17,3536,0,50,0,0
Japan,Asia,2020-12-01,125000000,12,3548,0,50,0,0
Japan,Asia,2020-12-02,125000000,14,3562,0,51,0,0
Japan,Asia,2020-12-03,125000000,16,3578,0,51,0,0
Japan,Asia,2020-12-04,125000000,17,3595,0,51,0,0
Japan,Asia,2020-12-05,125000000,21,3615,0,52,0,0
Japan,Asia,2020-12-06,125000000,17,3632,0,52,0,0
Japan,Asia,2020-12-07,125000000,18,3650,0,52,0,0
Japan,Asia,2020-12-08,125000000,16,3666,0,52,0,0
Japan,Asia,2020-12-09,125000000,18,3685,0,52,0,0
Japan,Asia,2020-12-10,125000000,16,3701,0,53,0,0
Japan,Asia,2020-12-11,125000000,14,3715,0,53,0,0
Japan,Asia,2020-12-12,125000000,18,3733,0,53,0,0
Japan,Asia,2020-12-13,125000000,18,3751,0,53,0,0
Japan,Asia,2020-12-14,125000000,13,3764,0,53,0,0
Japan,Asia,2020-12-15,125000000,16,3780,0,54,0,0
Japan,Asia,2020-12-16,125000000,16,3796,0,54,0,0
Japan,Asia,2020-12-17,125000000,15,3812,0,54,0,0
Japan,Asia,2020-12-18,125000000,14,3825,0,54,0,0
Japan,Asia,2020-12-19,125000000,17,3843,0,54,0,0
Japan,Asia,2020-12-20,125000000,21,3863,0,55,0,0
Japan,Asia,2020-12-21,125000000,18,3882,0,55,0,0
Japan,Asia,2020-12-22,125000000,13,3894,0,55,0,0
Japan,Asia,2020-12-23,125000000,21,3915,0,56,0,0
Japan,Asia,2020-12-24,125000000,20,3935,0,56,0,0
Japan,Asia,2020-12-25,125000000,15,3950,0,56,0,0
Japan,Asia,2020-12-26,125000000,21,3972,0,57,0,0
Japan,Asia,2020-12-27,125000000,13,3985,0,57,0,0
Japan,Asia,2020-12-28,125000000,16,4000,0,57,0,0
Japan,Asia,2020-12-29,125000000,16,4016,0,57,0,0
Japan,Asia,2020-12-30,125000000,13,4029,0,57,0,0
Japan,Asia,2020-12-31,125000000,17,4046,0,58,0,0
Japan,Asia,2021-01-01,125000000,15,4061,0,58,0,0
Japan,Asia,2021-01-02,125000000,14,4075,0,58,0,0
Japan,Asia,2021-01-03,125000000,16,4091,0,58,0,0
Japan,Asia,2021-01-04,125000000,21,4112,0,59,0,0
Japan,Asia,2021-01-05,125000000,19,4131,0,59,0,0
Japan,Asia,2021-01-06,125000000,18,4149,0,59,0,0
Japan,Asia,2021-01-07,125000000,16,4165,0,60,0,0
Japan,Asia,2021-01-08,125000000,13,4178,0,60,0,0
Japan,Asia,2021-01-09,125000000,14,4192,0,60,0,0
Japan,Asia,2021-01-10,125000000,19,4212,0,60,0,0
Japan,Asia,2021-01-11,125000000,15,4226,0,61,0,0
Japan,Asia,2021-01-12,125000000,17,4244,0,61,0,0
Japan,Asia,2021-01-13,125000000,18,4262,0,61,0,0
Japan,Asia,2021-01-14,125000000,13,4275,0,61,0,0
Japan,Asia,2021-01-15,125000000,17,4292,0,61,4191,4191
Japan,Asia,2021-01-16,125000000,18,4310,0,62,4126,8317
Japan,Asia,2021-01-17,125000000,19,4329,0,62,4375,12693
Japan,Asia,2021-01-18,125000000,15,4343,0,62,4408,17101
Japan,Asia,2021-01-19,125000000,20,4363,0,62,4005,21106
Japan,Asia,2021-01-20,125000000,14,4377,0,63,4846,25952
Japan,Asia,2021-01-21,125000000,20,4397,0,63,4338,30289
Japan,Asia,2021-01-22,125000000,18,4415,0,63,4365,34654
Japan,Asia,2021-01-23,125000000,16,4431,0,63,4781,39435
Japan,Asia,2021-01-24,125000000,17,4449,0,64,4812,44246
Japan,Asia,2021-01-25,125000000,17,4465,0,64,4801,49047
Japan,Asia,2021-01-26,125000000,14,4480,0,64,5328,54376
Japan,Asia,2021-01-27,125000000,22,4501,0,64,5296,59671
Japan,Asia,2021-01-28,125000000,17,4518,0,64,5062,64733
Japan,Asia,2021-01-29,125000000,17,4535,0,65,5583,70316
Japan,Asia,2021-01-30,125000000,16,4551,0,65,5595,75911
Japan,Asia,2021-01-31,125000000,16,4568,0,65,5569,81480
Japan,Asia,2021-02-01,125000000,17,4585,0,65,5394,86874
Japan,Asia,2021-02-02,125000000,17,4602,0,65,5742,92616
Japan,Asia,2021-02-03,125000000,15,4617,0,66,5252,97868
Japan,Asia,2021-02-04,125000000,16,4633,0,66,5405,103273
Japan,Asia,2021-02-05,125000000,17,4650,0,66,5917,109190
Japan,Asia,2021-02-06,125000000,19,4669,0,66,6165,115355
Japan,Asia,2021-02-07,125000000,14,4683,0,67,6486,121841
Japan,Asia,2021-02-08,125000000,19,4702,0,67,5709,127550
Japan,Asia,2021-02-09,125000000,13,4715,0,67,5905,133454
Japan,Asia,2021-02-10,125000000,18,4733,0,67,7765,141219
Japan,Asia,2021-02-11,125000000,14,4746,0,68,6953,148172
Japan,Asia,2021-02-12,125000000,14,4761,0,68,7824,155996
Japan,Asia,2021-02-13,125000000,18,4779,0,68,6358,162354
Japan,Asia,2021-02-14,125000000,19,4798,0,68,8530,170884
Japan,Asia,2021-02-15,125000000,16,4814,0,69,8029,178913
Japan,Asia,2021-02-16,125000000,16,4830,0,69,8242,187156
Japan,Asia,2021-02-17,125000000,18,4848,0,69,7606,194762
Japan,Asia,2021-02-18,125000000,16,4864,0,69,7952,202714
Japan,Asia,2021-02-19,125000000,23,4887,0,70,9777,212491
Japan,Asia,2021-02-20,125000000,16,4903,0,70,8135,220626
Japan,Asia,2021-02-21,125000000,18,4922,0,70,9779,230405
Japan,Asia,2021-02-22,125000000,16,4937,0,70,10491,240896
Japan,Asia,2021-02-23,125000000,22,4959,0,71,10061,250957
Japan,Asia,2021-02-24,125000000,20,4979,0,71,8709,259666
Japan,Asia,2021-02-25,125000000,19,4997,0,71,10276,269942
Japan,Asia,2021-02-26,125000000,19,5016,0,71,9466,279409
Japan,Asia,2021-02-27,125000000,14,5030,0,72,10274,289682
Japan,Asia,2021-02-28,125000000,16,5047,0,72,9344,299026
Japan,Asia,2021-03-01,125000000,10,5056,0,72,9667,308693
Japan,Asia,2021-03-02,125000000,21,5077,0,72,9593,318286
Japan,Asia,2021-03-03,125000000,19,5096,0,72,10458,328744
Japan,Asia,2021-03-04,125000000,18,5114,0,73,10632,339376
Japan,Asia,2021-03-05,125000000,18,5131,0,73,10130,349506
Japan,Asia,2021-03-06,125000000,18,5149,0,73,12460,361966
Japan,Asia,2021-03-07,125000000,22,5171,0,73,12138,374104
Japan,Asia,2021-03-08,125000000,18,5189,0,74,10776,384879
Japan,Asia,2021-03-09,125000000,14,5203,0,74,11648,396527
Japan,Asia,2021-03-10,125000000,16,5219,0,74,14485,411012
Japan,Asia,2021-03-11,125000000,14,5233,0,74,13331,424343
Japan,Asia,2021-03-12,125000000,19,5251,0,74,12197,436540
Japan,Asia,2021-03-13,125000000,24,5275,0,75,13314,449854
Japan,Asia,2021-03-14,125000000,19,5294,0,75,12278,462131
Japan,Asia,2021-03-15,125000000,20,5314,0,75,14450,476582
Japan,Asia,2021-03-16,125000000,24,5339,0,76,12832,489414
Japan,Asia,2021-03-17,125000000,22,5361,0,76,14477,503891
Japan,Asia,2021-03-18,125000000,17,5378,0,76,16991,520882
Japan,Asia,2021-03-19,125000000,15,5393,0,76,16067,536949
Japan,Asia,2021-03-20,125000000,18,5410,0,77,15625,552574
Japan,Asia,2021-03-21,125000000,20,5430,0,77,16521,569095
Japan,Asia,2021-03-22,125000000,17,5447,0,77,16685,585780
Japan,Asia,2021-03-23,125000000,18,5465,0,77,19090,604870
Japan,Asia,2021-03-24,125000000,17,5482,0,78,15904,620774
Japan,Asia,2021-03-25,125000000,17,5499,0,78,16275,637049
Japan,Asia,2021-03-26,125000000,18,5517,0,78,19194,656243
Japan,Asia,2021-03-27,125000000,16,5533,0,78,20473,676716
Japan,Asia,2021-03-28,125000000,16,5549,0,79,19305,696021
Japan,Asia,2021-03-29,125000000,19,5569,0,79,20758,716779
Japan,Asia,2021-03-30,125000000,15,5584,0,79,18073,734852
Japan,Asia,2021-03-31,125000000,25,5608,0,80,20293,755144
Japan,Asia,2021-04-01,125000000,18,5626,0,80,20628,775773
Japan,Asia,2021-04-02,125000000,18,5644,0,80,21897,797670
Japan,Asia,2021-04-03,125000000,17,5661,0,80,21675,819345
Japan,Asia,2021-04-04,125000000,12,5673,0,80,24063,843408
Japan,Asia,2021-04-05,125000000,18,5690,0,81,23078,866486
Japan,Asia,2021-04-06,125000000,20,5711,0,81,24479,890965
Japan,Asia,2021-04-07,125000000,21,5732,0,81,23592,914557
Japan,Asia,2021-04-08,125000000,17,5748,0,81,24661,939218
Japan,Asia,2021-04-09,125000000,18,5766,0,82,22376,961594
Japan,Asia,2021-04-10,125000000,19,5785,0,82,23388,984982
Japan,Asia,2021-04-11,125000000,17,5802,0,82,20908,1005890
Japan,Asia,2021-04-12,125000000,15,5816,0,83,27530,1033420
Japan,Asia,2021-04-13,125000000,19,5835,0,83,22816,1056236
Japan,Asia,2021-04-14,125000000,17,5853,0,83,25884,1082120
Japan,Asia,2021-04-15,125000000,20,5873,0,83,28688,1110808
Japan,Asia,2021-04-16,125000000,21,5893,0,83,26522,1137329
Japan,Asia,2021-04-17,125000000,15,5909,0,84,26451,1163780
Japan,Asia,2021-04-18,125000000,20,5928,0,84,30531,1194311
Japan,Asia,2021-04-19,125000000,23,5951,0,84,30195,1224505
Japan,Asia,2021-04-20,125000000,20,5972,0,84,25954,1250459
Japan,Asia,2021-04-21,125000000,16,5988,0,85,27443,1277902
Japan,Asia,2021-04-22,125000000,18,6006,0,85,24515,1302417
Japan,Asia,2021-04-23,125000000,21,6027,0,85,29833,1332250
Japan,Asia,2021-04-24,125000000,20,6047,0,85,30825,1363075
Japan,Asia,2021-04-25,125000000,18,6065,0,86,33992,1397067
Japan,Asia,2021-04-26,125000000,18,6083,0,86,33115,1430182
Japan,Asia,2021-04-27,125000000,21,6103,0,86,29458,1459641
Japan,Asia,2021-04-28,125000000,19,6123,0,86,27349,1486990
Japan,Asia,2021-04-29,125000000,18,6141,0,87,31158,1518148
Japan,Asia,2021-04-30,125000000,22,6162,0,87,33803,1551950
Japan,Asia,2021-05-01,125000000,18,6181,0,87,34620,1586570
Japan,Asia,2021-05-02,125000000,24,6205,0,87,35775,1622345
Japan,Asia,2021-05-03,125000000,17,6222,0,88,32229,1654573
Japan,Asia,2021-05-04,125000000,20,6243,0,88,38092,1692665
Japan,Asia,2021-05-05,125000000,19,6262,0,88,32417,1725082
Japan,Asia,2021-05-06,125000000,20,6282,0,88,39758,1764840
Japan,Asia,2021-05-07,125000000,20,6302,0,89,39347,1804188
Japan,Asia,2021-05-08,125000000,18,6320,0,89,35715,1839902
Japan,Asia,2021-05-09,125000000,22,6342,0,89,39053,1878956
Japan,Asia,2021-05-10,125000000,17,6359,0,90,33598,1912554
Japan,Asia,2021-05-11,125000000,18,6377,0,90,35158,1947712
Japan,Asia,2021-05-12,125000000,20,6397,0,90,36013,1983725
Japan,Asia,2021-05-13,125000000,16,6413,0,91,39665,2023390
Japan,Asia,2021-05-14,125000000,16,6429,0,91,37217,2060608
Japan,Asia,2021-05-15,125000000,22,6451,0,91,38807,2099415
Japan,Asia,2021-05-16,125000000,21,6472,0,91,38747,2138161
Japan,Asia,2021-05-17,125000000,22,6495,0,92,43575,2181736
Japan,Asia,2021-05-18,125000000,16,6510,0,92,42311,2224047
Japan,Asia,2021-05-19,125000000,17,6528,0,92,39295,2263343
Japan,Asia,2021-05-20,125000000,20,6547,0,92,48605,2311948
Japan,Asia,2021-05-21,125000000,24,6571,0,93,37324,2349271
Japan,Asia,2021-05-22,125000000,21,6592,0,93,37424,2386695
Japan,Asia,2021-05-23,125000000,19,6611,0,93,45269,2431964
Japan,Asia,2021-05-24,125000000,19,6631,0,94,42356,2474320
Japan,Asia,2021-05-25,125000000,14,6644,0,94,43071,2517391
Japan,Asia,2021-05-26,125000000,18,6663,0,94,41891,2559282
Japan,Asia,2021-05-27,125000000,19,6682,0,94,45639,2604921
Japan,Asia,2021-05-28,125000000,20,6702,0,95,39781,2644702
Japan,Asia,2021-05-29,125000000,21,6723,0,95,51399,2696101
Japan,Asia,2021-05-30,125000000,25,6748,0,95,44480,2740581
Japan,Asia,2021-05-31,125000000,21,6769,0,96,49761,2790343
Japan,Asia,2021-06-01,125000000,23,6791,0,96,53257,2843599
Japan,Asia,2021-06-02,125000000,18,6809,0,96,42732,2886331
Japan,Asia,2021-06-03,125000000,20,6829,0,97,50013,2936345
Japan,Asia,2021-06-04,125000000,16,6844,0,97,53123,2989468
Japan,Asia,2021-06-05,125000000,21,6865,0,97,55016,3044484
Japan,Asia,2021-06-06,125000000,23,6889,0,98,46023,3090507
Japan,Asia,2021-06-07,125000000,16,6905,0,98,49772,3140279
Japan,Asia,2021-06-08,125000000,23,6928,0,98,44315,3184594
Japan,Asia,2021-06-09,125000000,18,6947,0,98,57677,3242271
Japan,Asia,2021-06-10,125000000,20,6966,0,98,59477,3301748
Japan,Asia,2021-06-11,125000000,20,6986,0,99,58486,3360233
Japan,Asia,2021-06-12,125000000,18,7004,0,99,48422,3408655
Japan,Asia,2021-06-13,125000000,24,7028,0,99,58394,3467049
Japan,Asia,2021-06-14,125000000,21,7048,0,100,47594,3514643
Japan,Asia,2021-06-15,125000000,21,7070,0,100,52703,3567346
Japan,Asia,2021-06-16,125000000,27,7096,0,100,63307,3630654
Japan,Asia,2021-06-17,125000000,17,7114,0,100,61432,3692086
Japan,Asia,2021-06-18,125000000,17,7130,0,100,59573,3751659
Japan,Asia,2021-06-19,125000000,20,7150,0,101,56709,3808369
Japan,Asia,2021-06-20,125000000,21,7171,0,101,49936,3858304
Japan,Asia,2021-06-21,125000000,18,7189,0,101,64199,3922503
Japan,Asia,2021-06-22,125000000,23,7211,0,102,59356,3981859
Japan,Asia,2021-06-23,125000000,16,7227,0,102,54604,4036463
Japan,Asia,2021-06-24,125000000,22,7249,0,102,53988,4090451
Japan,Asia,2021-06-25,125000000,23,7273,0,102,64328,4154779
Japan,Asia,2021-06-26,125000000,14,7287,0,103,51488,4206267
Japan,Asia,2021-06-27,125000000,20,7306,0,103,65096,4271364
Japan,Asia,2021-06-28,125000000,15,7322,0,103,54866,4326230
Japan,Asia,2021-06-29,125000000,20,7342,0,103,55560,4381790
Japan,Asia,2021-06-30,125000000,14,7356,0,103,59907,4441697
Japan,Asia,2021-07-01,125000000,20,7376,0,104,62418,4504115
Japan,Asia,2021-07-02,125000000,19,7396,0,104,62876,4566991
Japan,Asia,2021-07-03,125000000,21,7416,0,104,64807,4631797
Japan,Asia,2021-07-04,125000000,22,7438,0,105,60286,4692083
Japan,Asia,2021-07-05,125000000,22,7460,0,105,63483,4755566
Japan,Asia,2021-07-06,125000000,19,7479,0,105,60916,4816482
Japan,Asia,2021-07-07,125000000,18,7497,0,105,54325,4870807
Japan,Asia,2021-07-08,125000000,23,7520,0,106,66587,4937394
Japan,Asia,2021-07-09,125000000,25,7545,0,106,59853,4997247
Japan,Asia,2021-07-10,125000000,18,7563,0,106,73158,5070405
Japan,Asia,2021-07-11,125000000,22,7584,0,106,70316,5140721
Japan,Asia,2021-07-12,125000000,17,7602,0,107,68413,5209134
Japan,Asia,2021-07-13,125000000,18,7620,0,107,66133,5275267
Japan,Asia,2021-07-14,125000000,25,7644,0,107,62517,5337784
Japan,Asia,2021-07-15,125000000,21,7665,0,108,61935,5399719
Japan,Asia,2021-07-16,125000000,25,7691,1,108,64712,5464431
Japan,Asia,2021-07-17,125000000,21,7712,0,108,73092,5537523
Japan,Asia,2021-07-18,125000000,22,7733,0,109,63046,5600568
Japan,Asia,2021-07-19,125000000,22,7756,0,109,74383,5674951
Japan,Asia,2021-07-20,125000000,16,7772,0,109,70695,5745646
Japan,Asia,2021-07-21,125000000,13,7784,0,110,57799,5803445
Japan,Asia,2021-07-22,125000000,17,7802,0,110,72767,5876212
Japan,Asia,2021-07-23,125000000,20,7822,0,110,66460,5942672
Japan,Asia,2021-07-24,125000000,19,7840,0,110,77136,6019808
Japan,Asia,2021-07-25,125000000,21,7862,0,111,74986,6094794
Japan,Asia,2021-07-26,125000000,19,7880,0,111,63236,6158031
Japan,Asia,2021-07-27,125000000,19,7899,0,111,63520,6221551
Japan,Asia,2021-07-28,125000000,17,7916,0,111,79150,6300701
Japan,Asia,2021-07-29,125000000,22,7938,0,112,66790,6367492
Japan,Asia,2021-07-30,125000000,18,7956,0,112,67059,6434550
Japan,Asia,2021-07-31,125000000,19,7974,0,112,76468,6511018
Japan,Asia,2021-08-01,125000000,18,7992,0,113,60694,6571712
Japan,Asia,2021-08-02,125000000,20,8012,0,113,74151,6645863
Japan,Asia,2021-08-03,125000000,21,8033,0,113,77082,6722946
Japan,Asia,2021-08-04,125000000,18,8051,0,113,72509,6795454
Japan,Asia,2021-08-05,125000000,19,8070,0,114,60446,6855900
Japan,Asia,2021-08-06,125000000,21,8091,0,114,76614,6932514
Japan,Asia,2021-08-07,125000000,21,8112,0,114,63102,6995616
Japan,Asia,2021-08-08,125000000,21,8133,0,115,80120,7075737
Japan,Asia,2021-08-09,125000000,21,8154,0,115,62694,7138431
Japan,Asia,2021-08-10,125000000,16,8171,0,115,72278,7210708
Japan,Asia,2021-08-11,125000000,20,8191,0,115,71934,7282642
Japan,Asia,2021-08-12,125000000,21,8212,0,116,63951,7346593
Japan,Asia,2021-08-13,125000000,18,8230,0,116,70906,7417499
Japan,Asia,2021-08-14,125000000,19,8249,0,116,62625,7480125
Japan,Asia,2021-08-15,125000000,22,8272,0,116,82377,7562502
Japan,Asia,2021-08-16,125000000,25,8297,0,117,80632,7643133
Japan,Asia,2021-08-17,125000000,23,8320,0,117,63633,7706767
Japan,Asia,2021-08-18,125000000,17,8336,0,117,63778,7770544
Japan,Asia,2021-08-19,125000000,24,8360,0,117,67124,7837669
Japan,Asia,2021-08-20,125000000,18,8378,0,118,79766,7917434
Japan,Asia,2021-08-21,125000000,18,8396,0,118,70621,7988055
Japan,Asia,2021-08-22,125000000,21,8417,0,118,79347,8067402
Japan,Asia,2021-08-23,125000000,16,8433,0,118,78648,8146050
Japan,Asia,2021-08-24,125000000,13,8447,0,119,77776,8223825
Japan,Asia,2021-08-25,125000000,23,8469,0,119,64424,8288250
Japan,Asia,2021-08-26,125000000,18,8487,0,119,64034,8352283
Japan,Asia,2021-08-27,125000000,22,8509,0,119,71881,8424164
Japan,Asia,2021-08-28,125000000,18,8527,0,120,82136,8506300
Japan,Asia,2021-08-29,125000000,15,8542,0,120,63873,8570173
Japan,Asia,2021-08-30,125000000,21,8562,0,120,70186,8640359
Japan,Asia,2021-08-31,125000000,16,8579,0,120,67790,8708149
Japan,Asia,2021-09-01,125000000,18,8597,0,121,77687,8785836
Japan,Asia,2021-09-02,125000000,14,8610,0,121,66095,8851931
Japan,Asia,2021-09-03,125000000,19,8629,0,121,84290,8936221
Japan,Asia,2021-09-04,125000000,18,8648,0,121,86653,9022873
Japan,Asia,2021-09-05,125000000,20,8667,0,121,79659,9102532
Japan,Asia,2021-09-06,125000000,16,8683,0,121,74185,9176717
Japan,Asia,2021-09-07,125000000,14,8697,0,122,71967,9248684
Japan,Asia,2021-09-08,125000000,18,8715,0,122,74885,9323568
Japan,Asia,2021-09-09,125000000,17,8733,0,122,83010,9406578
Japan,Asia,2021-09-10,125000000,16,8749,0,122,84695,9491273
Japan,Asia,2021-09-11,125000000,16,8765,0,122,67489,9558762
Japan,Asia,2021-09-12,125000000,13,8778,0,123,75100,9633862
Japan,Asia,2021-09-13,125000000,17,8795,0,123,67414,9701276
Japan,Asia,2021-09-14,125000000,18,8812,0,123,70303,9771579
Japan,Asia,2021-09-15,125000000,16,8829,0,123,66223,9837802
Japan,Asia,2021-09-16,125000000,21,8849,0,124,80678,9918480
Japan,Asia,2021-09-17,125000000,19,8868,0,124,86641,10005121
Japan,Asia,2021-09-18,125000000,18,8886,0,124,71496,10076617
Japan,Asia,2021-09-19,125000000,20,8906,0,124,78190,10154807
Japan,Asia,2021-09-20,125000000,16,8922,0,125,72234,10227041
Japan,Asia,2021-09-21,125000000,16,8938,0,125,68347,10295387
Japan,Asia,2021-09-22,125000000,17,8955,0,125,76909,10372297
Japan,Asia,2021-09-23,125000000,20,8975,0,126,86147,10458444
Japan,Asia,2021-09-24,125000000,18,8993,0,126,74044,10532488
Japan,Asia,2021-09-25,125000000,16,9009,0,126,79289,10611777
Japan,Asia,2021-09-26,125000000,18,9028,0,126,75994,10687770
Japan,Asia,2021-09-27,125000000,18,9045,0,126,81115,10768886
Japan,Asia,2021-09-28,125000000,14,9059,0,127,76452,10845338
Japan,Asia,2021-09-29,125000000,13,9073,0,127,77352,10922690
Japan,Asia,2021-09-30,125000000,12,9085,0,127,67696,10990386
Japan,Asia,2021-10-01,125000000,17,9102,0,127,87499,11077884
Japan,Asia,2021-10-02,125000000,15,9117,0,127,66824,11144709
Japan,Asia,2021-10-03,125000000,17,9134,0,128,78525,11223234
Japan,Asia,2021-10-04,125000000,17,9151,0,128,66327,11289560
Japan,Asia,2021-10-05,125000000,15,9166,0,128,71362,11360922
Japan,Asia,2021-10-06,125000000,15,9181,0,128,70408,11431330
Japan,Asia,2021-10-07,125000000,14,9195,0,128,71014,11502344
Japan,Asia,2021-10-08,125000000,13,9208,0,128,88122,11590467
Japan,Asia,2021-10-09,125000000,18,9226,0,129,78028,11668495
Japan,Asia,2021-10-10,125000000,15,9241,0,129,75673,11744168
Japan,Asia,2021-10-11,125000000,17,9258,0,129,87275,11831443
Japan,Asia,2021-10-12,125000000,12,9270,0,129,71626,11903069
Japan,Asia,2021-10-13,125000000,13,9283,0,129,69540,11972609
Japan,Asia,2021-10-14,125000000,13,9296,0,130,84252,12056862
Japan,Asia,2021-10-15,125000000,13,9308,0,130,69009,12125870
Japan,Asia,2021-10-16,125000000,13,9322,0,130,80113,12205983
Japan,Asia,2021-10-17,125000000,16,9338,0,130,84925,12290909
Japan,Asia,2021-10-18,125000000,13,9351,0,130,87336,12378244
Japan,Asia,2021-10-19,125000000,11,9362,0,130,86959,12465203
Japan,Asia,2021-10-20,125000000,11,9373,0,131,74412,12539615
Japan,Asia,2021-10-21,125000000,11,9384,0,131,67348,12606964
Japan,Asia,2021-10-22,125000000,13,9396,0,131,70846,12677810
Japan,Asia,2021-10-23,125000000,13,9410,0,131,87499,12765309
Japan,Asia,2021-10-24,125000000,10,9420,0,131,70188,12835497
Japan,Asia,2021-10-25,125000000,12,9432,0,131,79755,12915251
Japan,Asia,2021-10-26,125000000,15,9446,0,132,85117,13000368
Japan,Asia,2021-10-27,125000000,11,9457,0,132,69653,13070022
Japan,Asia,2021-10-28,125000000,10,9468,0,132,86090,13156112
Japan,Asia,2021-10-29,125000000,11,9478,0,132,78420,13234533
Japan,Asia,2021-10-30,125000000,11,9489,0,132,85707,13320240
Japan,Asia,2021-10-31,125000000,13,9502,0,132,73295,13393535
Japan,Asia,2021-11-01,125000000,10,9512,0,133,78581,13472116
Japan,Asia,2021-11-02,125000000,15,9527,0,133,84083,13556199
Japan,Asia,2021-11-03,125000000,12,9539,0,133,87350,13643549
Japan,Asia,2021-11-04,125000000,13,9553,0,133,86890,13730438
Japan,Asia,2021-11-05,125000000,11,9564,0,133,87751,13818189
Japan,Asia,2021-11-06,125000000,11,9575,0,133,82412,13900601
Japan,Asia,2021-11-07,125000000,8,9583,0,134,74755,13975356
Japan,Asia,2021-11-08,125000000,12,9596,0,134,79812,14055168
Japan,Asia,2021-11-09,125000000,9,9605,0,134,80777,14135945
Japan,Asia,2021-11-10,125000000,14,9619,0,134,67414,14203360
Japan,Asia,2021-11-11,125000000,14,9633,0,135,88734,14292093
Japan,Asia,2021-11-12,125000000,12,9645,0,135,67279,14359372
Japan,Asia,2021-11-13,125000000,10,9655,0,135,72563,14431935
Japan,Asia,2021-11-14,125000000,11,9666,0,135,68759,14500694
Japan,Asia,2021-11-15,125000000,7,9673,0,135,75286,14575980
Japan,Asia,2021-11-16,125000000,11,9685,0,135,90867,14666847
Japan,Asia,2021-11-17,125000000,11,9696,0,135,86184,14753032
Japan,Asia,2021-11-18,125000000,8,9704,0,136,90396,14843428
Japan,Asia,2021-11-19,125000000,13,9717,0,136,77879,14921307
Japan,Asia,2021-11-20,125000000,10,9728,0,136,79424,15000730
Japan,Asia,2021-11-21,125000000,12,9739,0,136,88253,15088984
Japan,Asia,2021-11-22,125000000,11,9751,0,136,72433,15161417
Japan,Asia,2021-11-23,125000000,10,9761,0,136,80490,15241907
Japan,Asia,2021-11-24,125000000,11,9772,0,136,86741,15328648
Japan,Asia,2021-11-25,125000000,7,9779,0,137,88796,15417444
Japan,Asia,2021-11-26,125000000,12,9791,0,137,88044,15505488
Japan,Asia,2021-11-27,125000000,12,9802,0,137,71111,15576599
Japan,Asia,2021-11-28,125000000,8,9810,0,137,85724,15662323
Japan,Asia,2021-11-29,125000000,10,9820,0,137,85574,15747898
Japan,Asia,2021-11-30,125000000,12,9831,0,137,85692,15833589
Japan,Asia,2021-12-01,125000000,9,9840,0,137,70591,15904180
Japan,Asia,2021-12-02,125000000,9,9849,0,138,74269,15978449
Japan,Asia,2021-12-03,125000000,9,9858,0,138,72415,16050864
Japan,Asia,2021-12-04,125000000,8,9866,0,138,69084,16119948
Japan,Asia,2021-12-05,125000000,9,9876,0,138,88474,16208422
Japan,Asia,2021-12-06,125000000,7,9882,0,138,71799,16280221
Japan,Asia,2021-12-07,125000000,8,9890,0,138,69274,16349495
Japan,Asia,2021-12-08,125000000,8,9898,0,138,73533,16423028
Japan,Asia,2021-12-09,125000000,9,9908,0,138,88417,16511444
Japan,Asia,2021-12-10,125000000,9,9916,0,139,90223,16601667
Japan,Asia,2021-12-11,125000000,9,9925,0,139,77026,16678693
Japan,Asia,2021-12-12,125000000,6,9932,0,139,91049,16769743
Japan,Asia,2021-12-13,125000000,5,9937,0,139,88026,16857769
Japan,Asia,2021-12-14,125000000,8,9944,0,139,68740,16926509
Japan,Asia,2021-12-15,125000000,7,9952,0,139,75521,17002030
Japan,Asia,2021-12-16,125000000,8,9959,0,139,86766,17088796
Japan,Asia,2021-12-17,125000000,6,9965,0,139,91543,17180339
Japan,Asia,2021-12-18,125000000,7,9972,0,139,88822,17269161
Japan,Asia,2021-12-19,125000000,7,9979,0,139,73303,17342464
Japan,Asia,2021-12-20,125000000,8,9987,0,140,83957,17426421
Japan,Asia,2021-12-21,125000000,6,9994,0,140,80347,17506768
Japan,Asia,2021-12-22,125000000,6,9999,0,140,76827,17583596
Japan,Asia,2021-12-23,125000000,7,10006,0,140,89976,17673572
Japan,Asia,2021-12-24,125000000,8,10014,0,140,69105,17742677
Japan,Asia,2021-12-25,125000000,7,10020,0,140,83074,17825751
Japan,Asia,2021-12-26,125000000,5,10026,0,140,70444,17896195
Japan,Asia,2021-12-27,125000000,5,10031,0,140,90830,17987025
Japan,Asia,2021-12-28,125000000,6,10037,0,140,70255,18057280
Japan,Asia,2021-12-29,125000000,7,10044,0,141,89000,18146280
Japan,Asia,2021-12-30,125000000,7,10052,0,141,81124,18227404
Japan,Asia,2021-12-31,125000000,5,10056,0,141,78302,18305706
Japan,Asia,2022-01-01,125000000,7,10063,0,141,69397,18375103
Japan,Asia,2022-01-02,125000000,5,10068,0,141,82191,18457295
Japan,Asia,2022-01-03,125000000,5,10074,0,141,77089,18534383
Japan,Asia,2022-01-04,125000000,7,10081,0,141,91443,18625826
Japan,Asia,2022-01-05,125000000,6,10086,0,141,83356,18709182
Japan,Asia,2022-01-06,125000000,6,10092,0,141,90371,18799554
Japan,Asia,2022-01-07,125000000,5,10097,0,141,74573,18874127
Japan,Asia,2022-01-08,125000000,4,10102,0,141,71592,18945719
Japan,Asia,2022-01-09,125000000,7,10109,0,142,89602,19035321
Japan,Asia,2022-01-10,125000000,4,10113,0,142,84202,19119523
Japan,Asia,2022-01-11,125000000,5,10118,0,142,89612,19209135
Japan,Asia,2022-01-12,125000000,6,10124,0,142,68936,19278071
Japan,Asia,2022-01-13,125000000,6,10130,0,142,82880,19360951
Japan,Asia,2022-01-14,125000000,5,10135,0,142,69194,19430145
Japan,Asia,2022-01-15,125000000,5,10140,0,142,86163,19516308
Japan,Asia,2022-01-16,125000000,5,10146,0,142,91215,19607523
Japan,Asia,2022-01-17,125000000,5,10151,0,142,69669,19677192
Japan,Asia,2022-01-18,125000000,5,10156,0,142,75961,19753153
Japan,Asia,2022-01-19,125000000,5,10161,0,142,70297,19823450
Japan,Asia,2022-01-20,125000000,3,10163,0,142,83332,19906782
Japan,Asia,2022-01-21,125000000,4,10168,0,142,85040,19991821
Japan,Asia,2022-01-22,125000000,4,10172,0,142,80262,20072083
Japan,Asia,2022-01-23,125000000,5,10177,0,143,90526,20162610
Japan,Asia,2022-01-24,125000000,4,10181,0,143,81180,20243790
Japan,Asia,2022-01-25,125000000,5,10186,0,143,90217,20334007
Japan,Asia,2022-01-26,125000000,5,10191,0,143,82368,20416375
Japan,Asia,2022-01-27,125000000,4,10195,0,143,72691,20489066
Japan,Asia,2022-01-28,125000000,3,10198,0,143,84009,20573075
Japan,Asia,2022-01-29,125000000,5,10203,0,143,68996,20642070
Japan,Asia,2022-01-30,125000000,3,10206,0,143,73551,20715622
Japan,Asia,2022-01-31,125000000,3,10209,0,143,91775,20807397
South Africa,Africa,2020-02-01,59000000,3,3,0,0,0,0
South Africa,Africa,2020-02-02,59000000,3,6,0,0,0,0
South Africa,Africa,2020-02-03,59000000,4,9,0,0,0,0
South Africa,Africa,2020-02-04,59000000,3,12,0,0,0,0
South Africa,Africa,2020-02-05,59000000,3,16,0,0,0,0
South Africa,Africa,2020-02-06,59000000,3,18,0,0,0,0
South Africa,Africa,2020-02-07,59000000,3,21,0,0,0,0
South Africa,Africa,2020-02-08,59000000,4,25,0,0,0,0
South Africa,Africa,2020-02-09,59000000,3,28,0,0,0,0
South Africa,Africa,2020-02-10,59000000,4,32,0,0,0,0
South Africa,Africa,2020-02-11,59000000,3,35,0,1,0,0
South Africa,Africa,2020-02-12,59000000,3,38,0,1,0,0
South Africa,Africa,2020-02-13,59000000,4,42,0,1,0,0
South Africa,Africa,2020-02-14,59000000,3,45,0,1,0,0
South Africa,Africa,2020-02-15,59000000,4,49,0,1,0,0
South Africa,Africa,2020-02-16,59000000,3,52,0,1,0,0
South Africa,Africa,2020-02-17,59000000,3,55,0,1,0,0
South Africa,Africa,2020-02-18,59000000,3,59,0,1,0,0
South Africa,Africa,2020-02-19,59000000,3,62,0,1,0,0
South Africa,Africa,2020-02-20,59000000,3,65,0,1,0,0
South Africa,Africa,2020-02-21,59000000,5,70,0,1,0,0
South Africa,Africa,2020-02-22,59000000,4,74,0,1,0,0
South Africa,Africa,2020-02-23,59000000,3,78,0,1,0,0
South Africa,Africa,2020-02-24,59000000,3,81,0,1,0,0
South Africa,Africa,2020-02-25,59000000,4,85,0,1,0,0
South Africa,Africa,2020-02-26,59000000,4,89,0,1,0,0
South Africa,Africa,2020-02-27,59000000,5,93,0,1,0,0
South Africa,Africa,2020-02-28,59000000,4,98,0,1,0,0
South Africa,Africa,2020-02-29,59000000,4,102,0,1,0,0
South Africa,Africa,2020-03-01,59000000,4,106,0,2,0,0
South Africa,Africa,2020-03-02,59000000,5,111,0,2,0,0
South Africa,Africa,2020-03-03,59000000,4,114,0,2,0,0
South Africa,Africa,2020-03-04,59000000,5,119,0,2,0,0
South Africa,Africa,2020-03-05,59000000,5,124,0,2,0,0
South Africa,Africa,2020-03-06,59000000,5,129,0,2,0,0
South Africa,Africa,2020-03-07,59000000,5,134,0,2,0,0
South Africa,Africa,2020-03-08,59000000,5,139,0,2,0,0
South Africa,Africa,2020-03-09,59000000,5,144,0,2,0,0
South Africa,Africa,2020-03-10,59000000,4,148,0,2,0,0
South Africa,Africa,2020-03-11,59000000,4,152,0,2,0,0
South Africa,Africa,2020-03-12,59000000,6,157,0,2,0,0
South Africa,Africa,2020-03-13,59000000,6,163,0,2,0,0
South Africa,Africa,2020-03-14,59000000,4,168,0,2,0,0
South Africa,Africa,2020-03-15,59000000,5,173,0,2,0,0
South Africa,Africa,2020-03-16,59000000,6,179,0,3,0,0
South Africa,Africa,2020-03-17,59000000,5,184,0,3,0,0
South Africa,Africa,2020-03-18,59000000,6,191,0,3,0,0
South Africa,Africa,2020-03-19,59000000,5,196,0,3,0,0
South Africa,Africa,2020-03-20,59000000,5,201,0,3,0,0
South Africa,Africa,2020-03-21,59000000,7,208,0,3,0,0
South Africa,Africa,2020-03-22,59000000,5,212,0,3,0,0
South Africa,Africa,2020-03-23,59000000,7,219,0,3,0,0
South Africa,Africa,2020-03-24,59000000,7,226,0,3,0,0
South Africa,Africa,2020-03-25,59000000,6,232,0,3,0,0
South Africa,Africa,2020-03-26,59000000,6,238,0,3,0,0
South Africa,Africa,2020-03-27,59000000,5,243,0,3,0,0
South Africa,Africa,2020-03-28,59000000,6,250,0,3,0,0
South Africa,Africa,2020-03-29,59000000,6,255,0,4,0,0
South Africa,Africa,2020-03-30,59000000,6,261,0,4,0,0
South Africa,Africa,2020-03-31,59000000,7,268,0,4,0,0
South Africa,Africa,2020-04-01,59000000,6,274,0,4,0,0
South Africa,Africa,2020-04-02,59000000,5,279,0,4,0,0
South Africa,Africa,2020-04-03,59000000,6,285,0,4,0,0
South Africa,Africa,2020-04-04,59000000,4,289,0,4,0,0
South Africa,Africa,2020-04-05,59000000,8,297,0,4,0,0
South Africa,Africa,2020-04-06,59000000,7,304,0,4,0,0
South Africa,Africa,2020-04-07,59000000,6,310,0,4,0,0
South Africa,Africa,2020-04-08,59000000,6,316,0,4,0,0
South Africa,Africa,2020-04-09,59000000,8,324,0,5,0,0
South Africa,Africa,2020-04-10,59000000,6,330,0,5,0,0
South Africa,Africa,2020-04-11,59000000,5,335,0,5,0,0
South Africa,Africa,2020-04-12,59000000,8,343,0,5,0,0
South Africa,Africa,2020-04-13,59000000,6,350,0,5,0,0
South Africa,Africa,2020-04-14,59000000,9,358,0,5,0,0
South Africa,Africa,2020-04-15,59000000,8,366,0,5,0,0
South Africa,Africa,2020-04-16,59000000,6,373,0,5,0,0
South Africa,Africa,2020-04-17,59000000,8,381,0,5,0,0
South Africa,Africa,2020-04-18,59000000,6,386,0,5,0,0
South Africa,Africa,2020-04-19,59000000,9,395,0,6,0,0
South Africa,Africa,2020-04-20,59000000,6,402,0,6,0,0
South Africa,Africa,2020-04-21,59000000,9,410,0,6,0,0
South Africa,Africa,2020-04-22,59000000,6,417,0,6,0,0
South Africa,Africa,2020-04-23,59000000,7,423,0,6,0,0
South Africa,Africa,2020-04-24,59000000,10,433,0,6,0,0
South Africa,Africa,2020-04-25,59000000,8,441,0,6,0,0
South Africa,Africa,2020-04-26,59000000,7,448,0,6,0,0
South Africa,Africa,2020-04-27,59000000,8,457,0,6,0,0
South Africa,Africa,2020-04-28,59000000,8,465,0,7,0,0
South Africa,Africa,2020-04-29,59000000,8,473,0,7,0,0
South Africa,Africa,2020-04-30,59000000,8,481,0,7,0,0
South Africa,Africa,2020-05-01,59000000,10,491,0,7,0,0
South Africa,Africa,2020-05-02,59000000,9,500,0,7,0,0
South Africa,Africa,2020-05-03,59000000,9,509,0,7,0,0
South Africa,Africa,2020-05-04,59000000,7,516,0,7,0,0
South Africa,Africa,2020-05-05,59000000,7,523,0,7,0,0
South Africa,Africa,2020-05-06,59000000,8,532,0,7,0,0
South Africa,Africa,2020-05-07,59000000,10,541,0,8,0,0
South Africa,Africa,2020-05-08,59000000,6,547,0,8,0,0
South Africa,Africa,2020-05-09,59000000,8,555,0,8,0,0
South Africa,Africa,2020-05-10,59000000,9,565,0,8,0,0
South Africa,Africa,2020-05-11,59000000,10,575,0,8,0,0
South Africa,Africa,2020-05-12,59000000,6,581,0,8,0,0
South Africa,Africa,2020-05-13,59000000,9,590,0,8,0,0
South Africa,Africa,2020-05-14,59000000,8,598,0,8,0,0
South Africa,Africa,2020-05-15,59000000,9,607,0,8,0,0
South Africa,Africa,2020-05-16,59000000,10,617,0,9,0,0
South Africa,Africa,2020-05-17,59000000,7,623,0,9,0,0
South Africa,Africa,2020-05-18,59000000,8,631,0,9,0,0
South Africa,Africa,2020-05-19,59000000,8,639,0,9,0,0
South Africa,Africa,2020-05-20,59000000,9,648,0,9,0,0
South Africa,Africa,2020-05-21,59000000,11,659,0,9,0,0
South Africa,Africa,2020-05-22,59000000,8,667,0,9,0,0
South Africa,Africa,2020-05-23,59000000,8,675,0,9,0,0
South Africa,Africa,2020-05-24,59000000,8,683,0,9,0,0
South Africa,Africa,2020-05-25,59000000,9,692,0,10,0,0
South Africa,Africa,2020-05-26,59000000,9,701,0,10,0,0
South Africa,Africa,2020-05-27,59000000,9,710,0,10,0,0
South Africa,Africa,2020-05-28,59000000,13,723,0,10,0,0
South Africa,Africa,2020-05-29,59000000,11,734,0,10,0,0
South Africa,Africa,2020-05-30,59000000,10,743,0,10,0,0
South Africa,Africa,2020-05-31,59000000,10,754,0,11,0,0
South Africa,Africa,2020-06-01,59000000,9,763,0,11,0,0
South Africa,Africa,2020-06-02,59000000,13,775,0,11,0,0
South Africa,Africa,2020-06-03,59000000,11,786,0,11,0,0
South Africa,Africa,2020-06-04,59000000,11,797,0,11,0,0
South Africa,Africa,2020-06-05,59000000,12,809,0,11,0,0
South Africa,Africa,2020-06-06,59000000,13,822,0,11,0,0
South Africa,Africa,2020-06-07,59000000,9,830,0,12,0,0
South Africa,Africa,2020-06-08,59000000,12,842,0,12,0,0
South Africa,Africa,2020-06-09,59000000,11,853,0,12,0,0
South Africa,Africa,2020-06-10,59000000,11,863,0,12,0,0
South Africa,Africa,2020-06-11,59000000,13,876,0,12,0,0
South Africa,Africa,2020-06-12,59000000,9,885,0,12,0,0
South Africa,Africa,2020-06-13,59000000,10,895,0,12,0,0
South Africa,Africa,2020-06-14,59000000,10,905,0,13,0,0
South Africa,Africa,2020-06-15,59000000,11,916,0,13,0,0
South Africa,Africa,2020-06-16,59000000,11,927,0,13,0,0
South Africa,Africa,2020-06-17,59000000,12,939,0,13,0,0
South Africa,Africa,2020-06-18,59000000,10,949,0,13,0,0
South Africa,Africa,2020-06-19,59000000,13,962,0,13,0,0
South Africa,Africa,2020-06-20,59000000,14,976,0,14,0,0
South Africa,Africa,2020-06-21,59000000,11,988,0,14,0,0
South Africa,Africa,2020-06-22,59000000,9,996,0,14,0,0
South Africa,Africa,2020-06-23,59000000,10,1006,0,14,0,0
South Africa,Africa,2020-06-24,59000000,12,1018,0,14,0,0
South Africa,Africa,2020-06-25,59000000,11,1029,0,14,0,0
South Africa,Africa,2020-06-26,59000000,11,1040,0,15,0,0
South Africa,Africa,2020-06-27,59000000,14,1054,0,15,0,0
South Africa,Africa,2020-06-28,59000000,12,1066,0,15,0,0
South Africa,Africa,2020-06-29,59000000,10,1076,0,15,0,0
South Africa,Africa,2020-06-30,59000000,10,1087,0,15,0,0
South Africa,Africa,2020-07-01,59000000,10,1097,0,15,0,0
South Africa,Africa,2020-07-02,59000000,9,1106,0,16,0,0
South Africa,Africa,2020-07-03,59000000,14,1120,0,16,0,0
South Africa,Africa,2020-07-04,59000000,12,1131,0,16,0,0
South Africa,Africa,2020-07-05,59000000,9,1140,0,16,0,0
South Africa,Africa,2020-07-06,59000000,13,1154,0,16,0,0
South Africa,Africa,2020-07-07,59000000,10,1163,0,16,0,0
South Africa,Africa,2020-07-08,59000000,11,1175,0,17,0,0
South Africa,Africa,2020-07-09,59000000,9,1183,0,17,0,0
South Africa,Africa,2020-07-10,59000000,11,1194,0,17,0,0
South Africa,Africa,2020-07-11,59000000,9,1203,0,17,0,0
South Africa,Africa,2020-07-12,59000000,8,1211,0,17,0,0
South Africa,Africa,2020-07-13,59000000,12,1223,0,17,0,0
South Africa,Africa,2020-07-14,59000000,13,1236,0,17,0,0
South Africa,Africa,2020-07-15,59000000,12,1248,0,18,0,0
South Africa,Africa,2020-07-16,59000000,15,1263,0,18,0,0
South Africa,Africa,2020-07-17,59000000,10,1273,0,18,0,0
South Africa,Africa,2020-07-18,59000000,8,1282,0,18,0,0
South Africa,Africa,2020-07-19,59000000,12,1294,0,18,0,0
South Africa,Africa,2020-07-20,59000000,10,1303,0,18,0,0
South Africa,Africa,2020-07-21,59000000,11,1314,0,19,0,0
South Africa,Africa,2020-07-22,59000000,13,1327,0,19,0,0
South Africa,Africa,2020-07-23,59000000,10,1337,0,19,0,0
South Africa,Africa,2020-07-24,59000000,11,1348,0,19,0,0
South Africa,Africa,2020-07-25,59000000,13,1362,0,19,0,0
South Africa,Africa,2020-07-26,59000000,11,1373,0,19,0,0
South Africa,Africa,2020-07-27,59000000,12,1385,0,20,0,0
South Africa,Africa,2020-07-28,59000000,12,1397,0,20,0,0
South Africa,Africa,2020-07-29,59000000,11,1408,0,20,0,0
South Africa,Africa,2020-07-30,59000000,11,1419,0,20,0,0
South Africa,Africa,2020-07-31,59000000,11,1430,0,20,0,0
South Africa,Africa,2020-08-01,59000000,10,1441,0,20,0,0
South Africa,Africa,2020-08-02,59000000,12,1453,0,21,0,0
South Africa,Africa,2020-08-03,59000000,10,1463,0,21,0,0
South Africa,Africa,2020-08-04,59000000,11,1473,0,21,0,0
South Africa,Africa,2020-08-05,59000000,10,1483,0,21,0,0
South Africa,Africa,2020-08-06,59000000,14,1497,0,21,0,0
South Africa,Africa,2020-08-07,59000000,9,1506,0,21,0,0
South Africa,Africa,2020-08-08,59000000,15,1521,0,22,0,0
South Africa,Africa,2020-08-09,59000000,11,1532,0,22,0,0
South Africa,Africa,2020-08-10,59000000,11,1543,0,22,0,0
South Africa,Africa,2020-08-11,59000000,10,1553,0,22,0,0
South Africa,Africa,2020-08-12,59000000,10,1563,0,22,0,0
South Africa,Africa,2020-08-13,59000000,10,1573,0,22,0,0
South Africa,Africa,2020-08-14,59000000,17,1590,0,23,0,0
South Africa,Africa,2020-08-15,59000000,10,1600,0,23,0,0
South Africa,Africa,2020-08-16,59000000,12,1613,0,23,0,0
South Africa,Africa,2020-08-17,59000000,11,1624,0,23,0,0
South Africa,Africa,2020-08-18,59000000,15,1639,0,23,0,0
South Africa,Africa,2020-08-19,59000000,12,1651,0,23,0,0
South Africa,Africa,2020-08-20,59000000,10,1660,0,24,0,0
South Africa,Africa,2020-08-21,59000000,11,1671,0,24,0,0
South Africa,Africa,2020-08-22,59000000,16,1687,0,24,0,0
South Africa,Africa,2020-08-23,59000000,13,1700,0,24,0,0
South Africa,Africa,2020-08-24,59000000,12,1712,0,24,0,0
South Africa,Africa,2020-08-25,59000000,10,1722,0,24,0,0
South Africa,Africa,2020-08-26,59000000,10,1732,0,25,0,0
South Africa,Africa,2020-08-27,59000000,10,1742,0,25,0,0
South Africa,Africa,2020-08-28,59000000,9,1751,0,25,0,0
South Africa,Africa,2020-08-29,59000000,13,1764,0,25,0,0
South Africa,Africa,2020-08-30,59000000,13,1777,0,25,0,0
South Africa,Africa,2020-08-31,59000000,12,1789,0,25,0,0
South Africa,Africa,2020-09-01,59000000,14,1803,0,25,0,0
South Africa,Africa,2020-09-02,59000000,13,1816,0,26,0,0
South Africa,Africa,2020-09-03,59000000,9,1825,0,26,0,0
South Africa,Africa,2020-09-04,59000000,17,1843,0,26,0,0
South Africa,Africa,2020-09-05,59000000,12,1854,0,26,0,0
South Africa,Africa,2020-09-06,59000000,13,1868,0,27,0,0
South Africa,Africa,2020-09-07,59000000,12,1880,0,27,0,0
South Africa,Africa,2020-09-08,59000000,12,1892,0,27,0,0
South Africa,Africa,2020-09-09,59000000,9,1901,0,27,0,0
South Africa,Africa,2020-09-10,59000000,11,1912,0,27,0,0
South Africa,Africa,2020-09-11,59000000,13,1924,0,27,0,0
South Africa,Africa,2020-09-12,59000000,12,1936,0,28,0,0
South Africa,Africa,2020-09-13,59000000,9,1945,0,28,0,0
South Africa,Africa,2020-09-14,59000000,13,1959,0,28,0,0
South Africa,Africa,2020-09-15,59000000,12,1971,0,28,0,0
South Africa,Africa,2020-09-16,59000000,12,1983,0,28,0,0
South Africa,Africa,2020-09-17,59000000,10,1992,0,28,0,0
South Africa,Africa,2020-09-18,59000000,9,2001,0,29,0,0
South Africa,Africa,2020-09-19,59000000,12,2014,0,29,0,0
South Africa,Africa,2020-09-20,59000000,14,2028,0,29,0,0
South Africa,Africa,2020-09-21,59000000,14,2042,0,29,0,0
South Africa,Africa,2020-09-22,59000000,13,2055,0,29,0,0
South Africa,Africa,2020-09-23,59000000,13,2067,0,30,0,0
South Africa,Africa,2020-09-24,59000000,10,2077,0,30,0,0
South Africa,Africa,2020-09-25,59000000,8,2086,0,30,0,0
South Africa,Africa,2020-09-26,59000000,17,2103,0,30,0,0
South Africa,Africa,2020-09-27,59000000,12,2114,0,30,0,0
South Africa,Africa,2020-09-28,59000000,11,2126,0,30,0,0
South Africa,Africa,2020-09-29,59000000,12,2138,0,31,0,0
South Africa,Africa,2020-09-30,59000000,11,2148,0,31,0,0
South Africa,Africa,2020-10-01,59000000,11,2160,0,31,0,0
South Africa,Africa,2020-10-02,59000000,16,2175,0,31,0,0
South Africa,Africa,2020-10-03,59000000,13,2188,0,31,0,0
South Africa,Africa,2020-10-04,59000000,13,2202,0,31,0,0
South Africa,Africa,2020-10-05,59000000,12,2214,0,32,0,0
South Africa,Africa,2020-10-06,59000000,14,2228,0,32,0,0
South Africa,Africa,2020-10-07,59000000,14,2243,0,32,0,0
South Africa,Africa,2020-10-08,59000000,12,2255,0,32,0,0
South Africa,Africa,2020-10-09,59000000,12,2267,0,32,0,0
South Africa,Africa,2020-10-10,59000000,15,2282,0,32,0,0
South Africa,Africa,2020-10-11,59000000,13,2294,0,33,0,0
South Africa,Africa,2020-10-12,59000000,12,2306,0,33,0,0
South Africa,Africa,2020-10-13,59000000,12,2318,0,33,0,0
South Africa,Africa,2020-10-14,59000000,12,2330,0,33,0,0
South Africa,Africa,2020-10-15,59000000,13,2342,0,33,0,0
South Africa,Africa,2020-10-16,59000000,12,2354,0,33,0,0
South Africa,Africa,2020-10-17,59000000,13,2367,0,34,0,0
South Africa,Africa,2020-10-18,59000000,11,2378,0,34,0,0
South Africa,Africa,2020-10-19,59000000,13,2391,0,34,0,0
South Africa,Africa,2020-10-20,59000000,14,2405,0,34,0,0
South Africa,Africa,2020-10-21,59000000,14,2419,0,34,0,0
South Africa,Africa,2020-10-22,59000000,14,2432,0,35,0,0
South Africa,Africa,2020-10-23,59000000,15,2447,0,35,0,0
South Africa,Africa,2020-10-24,59000000,13,2460,0,35,0,0
South Africa,Africa,2020-10-25,59000000,13,2473,0,35,0,0
South Africa,Africa,2020-10-26,59000000,12,2484,0,35,0,0
South Africa,Africa,2020-10-27,59000000,14,2499,0,36,0,0
South Africa,Africa,2020-10-28,59000000,12,2511,0,36,0,0
South Africa,Africa,2020-10-29,59000000,10,2520,0,36,0,0
South Africa,Africa,2020-10-30,59000000,12,2532,0,36,0,0
South Africa,Africa,2020-10-31,59000000,15,2546,0,36,0,0
South Africa,Africa,2020-11-01,59000000,14,2560,0,36,0,0
South Africa,Africa,2020-11-02,59000000,13,2574,0,37,0,0
South Africa,Africa,2020-11-03,59000000,17,2591,0,37,0,0
South Africa,Africa,2020-11-04,59000000,14,2605,0,37,0,0
South Africa,Africa,2020-11-05,59000000,11,2616,0,37,0,0
South Africa,Africa,2020-11-06,59000000,11,2628,0,37,0,0
South Africa,Africa,2020-11-07,59000000,14,2642,0,37,0,0
South Africa,Africa,2020-11-08,59000000,16,2658,0,38,0,0
South Africa,Africa,2020-11-09,59000000,13,2671,0,38,0,0
South Africa,Africa,2020-11-10,59000000,14,2685,0,38,0,0
South Africa,Africa,2020-11-11,59000000,14,2699,0,38,0,0
South Africa,Africa,2020-11-12,59000000,18,2716,0,38,0,0
South Africa,Africa,2020-11-13,59000000,15,2731,0,39,0,0
South Africa,Africa,2020-11-14,59000000,16,2747,0,39,0,0
South Africa,Africa,2020-11-15,59000000,12,2758,0,39,0,0
South Africa,Africa,2020-11-16,59000000,12,2771,0,39,0,0
South Africa,Africa,2020-11-17,59000000,12,2783,0,39,0,0
South Africa,Africa,2020-11-18,59000000,13,2795,0,39,0,0
South Africa,Africa,2020-11-19,59000000,13,2809,0,40,0,0
South Africa,Africa,2020-11-20,59000000,14,2823,0,40,0,0
South Africa,Africa,2020-11-21,59000000,13,2836,0,40,0,0
South Africa,Africa,2020-11-22,59000000,12,2848,0,40,0,0
South Africa,Africa,2020-11-23,59000000,11,2860,0,40,0,0
South Africa,Africa,2020-11-24,59000000,14,2874,0,41,0,0
South Africa,Africa,2020-11-25,59000000,15,2889,0,41,0,0
South Africa,Africa,2020-11-26,59000000,13,2902,0,41,0,0
South Africa,Africa,2020-11-27,59000000,10,2912,0,41,0,0
South Africa,Africa,2020-11-28,59000000,15,2927,0,41,0,0
South Africa,Africa,2020-11-29,59000000,13,2940,0,41,0,0
South Africa,Africa,2020-11-30,59000000,11,2951,0,41,0,0
South Africa,Africa,2020-12-01,59000000,14,2965,0,42,0,0
South Africa,Africa,2020-12-02,59000000,16,2980,0,42,0,0
South Africa,Africa,2020-12-03,59000000,13,2993,0,42,0,0
South Africa,Africa,2020-12-04,59000000,9,3002,0,42,0,0
South Africa,Africa,2020-12-05,59000000,13,3015,0,42,0,0
South Africa,Africa,2020-12-06,59000000,12,3027,0,42,0,0
South Africa,Africa,2020-12-07,59000000,14,3041,0,43,0,0
South Africa,Africa,2020-12-08,59000000,14,3055,0,43,0,0
South Africa,Africa,2020-12-09,59000000,13,3068,0,43,0,0
South Africa,Africa,2020-12-10,59000000,13,3080,0,43,0,0
South Africa,Africa,2020-12-11,59000000,16,3097,0,43,0,0
South Africa,Africa,2020-12-12,59000000,15,3112,0,44,0,0
South Africa,Africa,2020-12-13,59000000,15,3126,0,44,0,0
South Africa,Africa,2020-12-14,59000000,16,3142,0,44,0,0
South Africa,Africa,2020-12-15,59000000,13,3155,0,44,0,0
South Africa,Africa,2020-12-16,59000000,17,3172,0,45,0,0
South Africa,Africa,2020-12-17,59000000,14,3187,0,45,0,0
South Africa,Africa,2020-12-18,59000000,14,3201,0,45,0,0
South Africa,Africa,2020-12-19,59000000,14,3216,0,45,0,0
South Africa,Africa,2020-12-20,59000000,13,3229,0,45,0,0
South Africa,Africa,2020-12-21,59000000,13,3241,0,46,0,0
South Africa,Africa,2020-12-22,59000000,16,3258,0,46,0,0
South Africa,Africa,2020-12-23,59000000,12,3269,0,46,0,0
South Africa,Africa,2020-12-24,59000000,12,3281,0,46,0,0
South Africa,Africa,2020-12-25,59000000,14,3295,0,46,0,0
South Africa,Africa,2020-12-26,59000000,12,3307,0,47,0,0
South Africa,Africa,2020-12-27,59000000,11,3318,0,47,0,0
South Africa,Africa,2020-12-28,59000000,12,3330,0,47,0,0
South Africa,Africa,2020-12-29,59000000,12,3342,0,47,0,0
South Africa,Africa,2020-12-30,59000000,15,3357,0,47,0,0
South Africa,Africa,2020-12-31,59000000,14,3370,0,48,0,0
South Africa,Africa,2021-01-01,59000000,16,3386,0,48,0,0
South Africa,Africa,2021-01-02,59000000,10,3396,0,48,0,0
South Africa,Africa,2021-01-03,59000000,12,3408,0,48,0,0
South Africa,Africa,2021-01-04,59000000,12,3420,0,48,0,0
South Africa,Africa,2021-01-05,59000000,15,3434,0,49,0,0
South Africa,Africa,2021-01-06,59000000,13,3447,0,49,0,0
South Africa,Africa,2021-01-07,59000000,13,3461,0,49,0,0
South Africa,Africa,2021-01-08,59000000,12,3472,0,49,0,0
South Africa,Africa,2021-01-09,59000000,12,3484,0,49,0,0
South Africa,Africa,2021-01-10,59000000,13,3497,0,50,0,0
South Africa,Africa,2021-01-11,59000000,16,3513,0,50,0,0
South Africa,Africa,2021-01-12,59000000,11,3525,0,50,0,0
South Africa,Africa,2021-01-13,59000000,17,3541,0,50,0,0
South Africa,Africa,2021-01-14,59000000,16,3557,0,51,0,0
South Africa,Africa,2021-01-15,59000000,13,3570,0,51,2763,2763
South Africa,Africa,2021-01-16,59000000,15,3585,0,51,2935,5698
South Africa,Africa,2021-01-17,59000000,20,3605,0,51,2877,8575
South Africa,Africa,2021-01-18,59000000,18,3623,0,52,3392,11967
South Africa,Africa,2021-01-19,59000000,18,3641,0,52,3522,15489
South Africa,Africa,2021-01-20,59000000,14,3655,0,52,3496,18985
South Africa,Africa,2021-01-21,59000000,13,3668,0,52,3852,22837
South Africa,Africa,2021-01-22,59000000,16,3684,0,52,4046,26883
South Africa,Africa,2021-01-23,59000000,15,3698,0,53,3840,30724
South Africa,Africa,2021-01-24,59000000,13,3712,0,53,4013,34736
South Africa,Africa,2021-01-25,59000000,16,3728,0,53,4054,38790
South Africa,Africa,2021-01-26,59000000,13,3741,0,53,4357,43147
South Africa,Africa,2021-01-27,59000000,13,3754,0,53,4108,47255
South Africa,Africa,2021-01-28,59000000,13,3767,0,54,4348,51603
South Africa,Africa,2021-01-29,59000000,15,3782,0,54,4746,56349
South Africa,Africa,2021-01-30,59000000,15,3796,0,54,3914,60263
South Africa,Africa,2021-01-31,59000000,11,3807,0,54,5202,65465
South Africa,Africa,2021-02-01,59000000,16,3823,0,55,5023,70488
South Africa,Africa,2021-02-02,59000000,13,3836,0,55,4548,75035
South Africa,Africa,2021-02-03,59000000,15,3851,0,55,4276,79312
South Africa,Africa,2021-02-04,59000000,16,3868,0,55,5353,84665
South Africa,Africa,2021-02-05,59000000,15,3883,0,55,5508,90173
South Africa,Africa,2021-02-06,59000000,15,3898,0,56,5134,95307
South Africa,Africa,2021-02-07,59000000,15,3913,0,56,4700,100008
South Africa,Africa,2021-02-08,59000000,16,3929,0,56,5568,105576
South Africa,Africa,2021-02-09,59000000,12,3941,0,56,5066,110642
South Africa,Africa,2021-02-10,59000000,13,3954,0,57,5726,116368
South Africa,Africa,2021-02-11,59000000,12,3966,0,57,5727,122096
South Africa,Africa,2021-02-12,59000000,15,3981,0,57,6509,128605
South Africa,Africa,2021-02-13,59000000,16,3996,0,57,7062,135667
South Africa,Africa,2021-02-14,59000000,12,4008,0,57,6420,142087
South Africa,Africa,2021-02-15,59000000,16,4024,0,58,6831,148918
South Africa,Africa,2021-02-16,59000000,16,4040,0,58,6782,155700
South Africa,Africa,2021-02-17,59000000,17,4056,0,58,7212,162913
South Africa,Africa,2021-02-18,59000000,15,4072,0,58,6628,169541
South Africa,Africa,2021-02-19,59000000,14,4086,0,59,8102,177642
South Africa,Africa,2021-02-20,59000000,12,4098,0,59,7829,185471
South Africa,Africa,2021-02-21,59000000,17,4114,0,59,7807,193278
South Africa,Africa,2021-02-22,59000000,13,4128,0,59,7647,200925
South Africa,Africa,2021-02-23,59000000,17,4145,0,59,8626,209550
South Africa,Africa,2021-02-24,59000000,18,4163,0,60,8273,217823
South Africa,Africa,2021-02-25,59000000,13,4176,0,60,6854,224677
South Africa,Africa,2021-02-26,59000000,11,4187,0,60,7006,231683
South Africa,Africa,2021-02-27,59000000,13,4200,0,60,9073,240756
South Africa,Africa,2021-02-28,59000000,18,4219,0,61,9823,250579
South Africa,Africa,2021-03-01,59000000,13,4232,0,61,8054,258634
South Africa,Africa,2021-03-02,59000000,19,4251,0,61,8734,267368
South Africa,Africa,2021-03-03,59000000,13,4264,0,61,8768,276136
South Africa,Africa,2021-03-04,59000000,13,4278,0,61,8385,284521
South Africa,Africa,2021-03-05,59000000,13,4290,0,61,8421,292943
South Africa,Africa,2021-03-06,59000000,14,4304,0,62,9978,302921
South Africa,Africa,2021-03-07,59000000,13,4318,0,62,8789,311710
South Africa,Africa,2021-03-08,59000000,18,4336,0,62,10251,321961
South Africa,Africa,2021-03-09,59000000,18,4354,0,62,11209,333170
South Africa,Africa,2021-03-10,59000000,14,4368,0,63,11036,344206
South Africa,Africa,2021-03-11,59000000,15,4383,0,63,9673,353879
South Africa,Africa,2021-03-12,59000000,13,4397,0,63,11480,365359
South Africa,Africa,2021-03-13,59000000,14,4411,0,63,12772,378131
South Africa,Africa,2021-03-14,59000000,14,4425,0,63,13207,391337
South Africa,Africa,2021-03-15,59000000,15,4440,0,64,11901,403238
South Africa,Africa,2021-03-16,59000000,12,4452,0,64,12354,415593
South Africa,Africa,2021-03-17,59000000,18,4470,0,64,13302,428895
South Africa,Africa,2021-03-18,59000000,16,4487,0,64,11485,440380
South Africa,Africa,2021-03-19,59000000,18,4504,0,65,11193,451573
South Africa,Africa,2021-03-20,59000000,14,4518,0,65,12336,463910
South Africa,Africa,2021-03-21,59000000,15,4533,0,65,11375,475284
South Africa,Africa,2021-03-22,59000000,11,4544,0,65,14909,490194
South Africa,Africa,2021-03-23,59000000,11,4555,0,65,14149,504343
South Africa,Africa,2021-03-24,59000000,19,4574,0,66,12127,516470
South Africa,Africa,2021-03-25,59000000,17,4591,0,66,15521,531991
South Africa,Africa,2021-03-26,59000000,17,4607,0,66,16476,548468
South Africa,Africa,2021-03-27,59000000,14,4621,0,66,14190,562658
South Africa,Africa,2021-03-28,59000000,13,4634,0,67,15261,577919
South Africa,Africa,2021-03-29,59000000,15,4649,0,67,14412,592331
South Africa,Africa,2021-03-30,59000000,17,4666,0,67,15967,608297
South Africa,Africa,2021-03-31,59000000,14,4680,0,67,15611,623908
South Africa,Africa,2021-04-01,59000000,16,4695,0,67,15967,639875
South Africa,Africa,2021-04-02,59000000,13,4709,0,68,17439,657314
South Africa,Africa,2021-04-03,59000000,17,4726,0,68,18253,675567
South Africa,Africa,2021-04-04,59000000,10,4736,0,68,16106,691673
South Africa,Africa,2021-04-05,59000000,19,4755,0,68,18097,709770
South Africa,Africa,2021-04-06,59000000,17,4773,0,69,18650,728420
South Africa,Africa,2021-04-07,59000000,16,4788,0,69,18060,746480
South Africa,Africa,2021-04-08,59000000,13,4801,0,69,20617,767097
South Africa,Africa,2021-04-09,59000000,15,4817,0,69,17206,784303
South Africa,Africa,2021-04-10,59000000,16,4833,0,69,21058,805362
South Africa,Africa,2021-04-11,59000000,11,4844,0,70,19842,825204
South Africa,Africa,2021-04-12,59000000,15,4859,0,70,22538,847741
South Africa,Africa,2021-04-13,59000000,19,4879,0,70,19780,867522
South Africa,Africa,2021-04-14,59000000,15,4894,0,70,21154,888676
South Africa,Africa,2021-04-15,59000000,14,4908,0,70,23020,911695
South Africa,Africa,2021-04-16,59000000,17,4925,0,71,19427,931122
South Africa,Africa,2021-04-17,59000000,13,4938,0,71,19957,951079
South Africa,Africa,2021-04-18,59000000,13,4951,0,71,23848,974927
South Africa,Africa,2021-04-19,59000000,14,4965,0,71,24653,999580
South Africa,Africa,2021-04-20,59000000,14,4979,0,71,22622,1022202
South Africa,Africa,2021-04-21,59000000,11,4991,0,72,24356,1046558
South Africa,Africa,2021-04-22,59000000,16,5006,0,72,24907,1071465
South Africa,Africa,2021-04-23,59000000,14,5021,0,72,22494,1093959
South Africa,Africa,2021-04-24,59000000,12,5033,0,72,26811,1120769
South Africa,Africa,2021-04-25,59000000,14,5046,0,72,25438,1146207
South Africa,Africa,2021-04-26,59000000,15,5062,0,73,27579,1173787
South Africa,Africa,2021-04-27,59000000,15,5077,0,73,27482,1201268
South Africa,Africa,2021-04-28,59000000,14,5091,0,73,22260,1223529
South Africa,Africa,2021-04-29,59000000,14,5105,0,73,24678,1248207
South Africa,Africa,2021-04-30,59000000,14,5119,0,73,30677,1278884
South Africa,Africa,2021-05-01,59000000,18,5137,0,74,29129,1308014
South Africa,Africa,2021-05-02,59000000,14,5151,0,74,26472,1334486
South Africa,Africa,2021-05-03,59000000,17,5168,0,74,29154,1363640
South Africa,Africa,2021-05-04,59000000,19,5187,0,74,30696,1394336
South Africa,Africa,2021-05-05,59000000,15,5202,0,75,32218,1426553
South Africa,Africa,2021-05-06,59000000,14,5216,0,75,28279,1454832
South Africa,Africa,2021-05-07,59000000,19,5235,0,75,26722,1481554
South Africa,Africa,2021-05-08,59000000,17,5252,0,75,28274,1509828
South Africa,Africa,2021-05-09,59000000,17,5270,0,76,26994,1536823
South Africa,Africa,2021-05-10,59000000,12,5281,0,76,27842,1564665
South Africa,Africa,2021-05-11,59000000,15,5297,0,76,27402,1592067
South Africa,Africa,2021-05-12,59000000,16,5312,0,76,32136,1624202
South Africa,Africa,2021-05-13,59000000,18,5330,0,76,36291,1660494
South Africa,Africa,2021-05-14,59000000,14,5344,0,77,31366,1691860
South Africa,Africa,2021-05-15,59000000,14,5358,0,77,29547,1721407
South Africa,Africa,2021-05-16,59000000,17,5375,0,77,34455,1755862
South Africa,Africa,2021-05-17,59000000,15,5390,0,77,29615,1785477
South Africa,Africa,2021-05-18,59000000,10,5400,0,77,33650,1819127
South Africa,Africa,2021-05-19,59000000,15,5414,0,78,35052,1854179
South Africa,Africa,2021-05-20,59000000,17,5432,0,78,32256,1886435
South Africa,Africa,2021-05-21,59000000,17,5448,0,78,31674,1918109
South Africa,Africa,2021-05-22,59000000,11,5459,0,78,41123,1959233
South Africa,Africa,2021-05-23,59000000,16,5476,0,78,36778,1996011
South Africa,Africa,2021-05-24,59000000,15,5491,0,79,41664,2037675
South Africa,Africa,2021-05-25,59000000,14,5505,0,79,32300,2069975
South Africa,Africa,2021-05-26,59000000,13,5519,0,79,38885,2108860
South Africa,Africa,2021-05-27,59000000,15,5534,0,79,37557,2146417
South Africa,Africa,2021-05-28,59000000,13,5547,0,79,43950,2190367
South Africa,Africa,2021-05-29,59000000,20,5567,0,79,42003,2232370
South Africa,Africa,2021-05-30,59000000,15,5582,0,80,37313,2269684
South Africa,Africa,2021-05-31,59000000,11,5594,0,80,37900,2307584
South Africa,Africa,2021-06-01,59000000,17,5610,0,80,41050,2348634
South Africa,Africa,2021-06-02,59000000,18,5628,0,80,42773,2391406
South Africa,Africa,2021-06-03,59000000,15,5643,0,80,45027,2436433
South Africa,Africa,2021-06-04,59000000,12,5655,0,81,46434,2482867
South Africa,Africa,2021-06-05,59000000,9,5664,0,81,41263,2524130
South Africa,Africa,2021-06-06,59000000,21,5685,0,81,38642,2562772
South Africa,Africa,2021-06-07,59000000,17,5702,0,81,43676,2606448
South Africa,Africa,2021-06-08,59000000,16,5718,0,82,42736,2649184
South Africa,Africa,2021-06-09,59000000,14,5732,0,82,38393,2687577
South Africa,Africa,2021-06-10,59000000,18,5750,0,82,37883,2725460
South Africa,Africa,2021-06-11,59000000,21,5771,0,83,46930,2772390
South Africa,Africa,2021-06-12,59000000,18,5788,0,83,49884,2822274
South Africa,Africa,2021-06-13,59000000,23,5811,0,83,43316,2865591
South Africa,Africa,2021-06-14,59000000,14,5825,0,83,40641,2906232
South Africa,Africa,2021-06-15,59000000,20,5845,0,84,50449,2956681
South Africa,Africa,2021-06-16,59000000,17,5863,0,84,47552,3004233
South Africa,Africa,2021-06-17,59000000,15,5877,0,84,51882,3056114
South Africa,Africa,2021-06-18,59000000,11,5888,0,84,41271,3097386
South Africa,Africa,2021-06-19,59000000,17,5905,0,85,47507,3144892
South Africa,Africa,2021-06-20,59000000,11,5916,0,85,46355,3191248
South Africa,Africa,2021-06-21,59000000,19,5934,0,85,52385,3243632
South Africa,Africa,2021-06-22,59000000,18,5952,0,85,46388,3290021
South Africa,Africa,2021-06-23,59000000,16,5968,0,86,54046,3344067
South Africa,Africa,2021-06-24,59000000,14,5982,0,86,46210,3390277
South Africa,Africa,2021-06-25,59000000,18,6000,0,86,50688,3440965
South Africa,Africa,2021-06-26,59000000,14,6014,0,86,49736,3490701
South Africa,Africa,2021-06-27,59000000,17,6031,0,87,51652,3542353
South Africa,Africa,2021-06-28,59000000,15,6047,0,87,53801,3596153
South Africa,Africa,2021-06-29,59000000,16,6063,0,87,49273,3645427
South Africa,Africa,2021-06-30,59000000,17,6080,0,87,43078,3688504
South Africa,Africa,2021-07-01,59000000,16,6096,0,88,44515,3733019
South Africa,Africa,2021-07-02,59000000,21,6117,0,88,48057,3781076
South Africa,Africa,2021-07-03,59000000,18,6135,0,88,48968,3830044
South Africa,Africa,2021-07-04,59000000,13,6149,0,89,47839,3877883
South Africa,Africa,2021-07-05,59000000,15,6164,0,89,56024,3933907
South Africa,Africa,2021-07-06,59000000,18,6182,0,89,46984,3980891
South Africa,Africa,2021-07-07,59000000,15,6196,0,89,46318,4027209
South Africa,Africa,2021-07-08,59000000,19,6216,0,89,44900,4072108
South Africa,Africa,2021-07-09,59000000,15,6230,0,90,51505,4123613
South Africa,Africa,2021-07-10,59000000,16,6246,0,90,45778,4169391
South Africa,Africa,2021-07-11,59000000,20,6266,0,90,56707,4226098
South Africa,Africa,2021-07-12,59000000,15,6280,0,90,52292,4278390
South Africa,Africa,2021-07-13,59000000,18,6298,0,90,46241,4324632
South Africa,Africa,2021-07-14,59000000,17,6315,0,91,61304,4385936
South Africa,Africa,2021-07-15,59000000,16,6331,0,91,56630,4442566
South Africa,Africa,2021-07-16,59000000,17,6348,0,91,56703,4499269
South Africa,Africa,2021-07-17,59000000,17,6366,0,91,54121,4553390
South Africa,Africa,2021-07-18,59000000,18,6383,0,92,54249,4607639
South Africa,Africa,2021-07-19,59000000,16,6399,0,92,55019,4662657
South Africa,Africa,2021-07-20,59000000,16,6415,0,92,51754,4714411
South Africa,Africa,2021-07-21,59000000,11,6426,0,92,63307,4777719
South Africa,Africa,2021-07-22,59000000,17,6443,0,93,48808,4826526
South Africa,Africa,2021-07-23,59000000,14,6457,0,93,52762,4879288
South Africa,Africa,2021-07-24,59000000,19,6477,0,93,57444,4936732
South Africa,Africa,2021-07-25,59000000,15,6492,0,93,49069,4985801
South Africa,Africa,2021-07-26,59000000,17,6509,0,94,49580,5035381
South Africa,Africa,2021-07-27,59000000,16,6526,0,94,64986,5100367
South Africa,Africa,2021-07-28,59000000,18,6544,0,94,59674,5160041
South Africa,Africa,2021-07-29,59000000,16,6560,0,94,57542,5217583
South Africa,Africa,2021-07-30,59000000,14,6574,0,95,49183,5266766
South Africa,Africa,2021-07-31,59000000,19,6592,0,95,58883,5325649
South Africa,Africa,2021-08-01,59000000,19,6611,0,95,61016,5386665
South Africa,Africa,2021-08-02,59000000,17,6628,0,95,58150,5444814
South Africa,Africa,2021-08-03,59000000,14,6642,0,96,61794,5506608
South Africa,Africa,2021-08-04,59000000,17,6658,0,96,52364,5558972
South Africa,Africa,2021-08-05,59000000,14,6672,0,96,62101,5621073
South Africa,Africa,2021-08-06,59000000,14,6686,0,96,65860,5686933
South Africa,Africa,2021-08-07,59000000,18,6705,0,97,51153,5738086
South Africa,Africa,2021-08-08,59000000,14,6718,0,97,61540,5799626
South Africa,Africa,2021-08-09,59000000,17,6735,0,97,64243,5863869
South Africa,Africa,2021-08-10,59000000,15,6750,0,97,57867,5921737
South Africa,Africa,2021-08-11,59000000,14,6764,0,98,63696,5985432
South Africa,Africa,2021-08-12,59000000,17,6781,0,98,55861,6041294
South Africa,Africa,2021-08-13,59000000,17,6798,0,98,56962,6098255
South Africa,Africa,2021-08-14,59000000,13,6811,0,98,67118,6165373
South Africa,Africa,2021-08-15,59000000,14,6825,0,98,54414,6219787
South Africa,Africa,2021-08-16,59000000,17,6841,0,99,54154,6273941
South Africa,Africa,2021-08-17,59000000,17,6859,0,99,61076,6335017
South Africa,Africa,2021-08-18,59000000,15,6873,0,99,54660,6389677
South Africa,Africa,2021-08-19,59000000,21,6894,0,99,63457,6453134
South Africa,Africa,2021-08-20,59000000,20,6914,0,100,57678,6510812
South Africa,Africa,2021-08-21,59000000,14,6928,0,100,59205,6570017
South Africa,Africa,2021-08-22,59000000,14,6942,0,100,69851,6639868
South Africa,Africa,2021-08-23,59000000,18,6960,0,100,54227,6694095
South Africa,Africa,2021-08-24,59000000,18,6978,0,100,62553,6756648
South Africa,Africa,2021-08-25,59000000,14,6992,0,101,54265,6810914
South Africa,Africa,2021-08-26,59000000,18,7010,0,101,54400,6865313
South Africa,Africa,2021-08-27,59000000,13,7023,0,101,64108,6929422
South Africa,Africa,2021-08-28,59000000,14,7037,0,101,55528,6984950
South Africa,Africa,2021-08-29,59000000,18,7054,0,101,52837,7037787
South Africa,Africa,2021-08-30,59000000,14,7068,0,102,65685,7103472
South Africa,Africa,2021-08-31,59000000,18,7086,0,102,57937,7161409
South Africa,Africa,2021-09-01,59000000,17,7103,0,102,59307,7220716
South Africa,Africa,2021-09-02,59000000,16,7119,0,102,54246,7274962
South Africa,Africa,2021-09-03,59000000,11,7130,0,102,57275,7332237
South Africa,Africa,2021-09-04,59000000,19,7148,0,103,55039,7387276
South Africa,Africa,2021-09-05,59000000,12,7160,0,103,69833,7457109
South Africa,Africa,2021-09-06,59000000,16,7176,0,103,60445,7517554
South Africa,Africa,2021-09-07,59000000,16,7192,0,103,61580,7579134
South Africa,Africa,2021-09-08,59000000,15,7207,0,103,59224,7638358
South Africa,Africa,2021-09-09,59000000,11,7218,0,104,58658,7697017
South Africa,Africa,2021-09-10,59000000,14,7232,0,104,69938,7766954
South Africa,Africa,2021-09-11,59000000,16,7248,0,104,62335,7829289
South Africa,Africa,2021-09-12,59000000,11,7259,0,104,69532,7898821
South Africa,Africa,2021-09-13,59000000,16,7274,0,104,66362,7965183
South Africa,Africa,2021-09-14,59000000,13,7287,0,104,55799,8020982
South Africa,Africa,2021-09-15,59000000,12,7300,0,104,60478,8081459
South Africa,Africa,2021-09-16,59000000,15,7315,0,105,58186,8139645
South Africa,Africa,2021-09-17,59000000,9,7324,0,105,54823,8194468
South Africa,Africa,2021-09-18,59000000,12,7335,0,105,68843,8263311
South Africa,Africa,2021-09-19,59000000,15,7351,0,105,72304,8335616
South Africa,Africa,2021-09-20,59000000,15,7365,0,105,72833,8408448
South Africa,Africa,2021-09-21,59000000,13,7378,0,105,60803,8469252
South Africa,Africa,2021-09-22,59000000,10,7389,0,106,68316,8537568
South Africa,Africa,2021-09-23,59000000,12,7400,0,106,64656,8602224
South Africa,Africa,2021-09-24,59000000,13,7414,0,106,61946,8664171
South Africa,Africa,2021-09-25,59000000,15,7428,0,106,59812,8723983
South Africa,Africa,2021-09-26,59000000,13,7442,0,106,69437,8793420
South Africa,Africa,2021-09-27,59000000,13,7455,0,107,55169,8848589
South Africa,Africa,2021-09-28,59000000,9,7465,0,107,72634,8921222
South Africa,Africa,2021-09-29,59000000,15,7479,0,107,58957,8980179
South Africa,Africa,2021-09-30,59000000,11,7491,0,107,63877,9044056
South Africa,Africa,2021-10-01,59000000,10,7500,0,107,63739,9107795
South Africa,Africa,2021-10-02,59000000,12,7512,0,107,58164,9165959
South Africa,Africa,2021-10-03,59000000,9,7521,0,108,69597,9235556
South Africa,Africa,2021-10-04,59000000,13,7534,0,108,61426,9296981
South Africa,Africa,2021-10-05,59000000,13,7547,0,108,57499,9354481
South Africa,Africa,2021-10-06,59000000,13,7560,0,108,56698,9411179
South Africa,Africa,2021-10-07,59000000,12,7573,0,108,55811,9466990
South Africa,Africa,2021-10-08,59000000,14,7587,0,109,72197,9539187
South Africa,Africa,2021-10-09,59000000,12,7599,0,109,62413,9601600
South Africa,Africa,2021-10-10,59000000,11,7611,0,109,66005,9667605
South Africa,Africa,2021-10-11,59000000,10,7620,0,109,66650,9734255
South Africa,Africa,2021-10-12,59000000,12,7632,0,109,56938,9791193
South Africa,Africa,2021-10-13,59000000,11,7643,0,109,60127,9851319
South Africa,Africa,2021-10-14,59000000,10,7653,0,110,56005,9907324
South Africa,Africa,2021-10-15,59000000,12,7665,0,110,62102,9969426
South Africa,Africa,2021-10-16,59000000,13,7677,0,110,58231,10027657
South Africa,Africa,2021-10-17,59000000,11,7689,0,110,69687,10097344
South Africa,Africa,2021-10-18,59000000,11,7699,0,110,66171,10163515
South Africa,Africa,2021-10-19,59000000,12,7712,0,111,73830,10237345
South Africa,Africa,2021-10-20,59000000,13,7725,0,111,67641,10304986
South Africa,Africa,2021-10-21,59000000,14,7739,0,111,62804,10367790
South Africa,Africa,2021-10-22,59000000,9,7747,0,111,63081,10430871
South Africa,Africa,2021-10-23,59000000,8,7755,0,111,70003,10500874
South Africa,Africa,2021-10-24,59000000,14,7769,0,111,56525,10557398
South Africa,Africa,2021-10-25,59000000,12,7781,0,112,61531,10618929
South Africa,Africa,2021-10-26,59000000,10,7792,0,112,56746,10675675
South Africa,Africa,2021-10-27,59000000,11,7802,0,112,65791,10741467
South Africa,Africa,2021-10-28,59000000,10,7813,0,112,71737,10813204
South Africa,Africa,2021-10-29,59000000,8,7821,0,112,56246,10869450
South Africa,Africa,2021-10-30,59000000,7,7828,0,112,56597,10926046
South Africa,Africa,2021-10-31,59000000,11,7839,0,112,65900,10991946
South Africa,Africa,2021-11-01,59000000,13,7852,0,113,63953,11055899
South Africa,Africa,2021-11-02,59000000,10,7862,0,113,69550,11125449
South Africa,Africa,2021-11-03,59000000,12,7874,0,113,69861,11195310
South Africa,Africa,2021-11-04,59000000,6,7880,0,113,69298,11264608
South Africa,Africa,2021-11-05,59000000,8,7888,0,113,61249,11325857
South Africa,Africa,2021-11-06,59000000,12,7900,0,113,70359,11396216
South Africa,Africa,2021-11-07,59000000,10,7911,0,113,69039,11465256
South Africa,Africa,2021-11-08,59000000,10,7921,0,113,64748,11530003
South Africa,Africa,2021-11-09,59000000,11,7932,0,114,72691,11602694
South Africa,Africa,2021-11-10,59000000,8,7940,0,114,66875,11669569
South Africa,Africa,2021-11-11,59000000,8,7948,0,114,68563,11738133
South Africa,Africa,2021-11-12,59000000,8,7956,0,114,65877,11804010
South Africa,Africa,2021-11-13,59000000,10,7966,0,114,62051,11866061
South Africa,Africa,2021-11-14,59000000,9,7975,0,114,69629,11935690
South Africa,Africa,2021-11-15,59000000,8,7983,0,114,69171,12004860
South Africa,Africa,2021-11-16,59000000,9,7992,0,115,72173,12077033
South Africa,Africa,2021-11-17,59000000,10,8002,0,115,65607,12142640
South Africa,Africa,2021-11-18,59000000,11,8012,0,115,71550,12214190
South Africa,Africa,2021-11-19,59000000,10,8022,0,115,64802,12278992
South Africa,Africa,2021-11-20,59000000,10,8032,0,115,66425,12345416
South Africa,Africa,2021-11-21,59000000,10,8042,0,115,64509,12409926
South Africa,Africa,2021-11-22,59000000,9,8051,0,115,56303,12466228
South Africa,Africa,2021-11-23,59000000,9,8060,0,116,58614,12524843
South Africa,Africa,2021-11-24,59000000,9,8069,0,116,58302,12583145
South Africa,Africa,2021-11-25,59000000,9,8077,0,116,73220,12656365
South Africa,Africa,2021-11-26,59000000,6,8083,0,116,57361,12713726
South Africa,Africa,2021-11-27,59000000,6,8089,0,116,72856,12786582
South Africa,Africa,2021-11-28,59000000,7,8096,0,116,68550,12855132
South Africa,Africa,2021-11-29,59000000,8,8105,0,116,72127,12927259
South Africa,Africa,2021-11-30,59000000,8,8113,0,116,56895,12984154
South Africa,Africa,2021-12-01,59000000,9,8122,0,117,62255,13046409
South Africa,Africa,2021-12-02,59000000,10,8131,0,117,72058,13118467
South Africa,Africa,2021-12-03,59000000,7,8138,0,117,63449,13181916
South Africa,Africa,2021-12-04,59000000,7,8145,0,117,74951,13256867
South Africa,Africa,2021-12-05,59000000,6,8151,0,117,58346,13315212
South Africa,Africa,2021-12-06,59000000,8,8158,0,117,56536,13371748
South Africa,Africa,2021-12-07,59000000,5,8163,0,117,61272,13433020
South Africa,Africa,2021-12-08,59000000,6,8169,0,117,63335,13496355
South Africa,Africa,2021-12-09,59000000,7,8176,0,117,58065,13554420
South Africa,Africa,2021-12-10,59000000,6,8182,0,117,65846,13620266
South Africa,Africa,2021-12-11,59000000,5,8187,0,118,56792,13677058
South Africa,Africa,2021-12-12,59000000,5,8192,0,118,64243,13741301
South Africa,Africa,2021-12-13,59000000,7,8199,0,118,70174,13811475
South Africa,Africa,2021-12-14,59000000,7,8206,0,118,70953,13882429
South Africa,Africa,2021-12-15,59000000,7,8212,0,118,63113,13945541
South Africa,Africa,2021-12-16,59000000,7,8219,0,118,65131,14010672
South Africa,Africa,2021-12-17,59000000,5,8224,0,118,65686,14076358
South Africa,Africa,2021-12-18,59000000,4,8229,0,118,63163,14139521
South Africa,Africa,2021-12-19,59000000,5,8234,0,118,73185,14212707
South Africa,Africa,2021-12-20,59000000,6,8239,0,118,62676,14275383
South Africa,Africa,2021-12-21,59000000,6,8246,0,118,70288,14345671
South Africa,Africa,2021-12-22,59000000,6,8251,0,119,70191,14415861
South Africa,Africa,2021-12-23,59000000,6,8257,0,119,68383,14484244
South Africa,Africa,2021-12-24,59000000,7,8263,0,119,64499,14548743
South Africa,Africa,2021-12-25,59000000,6,8270,0,119,62260,14611003
South Africa,Africa,2021-12-26,59000000,7,8277,0,119,62204,14673207
South Africa,Africa,2021-12-27,59000000,5,8282,0,119,69224,14742430
South Africa,Africa,2021-12-28,59000000,6,8288,0,119,69453,14811883
South Africa,Africa,2021-12-29,59000000,6,8294,0,119,75415,14887298
South Africa,Africa,2021-12-30,59000000,4,8298,0,119,69690,14956988
South Africa,Africa,2021-12-31,59000000,5,8303,0,119,59522,15016509
South Africa,Africa,2022-01-01,59000000,5,8308,0,119,69041,15085550
South Africa,Africa,2022-01-02,59000000,5,8313,0,119,73335,15158885
South Africa,Africa,2022-01-03,59000000,4,8318,0,119,57301,15216186
South Africa,Africa,2022-01-04,59000000,4,8322,0,120,59254,15275440
South Africa,Africa,2022-01-05,59000000,5,8327,0,120,60467,15335907
South Africa,Africa,2022-01-06,59000000,5,8332,0,120,67376,15403283
South Africa,Africa,2022-01-07,59000000,6,8338,0,120,69279,15472562
South Africa,Africa,2022-01-08,59000000,5,8342,0,120,73632,15546194
South Africa,Africa,2022-01-09,59000000,5,8347,0,120,66908,15613102
South Africa,Africa,2022-01-10,59000000,3,8351,0,120,61619,15674721
South Africa,Africa,2022-01-11,59000000,6,8356,0,120,68167,15742887
South Africa,Africa,2022-01-12,59000000,5,8361,0,120,58000,15800887
South Africa,Africa,2022-01-13,59000000,4,8365,0,120,72489,15873376
South Africa,Africa,2022-01-14,59000000,5,8370,0,120,59448,15932824
South Africa,Africa,2022-01-15,59000000,5,8375,0,120,71567,16004391
South Africa,Africa,2022-01-16,59000000,4,8379,0,120,59857,16064248
South Africa,Africa,2022-01-17,59000000,5,8384,0,120,58123,16122371
South Africa,Africa,2022-01-18,59000000,4,8388,0,120,61983,16184354
South Africa,Africa,2022-01-19,59000000,4,8392,0,121,67783,16252137
South Africa,Africa,2022-01-20,59000000,4,8395,0,121,56469,16308606
South Africa,Africa,2022-01-21,59000000,4,8399,0,121,58012,16366618
South Africa,Africa,2022-01-22,59000000,3,8402,0,121,58437,16425055
South Africa,Africa,2022-01-23,59000000,3,8406,0,121,69352,16494407
South Africa,Africa,2022-01-24,59000000,3,8409,0,121,72516,16566923
South Africa,Africa,2022-01-25,59000000,4,8413,0,121,64155,16631079
South Africa,Africa,2022-01-26,59000000,3,8416,0,121,57663,16688741
South Africa,Africa,2022-01-27,59000000,3,8420,0,121,69107,16757848
South Africa,Africa,2022-01-28,59000000,4,8423,0,121,57854,16815703
South Africa,Africa,2022-01-29,59000000,3,8426,0,121,68534,16884237
South Africa,Africa,2022-01-30,59000000,3,8430,0,121,69644,16953880
South Africa,Africa,2022-01-31,59000000,3,8432,0,121,56935,17010815
Australia,Oceania,2020-02-01,25000000,1,1,0,0,0,0
Australia,Oceania,2020-02-02,25000000,1,1,0,0,0,0
Australia,Oceania,2020-02-03,25000000,0,2,0,0,0,0
Australia,Oceania,2020-02-04,25000000,1,2,0,0,0,0
Australia,Oceania,2020-02-05,25000000,1,3,0,0,0,0
Australia,Oceania,2020-02-06,25000000,1,3,0,0,0,0
Australia,Oceania,2020-02-07,25000000,0,4,0,0,0,0
Australia,Oceania,2020-02-08,25000000,1,4,0,0,0,0
Australia,Oceania,2020-02-09,25000000,1,5,0,0,0,0
Australia,Oceania,2020-02-10,25000000,1,5,0,0,0,0
Australia,Oceania,2020-02-11,25000000,1,6,0,0,0,0
Australia,Oceania,2020-02-12,25000000,1,7,0,0,0,0
Australia,Oceania,2020-02-13,25000000,1,7,0,0,0,0
Australia,Oceania,2020-02-14,25000000,1,8,0,0,0,0
Australia,Oceania,2020-02-15,25000000,1,9,0,0,0,0
Australia,Oceania,2020-02-16,25000000,1,9,0,0,0,0
Australia,Oceania,2020-02-17,25000000,1,10,0,0,0,0
Australia,Oceania,2020-02-18,25000000,1,11,0,0,0,0
Australia,Oceania,2020-02-19,25000000,1,11,0,0,0,0
Australia,Oceania,2020-02-20,25000000,1,12,0,0,0,0
Australia,Oceania,2020-02-21,25000000,1,13,0,0,0,0
Australia,Oceania,2020-02-22,25000000,1,13,0,0,0,0
Australia,Oceania,2020-02-23,25000000,1,14,0,0,0,0
Australia,Oceania,2020-02-24,25000000,1,15,0,0,0,0
Australia,Oceania,2020-02-25,25000000,1,16,0,0,0,0
Australia,Oceania,2020-02-26,25000000,1,17,0,0,0,0
Australia,Oceania,2020-02-27,25000000,1,17,0,0,0,0
Australia,Oceania,2020-02-28,25000000,1,18,0,0,0,0
Australia,Oceania,2020-02-29,25000000,1,19,0,0,0,0
Australia,Oceania,2020-03-01,25000000,1,20,0,0,0,0
Australia,Oceania,2020-03-02,25000000,1,21,0,0,0,0
Australia,Oceania,2020-03-03,25000000,1,22,0,0,0,0
Australia,Oceania,2020-03-04,25000000,1,23,0,0,0,0
Australia,Oceania,2020-03-05,25000000,1,23,0,0,0,0
Australia,Oceania,2020-03-06,25000000,1,24,0,0,0,0
Australia,Oceania,2020-03-07,25000000,1,25,0,0,0,0
Australia,Oceania,2020-03-08,25000000,1,26,0,0,0,0
Australia,Oceania,2020-03-09,25000000,1,27,0,0,0,0
Australia,Oceania,2020-03-10,25000000,1,28,0,0,0,0
Australia,Oceania,2020-03-11,25000000,1,29,0,0,0,0
Australia,Oceania,2020-03-12,25000000,1,30,0,0,0,0
Australia,Oceania,2020-03-13,25000000,1,31,0,0,0,0
Australia,Oceania,2020-03-14,25000000,1,32,0,0,0,0
Australia,Oceania,2020-03-15,25000000,1,33,0,0,0,0
Australia,Oceania,2020-03-16,25000000,1,34,0,0,0,0
Australia,Oceania,2020-03-17,25000000,1,35,0,1,0,0
Australia,Oceania,2020-03-18,25000000,1,36,0,1,0,0
Australia,Oceania,2020-03-19,25000000,1,37,0,1,0,0
Australia,Oceania,2020-03-20,25000000,1,38,0,1,0,0
Australia,Oceania,2020-03-21,25000000,1,38,0,1,0,0
Australia,Oceania,2020-03-22,25000000,1,39,0,1,0,0
Australia,Oceania,2020-03-23,25000000,1,40,0,1,0,0
Australia,Oceania,2020-03-24,25000000,1,42,0,1,0,0
Australia,Oceania,2020-03-25,25000000,1,43,0,1,0,0
Australia,Oceania,2020-03-26,25000000,1,44,0,1,0,0
Australia,Oceania,2020-03-27,25000000,1,45,0,1,0,0
Australia,Oceania,2020-03-28,25000000,1,46,0,1,0,0
Australia,Oceania,2020-03-29,25000000,1,47,0,1,0,0
Australia,Oceania,2020-03-30,25000000,1,48,0,1,0,0
Australia,Oceania,2020-03-31,25000000,1,49,0,1,0,0
Australia,Oceania,2020-04-01,25000000,1,50,0,1,0,0
Australia,Oceania,2020-04-02,25000000,1,51,0,1,0,0
Australia,Oceania,2020-04-03,25000000,1,52,0,1,0,0
Australia,Oceania,2020-04-04,25000000,1,54,0,1,0,0
Australia,Oceania,2020-04-05,25000000,1,55,0,1,0,0
Australia,Oceania,2020-04-06,25000000,1,56,0,1,0,0
Australia,Oceania,2020-04-07,25000000,1,57,0,1,0,0
Australia,Oceania,2020-04-08,25000000,1,58,0,1,0,0
Australia,Oceania,2020-04-09,25000000,1,59,0,1,0,0
Australia,Oceania,2020-04-10,25000000,1,61,0,1,0,0
Australia,Oceania,2020-04-11,25000000,1,62,0,1,0,0
Australia,Oceania,2020-04-12,25000000,1,63,0,1,0,0
Australia,Oceania,2020-04-13,25000000,1,64,0,1,0,0
Australia,Oceania,2020-04-14,25000000,1,66,0,1,0,0
Australia,Oceania,2020-04-15,25000000,1,67,0,1,0,0
Australia,Oceania,2020-04-16,25000000,1,68,0,1,0,0
Australia,Oceania,2020-04-17,25000000,1,69,0,1,0,0
Australia,Oceania,2020-04-18,25000000,2,71,0,1,0,0
Australia,Oceania,2020-04-19,25000000,1,72,0,1,0,0
Australia,Oceania,2020-04-20,25000000,1,73,0,1,0,0
Australia,Oceania,2020-04-21,25000000,1,74,0,1,0,0
Australia,Oceania,2020-04-22,25000000,1,75,0,1,0,0
Australia,Oceania,2020-04-23,25000000,1,77,0,1,0,0
Australia,Oceania,2020-04-24,25000000,1,78,0,1,0,0
Australia,Oceania,2020-04-25,25000000,2,79,0,1,0,0
Australia,Oceania,2020-04-26,25000000,2,81,0,1,0,0
Australia,Oceania,2020-04-27,25000000,2,82,0,1,0,0
Australia,Oceania,2020-04-28,25000000,1,84,0,1,0,0
Australia,Oceania,2020-04-29,25000000,1,85,0,1,0,0
Australia,Oceania,2020-04-30,25000000,2,87,0,1,0,0
Australia,Oceania,2020-05-01,25000000,2,88,0,1,0,0
Australia,Oceania,2020-05-02,25000000,1,90,0,1,0,0
Australia,Oceania,2020-05-03,25000000,2,91,0,1,0,0
Australia,Oceania,2020-05-04,25000000,2,93,0,1,0,0
Australia,Oceania,2020-05-05,25000000,2,95,0,1,0,0
Australia,Oceania,2020-05-06,25000000,2,96,0,1,0,0
Australia,Oceania,2020-05-07,25000000,1,98,0,1,0,0
Australia,Oceania,2020-05-08,25000000,1,99,0,1,0,0
Australia,Oceania,2020-05-09,25000000,2,101,0,1,0,0
Australia,Oceania,2020-05-10,25000000,1,102,0,1,0,0
Australia,Oceania,2020-05-11,25000000,1,104,0,2,0,0
Australia,Oceania,2020-05-12,25000000,2,106,0,2,0,0
Australia,Oceania,2020-05-13,25000000,2,107,0,2,0,0
Australia,Oceania,2020-05-14,25000000,1,109,0,2,0,0
Australia,Oceania,2020-05-15,25000000,1,110,0,2,0,0
Australia,Oceania,2020-05-16,25000000,1,111,0,2,0,0
Australia,Oceania,2020-05-17,25000000,2,113,0,2,0,0
Australia,Oceania,2020-05-18,25000000,2,115,0,2,0,0
Australia,Oceania,2020-05-19,25000000,1,116,0,2,0,0
Australia,Oceania,2020-05-20,25000000,2,118,0,2,0,0
Australia,Oceania,2020-05-21,25000000,2,120,0,2,0,0
Australia,Oceania,2020-05-22,25000000,1,121,0,2,0,0
Australia,Oceania,2020-05-23,25000000,1,122,0,2,0,0
Australia,Oceania,2020-05-24,25000000,1,123,0,2,0,0
Australia,Oceania,2020-05-25,25000000,2,126,0,2,0,0
Australia,Oceania,2020-05-26,25000000,2,127,0,2,0,0
Australia,Oceania,2020-05-27,25000000,1,129,0,2,0,0
Australia,Oceania,2020-05-28,25000000,2,131,0,2,0,0
Australia,Oceania,2020-05-29,25000000,2,133,0,2,0,0
Australia,Oceania,2020-05-30,25000000,2,135,0,2,0,0
Australia,Oceania,2020-05-31,25000000,2,137,0,2,0,0
Australia,Oceania,2020-06-01,25000000,2,138,0,2,0,0
Australia,Oceania,2020-06-02,25000000,2,140,0,2,0,0
Australia,Oceania,2020-06-03,25000000,2,142,0,2,0,0
Australia,Oceania,2020-06-04,25000000,2,143,0,2,0,0
Australia,Oceania,2020-06-05,25000000,2,145,0,2,0,0
Australia,Oceania,2020-06-06,25000000,2,147,0,2,0,0
Australia,Oceania,2020-06-07,25000000,2,148,0,2,0,0
Australia,Oceania,2020-06-08,25000000,2,150,0,2,0,0
Australia,Oceania,2020-06-09,25000000,2,152,0,2,0,0
Australia,Oceania,2020-06-10,25000000,2,154,0,2,0,0
Australia,Oceania,2020-06-11,25000000,2,156,0,2,0,0
Australia,Oceania,2020-06-12,25000000,2,158,0,2,0,0
Australia,Oceania,2020-06-13,25000000,2,159,0,2,0,0
Australia,Oceania,2020-06-14,25000000,2,161,0,2,0,0
Australia,Oceania,2020-06-15,25000000,2,163,0,2,0,0
Australia,Oceania,2020-06-16,25000000,2,165,0,2,0,0
Australia,Oceania,2020-06-17,25000000,2,167,0,2,0,0
Australia,Oceania,2020-06-18,25000000,2,169,0,2,0,0
Australia,Oceania,2020-06-19,25000000,1,170,0,3,0,0
Australia,Oceania,2020-06-20,25000000,2,173,0,3,0,0
Australia,Oceania,2020-06-21,25000000,2,175,0,3,0,0
Australia,Oceania,2020-06-22,25000000,2,177,0,3,0,0
Australia,Oceania,2020-06-23,25000000,2,179,0,3,0,0
Australia,Oceania,2020-06-24,25000000,2,181,0,3,0,0
Australia,Oceania,2020-06-25,25000000,2,183,0,3,0,0
Australia,Oceania,2020-06-26,25000000,2,185,0,3,0,0
Australia,Oceania,2020-06-27,25000000,2,187,0,3,0,0
Australia,Oceania,2020-06-28,25000000,2,189,0,3,0,0
Australia,Oceania,2020-06-29,25000000,2,191,0,3,0,0
Australia,Oceania,2020-06-30,25000000,1,192,0,3,0,0
Australia,Oceania,2020-07-01,25000000,2,194,0,3,0,0
Australia,Oceania,2020-07-02,25000000,2,197,0,3,0,0
Australia,Oceania,2020-07-03,25000000,1,198,0,3,0,0
Australia,Oceania,2020-07-04,25000000,2,200,0,3,0,0
Australia,Oceania,2020-07-05,25000000,2,202,0,3,0,0
Australia,Oceania,2020-07-06,25000000,1,203,0,3,0,0
Australia,Oceania,2020-07-07,25000000,2,205,0,3,0,0
Australia,Oceania,2020-07-08,25000000,2,206,0,3,0,0
Australia,Oceania,2020-07-09,25000000,2,209,0,3,0,0
Australia,Oceania,2020-07-10,25000000,2,211,0,3,0,0
Australia,Oceania,2020-07-11,25000000,2,213,0,3,0,0
Australia,Oceania,2020-07-12,25000000,2,215,0,3,0,0
Australia,Oceania,2020-07-13,25000000,2,217,0,3,0,0
Australia,Oceania,2020-07-14,25000000,1,219,0,3,0,0
Australia,Oceania,2020-07-15,25000000,2,221,0,3,0,0
Australia,Oceania,2020-07-16,25000000,2,223,0,3,0,0
Australia,Oceania,2020-07-17,25000000,2,225,0,3,0,0
Australia,Oceania,2020-07-18,25000000,2,227,0,3,0,0
Australia,Oceania,2020-07-19,25000000,2,229,0,3,0,0
Australia,Oceania,2020-07-20,25000000,2,231,0,3,0,0
Australia,Oceania,2020-07-21,25000000,2,233,0,3,0,0
Australia,Oceania,2020-07-22,25000000,2,235,0,3,0,0
Australia,Oceania,2020-07-23,25000000,3,238,0,3,0,0
Australia,Oceania,2020-07-24,25000000,2,240,0,4,0,0
Australia,Oceania,2020-07-25,25000000,1,241,0,4,0,0
Australia,Oceania,2020-07-26,25000000,2,243,0,4,0,0
Australia,Oceania,2020-07-27,25000000,2,245,0,4,0,0
Australia,Oceania,2020-07-28,25000000,2,247,0,4,0,0
Australia,Oceania,2020-07-29,25000000,2,250,0,4,0,0
Australia,Oceania,2020-07-30,25000000,2,251,0,4,0,0
Australia,Oceania,2020-07-31,25000000,2,254,0,4,0,0
Australia,Oceania,2020-08-01,25000000,2,256,0,4,0,0
Australia,Oceania,2020-08-02,25000000,2,258,0,4,0,0
Australia,Oceania,2020-08-03,25000000,2,260,0,4,0,0
Australia,Oceania,2020-08-04,25000000,2,262,0,4,0,0
Australia,Oceania,2020-08-05,25000000,2,264,0,4,0,0
Australia,Oceania,2020-08-06,25000000,2,266,0,4,0,0
Australia,Oceania,2020-08-07,25000000,2,268,0,4,0,0
Australia,Oceania,2020-08-08,25000000,2,270,0,4,0,0
Australia,Oceania,2020-08-09,25000000,2,272,0,4,0,0
Australia,Oceania,2020-08-10,25000000,2,274,0,4,0,0
Australia,Oceania,2020-08-11,25000000,2,276,0,4,0,0
Australia,Oceania,2020-08-12,25000000,2,278,0,4,0,0
Australia,Oceania,2020-08-13,25000000,2,280,0,4,0,0
Australia,Oceania,2020-08-14,25000000,1,281,0,4,0,0
Australia,Oceania,2020-08-15,25000000,2,283,0,4,0,0
Australia,Oceania,2020-08-16,25000000,2,286,0,4,0,0
Australia,Oceania,2020-08-17,25000000,2,288,0,4,0,0
Australia,Oceania,2020-08-18,25000000,2,289,0,4,0,0
Australia,Oceania,2020-08-19,25000000,2,291,0,4,0,0
Australia,Oceania,2020-08-20,25000000,2,293,0,4,0,0
Australia,Oceania,2020-08-21,25000000,2,295,0,4,0,0
Australia,Oceania,2020-08-22,25000000,2,297,0,4,0,0
Australia,Oceania,2020-08-23,25000000,2,298,0,4,0,0
Australia,Oceania,2020-08-24,25000000,2,300,0,4,0,0
Australia,Oceania,2020-08-25,25000000,2,303,0,4,0,0
Australia,Oceania,2020-08-26,25000000,3,305,0,5,0,0
Australia,Oceania,2020-08-27,25000000,2,307,0,5,0,0
Australia,Oceania,2020-08-28,25000000,2,310,0,5,0,0
Australia,Oceania,2020-08-29,25000000,2,312,0,5,0,0
Australia,Oceania,2020-08-30,25000000,2,314,0,5,0,0
Australia,Oceania,2020-08-31,25000000,2,316,0,5,0,0
Australia,Oceania,2020-09-01,25000000,2,318,0,5,0,0
Australia,Oceania,2020-09-02,25000000,2,320,0,5,0,0
Australia,Oceania,2020-09-03,25000000,2,322,0,5,0,0
Australia,Oceania,2020-09-04,25000000,2,325,0,5,0,0
Australia,Oceania,2020-09-05,25000000,2,327,0,5,0,0
Australia,Oceania,2020-09-06,25000000,2,329,0,5,0,0
Australia,Oceania,2020-09-07,25000000,3,331,0,5,0,0
Australia,Oceania,2020-09-08,25000000,2,333,0,5,0,0
Australia,Oceania,2020-09-09,25000000,2,336,0,5,0,0
Australia,Oceania,2020-09-10,25000000,2,338,0,5,0,0
Australia,Oceania,2020-09-11,25000000,2,340,0,5,0,0
Australia,Oceania,2020-09-12,25000000,2,342,0,5,0,0
Australia,Oceania,2020-09-13,25000000,2,344,0,5,0,0
Australia,Oceania,2020-09-14,25000000,2,346,0,5,0,0
Australia,Oceania,2020-09-15,25000000,2,348,0,5,0,0
Australia,Oceania,2020-09-16,25000000,2,350,0,5,0,0
Australia,Oceania,2020-09-17,25000000,2,353,0,5,0,0
Australia,Oceania,2020-09-18,25000000,2,355,0,5,0,0
Australia,Oceania,2020-09-19,25000000,2,358,0,5,0,0
Australia,Oceania,2020-09-20,25000000,2,360,0,5,0,0
Australia,Oceania,2020-09-21,25000000,2,362,0,5,0,0
Australia,Oceania,2020-09-22,25000000,3,365,0,5,0,0
Australia,Oceania,2020-09-23,25000000,2,367,0,5,0,0
Australia,Oceania,2020-09-24,25000000,2,369,0,5,0,0
Australia,Oceania,2020-09-25,25000000,2,372,0,5,0,0
Australia,Oceania,2020-09-26,25000000,3,374,0,6,0,0
Australia,Oceania,2020-09-27,25000000,2,376,0,6,0,0
Australia,Oceania,2020-09-28,25000000,3,379,0,6,0,0
Australia,Oceania,2020-09-29,25000000,2,381,0,6,0,0
Australia,Oceania,2020-09-30,25000000,2,383,0,6,0,0
Australia,Oceania,2020-10-01,25000000,2,385,0,6,0,0
Australia,Oceania,2020-10-02,25000000,2,387,0,6,0,0
Australia,Oceania,2020-10-03,25000000,2,389,0,6,0,0
Australia,Oceania,2020-10-04,25000000,2,391,0,6,0,0
Australia,Oceania,2020-10-05,25000000,2,393,0,6,0,0
Australia,Oceania,2020-10-06,25000000,2,395,0,6,0,0
Australia,Oceania,2020-10-07,25000000,2,397,0,6,0,0
Australia,Oceania,2020-10-08,25000000,2,400,0,6,0,0
Australia,Oceania,2020-10-09,25000000,2,402,0,6,0,0
Australia,Oceania,2020-10-10,25000000,2,404,0,6,0,0
Australia,Oceania,2020-10-11,25000000,2,406,0,6,0,0
Australia,Oceania,2020-10-12,25000000,3,408,0,6,0,0
Australia,Oceania,2020-10-13,25000000,3,411,0,6,0,0
Australia,Oceania,2020-10-14,25000000,2,413,0,6,0,0
Australia,Oceania,2020-10-15,25000000,2,415,0,6,0,0
Australia,Oceania,2020-10-16,25000000,2,417,0,6,0,0
Australia,Oceania,2020-10-17,25000000,3,419,0,6,0,0
Australia,Oceania,2020-10-18,25000000,2,421,0,6,0,0
Australia,Oceania,2020-10-19,25000000,2,423,0,6,0,0
Australia,Oceania,2020-10-20,25000000,2,425,0,6,0,0
Australia,Oceania,2020-10-21,25000000,2,428,0,6,0,0
Australia,Oceania,2020-10-22,25000000,3,430,0,6,0,0
Australia,Oceania,2020-10-23,25000000,2,433,0,6,0,0
Australia,Oceania,2020-10-24,25000000,3,435,0,6,0,0
Australia,Oceania,2020-10-25,25000000,3,438,0,6,0,0
Australia,Oceania,2020-10-26,25000000,2,440,0,6,0,0
Australia,Oceania,2020-10-27,25000000,2,442,0,7,0,0
Australia,Oceania,2020-10-28,25000000,3,445,0,7,0,0
Australia,Oceania,2020-10-29,25000000,2,448,0,7,0,0
Australia,Oceania,2020-10-30,25000000,2,450,0,7,0,0
Australia,Oceania,2020-10-31,25000000,2,452,0,7,0,0
Australia,Oceania,2020-11-01,25000000,2,455,0,7,0,0
Australia,Oceania,2020-11-02,25000000,2,457,0,7,0,0
Australia,Oceania,2020-11-03,25000000,3,460,0,7,0,0
Australia,Oceania,2020-11-04,25000000,3,462,0,7,0,0
Australia,Oceania,2020-11-05,25000000,2,465,0,7,0,0
Australia,Oceania,2020-11-06,25000000,3,467,0,7,0,0
Australia,Oceania,2020-11-07,25000000,2,469,0,7,0,0
Australia,Oceania,2020-11-08,25000000,2,472,0,7,0,0
Australia,Oceania,2020-11-09,25000000,2,474,0,7,0,0
Australia,Oceania,2020-11-10,25000000,3,477,0,7,0,0
Australia,Oceania,2020-11-11,25000000,2,479,0,7,0,0
Australia,Oceania,2020-11-12,25000000,2,481,0,7,0,0
Australia,Oceania,2020-11-13,25000000,2,484,0,7,0,0
Australia,Oceania,2020-11-14,25000000,2,486,0,7,0,0
Australia,Oceania,2020-11-15,25000000,3,489,0,7,0,0
Australia,Oceania,2020-11-16,25000000,3,492,0,7,0,0
Australia,Oceania,2020-11-17,25000000,2,494,0,7,0,0
Australia,Oceania,2020-11-18,25000000,2,496,0,7,0,0
Australia,Oceania,2020-11-19,25000000,3,498,0,7,0,0
Australia,Oceania,2020-11-20,25000000,2,500,0,7,0,0
Australia,Oceania,2020-11-21,25000000,2,503,0,7,0,0
Australia,Oceania,2020-11-22,25000000,2,505,0,7,0,0
Australia,Oceania,2020-11-23,25000000,3,508,0,7,0,0
Australia,Oceania,2020-11-24,25000000,3,511,0,7,0,0
Australia,Oceania,2020-11-25,25000000,3,514,0,8,0,0
Australia,Oceania,2020-11-26,25000000,3,516,0,8,0,0
Australia,Oceania,2020-11-27,25000000,3,519,0,8,0,0
Australia,Oceania,2020-11-28,25000000,3,522,0,8,0,0
Australia,Oceania,2020-11-29,25000000,3,524,0,8,0,0
Australia,Oceania,2020-11-30,25000000,3,527,0,8,0,0
Australia,Oceania,2020-12-01,25000000,3,530,0,8,0,0
Australia,Oceania,2020-12-02,25000000,2,532,0,8,0,0
Australia,Oceania,2020-12-03,25000000,2,535,0,8,0,0
Australia,Oceania,2020-12-04,25000000,2,537,0,8,0,0
Australia,Oceania,2020-12-05,25000000,3,540,0,8,0,0
Australia,Oceania,2020-12-06,25000000,2,542,0,8,0,0
Australia,Oceania,2020-12-07,25000000,2,544,0,8,0,0
Australia,Oceania,2020-12-08,25000000,2,546,0,8,0,0
Australia,Oceania,2020-12-09,25000000,2,548,0,8,0,0
Australia,Oceania,2020-12-10,25000000,2,551,0,8,0,0
Australia,Oceania,2020-12-11,25000000,3,554,0,8,0,0
Australia,Oceania,2020-12-12,25000000,3,557,0,8,0,0
Australia,Oceania,2020-12-13,25000000,3,559,0,8,0,0
Australia,Oceania,2020-12-14,25000000,2,562,0,8,0,0
Australia,Oceania,2020-12-15,25000000,2,564,0,8,0,0
Australia,Oceania,2020-12-16,25000000,3,567,0,8,0,0
Australia,Oceania,2020-12-17,25000000,3,569,0,8,0,0
Australia,Oceania,2020-12-18,25000000,3,572,0,8,0,0
Australia,Oceania,2020-12-19,25000000,2,574,0,8,0,0
Australia,Oceania,2020-12-20,25000000,3,577,0,8,0,0
Australia,Oceania,2020-12-21,25000000,3,579,0,8,0,0
Australia,Oceania,2020-12-22,25000000,2,581,0,8,0,0
Australia,Oceania,2020-12-23,25000000,2,583,0,8,0,0
Australia,Oceania,2020-12-24,25000000,2,586,0,8,0,0
Australia,Oceania,2020-12-25,25000000,3,588,0,8,0,0
Australia,Oceania,2020-12-26,25000000,2,591,0,8,0,0
Australia,Oceania,2020-12-27,25000000,3,593,0,9,0,0
Australia,Oceania,2020-12-28,25000000,2,595,0,9,0,0
Australia,Oceania,2020-12-29,25000000,2,597,0,9,0,0
Australia,Oceania,2020-12-30,25000000,3,600,0,9,0,0
Australia,Oceania,2020-12-31,25000000,3,602,0,9,0,0
Australia,Oceania,2021-01-01,25000000,3,605,0,9,0,0
Australia,Oceania,2021-01-02,25000000,3,608,0,9,0,0
Australia,Oceania,2021-01-03,25000000,2,610,0,9,0,0
Australia,Oceania,2021-01-04,25000000,2,613,0,9,0,0
Australia,Oceania,2021-01-05,25000000,2,615,0,9,0,0
Australia,Oceania,2021-01-06,25000000,2,617,0,9,0,0
Australia,Oceania,2021-01-07,25000000,3,620,0,9,0,0
Australia,Oceania,2021-01-08,25000000,3,622,0,9,0,0
Australia,Oceania,2021-01-09,25000000,3,625,0,9,0,0
Australia,Oceania,2021-01-10,25000000,3,628,0,9,0,0
Australia,Oceania,2021-01-11,25000000,3,631,0,9,0,0
Australia,Oceania,2021-01-12,25000000,3,633,0,9,0,0
Australia,Oceania,2021-01-13,25000000,2,636,0,9,0,0
Australia,Oceania,2021-01-14,25000000,2,638,0,9,0,0
Australia,Oceania,2021-01-15,25000000,3,641,0,9,596,596
Australia,Oceania,2021-01-16,25000000,3,644,0,9,524,1119
Australia,Oceania,2021-01-17,25000000,2,646,0,9,559,1678
Australia,Oceania,2021-01-18,25000000,3,649,0,9,525,2203
Australia,Oceania,2021-01-19,25000000,3,652,0,9,604,2807
Australia,Oceania,2021-01-20,25000000,3,655,0,9,618,3425
Australia,Oceania,2021-01-21,25000000,2,657,0,9,593,4018
Australia,Oceania,2021-01-22,25000000,2,659,0,9,741,4759
Australia,Oceania,2021-01-23,25000000,3,661,0,9,677,5435
Australia,Oceania,2021-01-24,25000000,3,664,0,9,661,6097
Australia,Oceania,2021-01-25,25000000,3,667,0,10,748,6845
Australia,Oceania,2021-01-26,25000000,2,669,0,10,764,7609
Australia,Oceania,2021-01-27,25000000,3,672,0,10,685,8294
Australia,Oceania,2021-01-28,25000000,3,675,0,10,864,9159
Australia,Oceania,2021-01-29,25000000,3,679,0,10,737,9896
Australia,Oceania,2021-01-30,25000000,3,681,0,10,754,10649
Australia,Oceania,2021-01-31,25000000,2,684,0,10,763,11413
Australia,Oceania,2021-02-01,25000000,2,686,0,10,838,12250
Australia,Oceania,2021-02-02,25000000,2,688,0,10,943,13194
Australia,Oceania,2021-02-03,25000000,3,691,0,10,858,14052
Australia,Oceania,2021-02-04,25000000,3,694,0,10,898,14950
Australia,Oceania,2021-02-05,25000000,3,696,0,10,896,15846
Australia,Oceania,2021-02-06,25000000,2,699,0,10,966,16812
Australia,Oceania,2021-02-07,25000000,3,701,0,10,909,17720
Australia,Oceania,2021-02-08,25000000,3,704,0,10,1051,18771
Australia,Oceania,2021-02-09,25000000,3,707,0,10,1170,19941
Australia,Oceania,2021-02-10,25000000,2,709,0,10,1195,21136
Australia,Oceania,2021-02-11,25000000,3,712,0,10,1013,22149
Australia,Oceania,2021-02-12,25000000,2,714,0,10,1040,23189
Australia,Oceania,2021-02-13,25000000,3,716,0,10,965,24155
Australia,Oceania,2021-02-14,25000000,3,720,0,10,1311,25466
Australia,Oceania,2021-02-15,25000000,2,722,0,10,1328,26794
Australia,Oceania,2021-02-16,25000000,2,724,0,10,1064,27858
Australia,Oceania,2021-02-17,25000000,3,727,0,10,1172,29030
Australia,Oceania,2021-02-18,25000000,2,729,0,10,1437,30467
Australia,Oceania,2021-02-19,25000000,3,732,0,10,1458,31924
Australia,Oceania,2021-02-20,25000000,2,734,0,10,1307,33232
Australia,Oceania,2021-02-21,25000000,2,737,0,10,1432,34664
Australia,Oceania,2021-02-22,25000000,2,739,0,10,1395,36059
Australia,Oceania,2021-02-23,25000000,2,741,0,11,1392,37450
Australia,Oceania,2021-02-24,25000000,2,744,0,11,1614,39065
Australia,Oceania,2021-02-25,25000000,3,746,0,11,1251,40315
Australia,Oceania,2021-02-26,25000000,3,750,0,11,1717,42032
Australia,Oceania,2021-02-27,25000000,3,753,0,11,1328,43360
Australia,Oceania,2021-02-28,25000000,3,755,0,11,1518,44878
Australia,Oceania,2021-03-01,25000000,3,758,0,11,1578,46456
Australia,Oceania,2021-03-02,25000000,2,761,0,11,1404,47860
Australia,Oceania,2021-03-03,25000000,2,763,0,11,1479,49339
Australia,Oceania,2021-03-04,25000000,3,765,0,11,1897,51236
Australia,Oceania,2021-03-05,25000000,3,768,0,11,1870,53107
Australia,Oceania,2021-03-06,25000000,3,771,0,11,2038,55145
Australia,Oceania,2021-03-07,25000000,3,774,0,11,1670,56815
Australia,Oceania,2021-03-08,25000000,2,776,0,11,1887,58702
Australia,Oceania,2021-03-09,25000000,2,778,0,11,1841,60543
Australia,Oceania,2021-03-10,25000000,3,781,0,11,2012,62555
Australia,Oceania,2021-03-11,25000000,3,783,0,11,2134,64689
Australia,Oceania,2021-03-12,25000000,2,785,0,11,2156,66845
Australia,Oceania,2021-03-13,25000000,3,788,0,11,2365,69210
Australia,Oceania,2021-03-14,25000000,3,791,0,11,1881,71091
Australia,Oceania,2021-03-15,25000000,3,794,0,11,2197,73288
Australia,Oceania,2021-03-16,25000000,3,797,0,11,2334,75622
Australia,Oceania,2021-03-17,25000000,2,800,0,11,2073,77695
Australia,Oceania,2021-03-18,25000000,3,802,0,11,2048,79743
Australia,Oceania,2021-03-19,25000000,3,806,0,12,2393,82136
Australia,Oceania,2021-03-20,25000000,3,808,0,12,2258,84394
Australia,Oceania,2021-03-21,25000000,3,812,0,12,2765,87159
Australia,Oceania,2021-03-22,25000000,3,815,0,12,2119,89279
Australia,Oceania,2021-03-23,25000000,3,817,0,12,2856,92135
Australia,Oceania,2021-03-24,25000000,3,820,0,12,2405,94540
Australia,Oceania,2021-03-25,25000000,3,822,0,12,2904,97444
Australia,Oceania,2021-03-26,25000000,3,825,0,12,3050,100494
Australia,Oceania,2021-03-27,25000000,3,828,0,12,2838,103332
Australia,Oceania,2021-03-28,25000000,2,831,0,12,2898,106230
Australia,Oceania,2021-03-29,25000000,4,834,0,12,3075,109305
Australia,Oceania,2021-03-30,25000000,3,837,0,12,2958,112263
Australia,Oceania,2021-03-31,25000000,2,840,0,12,3380,115642
Australia,Oceania,2021-04-01,25000000,3,842,0,12,3306,118949
Australia,Oceania,2021-04-02,25000000,2,845,0,12,3417,122366
Australia,Oceania,2021-04-03,25000000,2,847,0,12,3439,125805
Australia,Oceania,2021-04-04,25000000,3,850,0,12,3357,129162
Australia,Oceania,2021-04-05,25000000,2,852,0,12,2805,131967
Australia,Oceania,2021-04-06,25000000,2,854,0,12,3099,135066
Australia,Oceania,2021-04-07,25000000,3,857,0,12,3382,138448
Australia,Oceania,2021-04-08,25000000,2,860,0,12,3490,141938
Australia,Oceania,2021-04-09,25000000,3,863,0,12,2962,144900
Australia,Oceania,2021-04-10,25000000,2,865,0,12,3579,148479
Australia,Oceania,2021-04-11,25000000,3,868,0,12,3539,152017
Australia,Oceania,2021-04-12,25000000,2,869,0,12,3973,155990
Australia,Oceania,2021-04-13,25000000,3,872,0,13,3827,159817
Australia,Oceania,2021-04-14,25000000,2,875,0,13,4090,163907
Australia,Oceania,2021-04-15,25000000,2,877,0,13,3850,167757
Australia,Oceania,2021-04-16,25000000,2,879,0,13,4166,171922
Australia,Oceania,2021-04-17,25000000,2,881,0,13,3733,175655
Australia,Oceania,2021-04-18,25000000,3,885,0,13,3857,179512
Australia,Oceania,2021-04-19,25000000,2,887,0,13,3953,183465
Australia,Oceania,2021-04-20,25000000,3,890,0,13,4087,187552
Australia,Oceania,2021-04-21,25000000,3,893,0,13,4483,192035
Australia,Oceania,2021-04-22,25000000,3,896,0,13,4371,196406
Australia,Oceania,2021-04-23,25000000,1,897,0,13,4316,200722
Australia,Oceania,2021-04-24,25000000,3,900,0,13,4687,205409
Australia,Oceania,2021-04-25,25000000,3,902,0,13,4904,210313
Australia,Oceania,2021-04-26,25000000,2,904,0,13,3949,214262
Australia,Oceania,2021-04-27,25000000,3,907,0,13,4786,219048
Australia,Oceania,2021-04-28,25000000,3,910,0,13,4346,223394
Australia,Oceania,2021-04-29,25000000,3,913,0,13,4847,228241
Australia,Oceania,2021-04-30,25000000,2,915,0,13,4545,232786
Australia,Oceania,2021-05-01,25000000,3,918,0,13,4801,237587
Australia,Oceania,2021-05-02,25000000,2,920,0,13,4644,242230
Australia,Oceania,2021-05-03,25000000,3,923,0,13,5525,247755
Australia,Oceania,2021-05-04,25000000,3,926,0,13,5353,253108
Australia,Oceania,2021-05-05,25000000,3,928,0,13,5095,258203
Australia,Oceania,2021-05-06,25000000,3,932,0,13,5177,263379
Australia,Oceania,2021-05-07,25000000,3,934,0,13,4713,268092
Australia,Oceania,2021-05-08,25000000,2,937,0,13,4729,272821
Australia,Oceania,2021-05-09,25000000,3,940,0,13,4924,277745
Australia,Oceania,2021-05-10,25000000,3,943,0,14,6464,284209
Australia,Oceania,2021-05-11,25000000,3,945,0,14,5151,289359
Australia,Oceania,2021-05-12,25000000,2,947,0,14,5324,294684
Australia,Oceania,2021-05-13,25000000,3,950,0,14,5398,300081
Australia,Oceania,2021-05-14,25000000,3,953,0,14,6662,306743
Australia,Oceania,2021-05-15,25000000,4,957,0,14,5883,312626
Australia,Oceania,2021-05-16,25000000,2,959,0,14,5866,318492
Australia,Oceania,2021-05-17,25000000,3,962,0,14,6555,325047
Australia,Oceania,2021-05-18,25000000,3,965,0,14,5794,330841
Australia,Oceania,2021-05-19,25000000,3,969,0,14,5373,336214
Australia,Oceania,2021-05-20,25000000,3,972,0,14,6691,342905
Australia,Oceania,2021-05-21,25000000,3,975,0,14,6181,349086
Australia,Oceania,2021-05-22,25000000,3,978,0,14,6996,356082
Australia,Oceania,2021-05-23,25000000,2,980,0,14,6701,362783
Australia,Oceania,2021-05-24,25000000,3,984,0,14,6100,368883
Australia,Oceania,2021-05-25,25000000,3,987,0,14,6771,375654
Australia,Oceania,2021-05-26,25000000,3,990,0,14,7334,382988
Australia,Oceania,2021-05-27,25000000,2,992,0,14,7042,390030
Australia,Oceania,2021-05-28,25000000,3,995,0,14,6325,396354
Australia,Oceania,2021-05-29,25000000,2,997,0,14,7578,403933
Australia,Oceania,2021-05-30,25000000,4,1001,0,14,6068,410001
Australia,Oceania,2021-05-31,25000000,3,1004,0,14,7175,417176
Australia,Oceania,2021-06-01,25000000,3,1007,0,14,6319,423494
Australia,Oceania,2021-06-02,25000000,3,1010,0,15,6489,429983
Australia,Oceania,2021-06-03,25000000,3,1013,0,15,6701,436685
Australia,Oceania,2021-06-04,25000000,3,1016,0,15,7972,444657
Australia,Oceania,2021-06-05,25000000,3,1019,0,15,7746,452403
Australia,Oceania,2021-06-06,25000000,3,1022,0,15,7507,459909
Australia,Oceania,2021-06-07,25000000,3,1025,0,15,6972,466881
Australia,Oceania,2021-06-08,25000000,3,1028,0,15,7111,473992
Australia,Oceania,2021-06-09,25000000,3,1031,0,15,7793,481785
Australia,Oceania,2021-06-10,25000000,3,1034,0,15,8441,490226
Australia,Oceania,2021-06-11,25000000,4,1037,0,15,8914,499140
Australia,Oceania,2021-06-12,25000000,4,1041,0,15,7190,506330
Australia,Oceania,2021-06-13,25000000,3,1044,0,15,7044,513374
Australia,Oceania,2021-06-14,25000000,3,1047,0,15,7981,521355
Australia,Oceania,2021-06-15,25000000,2,1049,0,15,8692,530047
Australia,Oceania,2021-06-16,25000000,4,1053,0,15,7928,537975
Australia,Oceania,2021-06-17,25000000,3,1056,0,15,8048,546024
Australia,Oceania,2021-06-18,25000000,3,1059,0,15,7343,553367
Australia,Oceania,2021-06-19,25000000,4,1063,0,15,8141,561508
Australia,Oceania,2021-06-20,25000000,3,1066,0,15,7991,569499
Australia,Oceania,2021-06-21,25000000,3,1069,0,15,9362,578861
Australia,Oceania,2021-06-22,25000000,3,1072,0,15,9457,588318
Australia,Oceania,2021-06-23,25000000,4,1075,0,15,8164,596482
Australia,Oceania,2021-06-24,25000000,3,1079,0,16,9174,605656
Australia,Oceania,2021-06-25,25000000,3,1081,0,16,7772,613428
Australia,Oceania,2021-06-26,25000000,3,1084,0,16,9126,622554
Australia,Oceania,2021-06-27,25000000,3,1088,0,16,7960,630514
Australia,Oceania,2021-06-28,25000000,2,1090,0,16,10063,640577
Australia,Oceania,2021-06-29,25000000,3,1093,0,16,9014,649592
Australia,Oceania,2021-06-30,25000000,3,1096,0,16,10026,659618
Australia,Oceania,2021-07-01,25000000,3,1099,0,16,8195,667813
Australia,Oceania,2021-07-02,25000000,3,1102,0,16,8510,676323
Australia,Oceania,2021-07-03,25000000,2,1104,0,16,9789,686112
Australia,Oceania,2021-07-04,25000000,3,1107,0,16,9246,695358
Australia,Oceania,2021-07-05,25000000,3,1110,0,16,8185,703543
Australia,Oceania,2021-07-06,25000000,4,1114,0,16,8369,711912
Australia,Oceania,2021-07-07,25000000,4,1118,0,16,10482,722393
Australia,Oceania,2021-07-08,25000000,3,1121,0,16,9809,732202
Australia,Oceania,2021-07-09,25000000,3,1124,0,16,9372,741574
Australia,Oceania,2021-07-10,25000000,3,1127,0,16,10936,752510
Australia,Oceania,2021-07-11,25000000,4,1131,0,16,8979,761489
Australia,Oceania,2021-07-12,25000000,3,1134,0,16,9729,771218
Australia,Oceania,2021-07-13,25000000,3,1137,0,16,9503,780720
Australia,Oceania,2021-07-14,25000000,3,1140,0,16,8533,789253
Australia,Oceania,2021-07-15,25000000,3,1144,0,16,9587,798840
Australia,Oceania,2021-07-16,25000000,3,1146,0,16,10455,809295
Australia,Oceania,2021-07-17,25000000,3,1149,0,16,10242,819536
Australia,Oceania,2021-07-18,25000000,3,1152,0,16,10341,829878
Australia,Oceania,2021-07-19,25000000,4,1156,0,17,9806,839683
Australia,Oceania,2021-07-20,25000000,3,1159,0,17,10227,849911
Australia,Oceania,2021-07-21,25000000,2,1161,0,17,8959,858870
Australia,Oceania,2021-07-22,25000000,3,1164,0,17,8946,867816
Australia,Oceania,2021-07-23,25000000,3,1167,0,17,11177,878993
Australia,Oceania,2021-07-24,25000000,2,1169,0,17,10029,889022
Australia,Oceania,2021-07-25,25000000,3,1172,0,17,10878,899899
Australia,Oceania,2021-07-26,25000000,3,1175,0,17,10198,910098
Australia,Oceania,2021-07-27,25000000,3,1179,0,17,10139,920237
Australia,Oceania,2021-07-28,25000000,3,1181,0,17,10967,931203
Australia,Oceania,2021-07-29,25000000,2,1183,0,17,10022,941225
Australia,Oceania,2021-07-30,25000000,2,1185,0,17,10293,951518
Australia,Oceania,2021-07-31,25000000,2,1188,0,17,11089,962607
Australia,Oceania,2021-08-01,25000000,3,1191,0,17,10933,973541
Australia,Oceania,2021-08-02,25000000,3,1194,0,17,9457,982998
Australia,Oceania,2021-08-03,25000000,3,1197,0,17,10308,993306
Australia,Oceania,2021-08-04,25000000,3,1200,0,17,10669,1003975
Australia,Oceania,2021-08-05,25000000,2,1202,0,17,12147,1016122
Australia,Oceania,2021-08-06,25000000,3,1205,0,17,9995,1026117
Australia,Oceania,2021-08-07,25000000,2,1208,0,17,9409,1035526
Australia,Oceania,2021-08-08,25000000,2,1210,0,17,10287,1045812
Australia,Oceania,2021-08-09,25000000,3,1213,0,17,10808,1056620
Australia,Oceania,2021-08-10,25000000,4,1217,0,17,11172,1067792
Australia,Oceania,2021-08-11,25000000,3,1220,0,17,9240,1077032
Australia,Oceania,2021-08-12,25000000,3,1222,0,17,11085,1088117
Australia,Oceania,2021-08-13,25000000,3,1225,0,18,11219,1099335
Australia,Oceania,2021-08-14,25000000,3,1228,0,18,10917,1110253
Australia,Oceania,2021-08-15,25000000,3,1230,0,18,11915,1122168
Australia,Oceania,2021-08-16,25000000,3,1233,0,18,9957,1132125
Australia,Oceania,2021-08-17,25000000,3,1236,0,18,9548,1141673
Australia,Oceania,2021-08-18,25000000,3,1239,0,18,11299,1152971
Australia,Oceania,2021-08-19,25000000,3,1242,0,18,9411,1162383
Australia,Oceania,2021-08-20,25000000,2,1244,0,18,10996,1173379
Australia,Oceania,2021-08-21,25000000,3,1247,0,18,10439,1183818
Australia,Oceania,2021-08-22,25000000,3,1250,0,18,12497,1196315
Australia,Oceania,2021-08-23,25000000,3,1253,0,18,10746,1207061
Australia,Oceania,2021-08-24,25000000,3,1256,0,18,11145,1218206
Australia,Oceania,2021-08-25,25000000,4,1260,0,18,10546,1228752
Australia,Oceania,2021-08-26,25000000,3,1262,0,18,11748,1240500
Australia,Oceania,2021-08-27,25000000,3,1265,0,18,12750,1253250
Australia,Oceania,2021-08-28,25000000,3,1268,0,18,10050,1263300
Australia,Oceania,2021-08-29,25000000,2,1270,0,18,12515,1275814
Australia,Oceania,2021-08-30,25000000,3,1272,0,18,11457,1287272
Australia,Oceania,2021-08-31,25000000,3,1275,0,18,9707,1296978
Australia,Oceania,2021-09-01,25000000,3,1278,0,18,9812,1306791
Australia,Oceania,2021-09-02,25000000,2,1280,0,18,11380,1318171
Australia,Oceania,2021-09-03,25000000,2,1283,0,18,12299,1330470
Australia,Oceania,2021-09-04,25000000,3,1286,0,18,12990,1343460
Australia,Oceania,2021-09-05,25000000,3,1288,0,18,12098,1355558
Australia,Oceania,2021-09-06,25000000,3,1291,0,18,11753,1367312
Australia,Oceania,2021-09-07,25000000,2,1293,0,19,9936,1377248
Australia,Oceania,2021-09-08,25000000,2,1295,0,19,10257,1387505
Australia,Oceania,2021-09-09,25000000,2,1297,0,19,10932,1398437
Australia,Oceania,2021-09-10,25000000,2,1299,0,19,12311,1410747
Australia,Oceania,2021-09-11,25000000,3,1302,0,19,10297,1421044
Australia,Oceania,2021-09-12,25000000,3,1305,0,19,12280,1433324
Australia,Oceania,2021-09-13,25000000,3,1308,0,19,12649,1445973
Australia,Oceania,2021-09-14,25000000,2,1311,0,19,12298,1458272
Australia,Oceania,2021-09-15,25000000,3,1313,0,19,11913,1470184
Australia,Oceania,2021-09-16,25000000,2,1316,0,19,10127,1480312
Australia,Oceania,2021-09-17,25000000,3,1319,0,19,9985,1490297
Australia,Oceania,2021-09-18,25000000,2,1321,0,19,12220,1502517
Australia,Oceania,2021-09-19,25000000,2,1323,0,19,12503,1515020
Australia,Oceania,2021-09-20,25000000,2,1325,0,19,11056,1526075
Australia,Oceania,2021-09-21,25000000,3,1328,0,19,12727,1538802
Australia,Oceania,2021-09-22,25000000,2,1330,0,19,12946,1551748
Australia,Oceania,2021-09-23,25000000,2,1332,0,19,11059,1562807
Australia,Oceania,2021-09-24,25000000,3,1335,0,19,11897,1574704
Australia,Oceania,2021-09-25,25000000,3,1338,0,19,10757,1585461
Australia,Oceania,2021-09-26,25000000,3,1340,0,19,12420,1597880
Australia,Oceania,2021-09-27,25000000,2,1343,0,19,10723,1608603
Australia,Oceania,2021-09-28,25000000,3,1345,0,19,10455,1619058
Australia,Oceania,2021-09-29,25000000,3,1348,0,19,11885,1630943
Australia,Oceania,2021-09-30,25000000,3,1351,0,19,10455,1641398
Australia,Oceania,2021-10-01,25000000,1,1352,0,19,11512,1652910
Australia,Oceania,2021-10-02,25000000,3,1355,0,19,12018,1664928
Australia,Oceania,2021-10-03,25000000,2,1357,0,19,13393,1678321
Australia,Oceania,2021-10-04,25000000,2,1359,0,19,11672,1689993
Australia,Oceania,2021-10-05,25000000,2,1362,0,19,10602,1700595
Australia,Oceania,2021-10-06,25000000,2,1364,0,19,10231,1710826
Australia,Oceania,2021-10-07,25000000,2,1367,0,19,10893,1721719
Australia,Oceania,2021-10-08,25000000,3,1369,0,20,12802,1734521
Australia,Oceania,2021-10-09,25000000,3,1372,0,20,12999,1747520
Australia,Oceania,2021-10-10,25000000,2,1374,0,20,10809,1758329
Australia,Oceania,2021-10-11,25000000,2,1377,0,20,11514,1769843
Australia,Oceania,2021-10-12,25000000,2,1379,0,20,11116,1780960
Australia,Oceania,2021-10-13,25000000,2,1381,0,20,13123,1794083
Australia,Oceania,2021-10-14,25000000,3,1384,0,20,13318,1807400
Australia,Oceania,2021-10-15,25000000,2,1386,0,20,12657,1820058
Australia,Oceania,2021-10-16,25000000,2,1388,0,20,13079,1833137
Australia,Oceania,2021-10-17,25000000,2,1390,0,20,11064,1844201
Australia,Oceania,2021-10-18,25000000,2,1391,0,20,10649,1854849
Australia,Oceania,2021-10-19,25000000,2,1393,0,20,12344,1867193
Australia,Oceania,2021-10-20,25000000,3,1396,0,20,10419,1877612
Australia,Oceania,2021-10-21,25000000,2,1398,0,20,10826,1888438
Australia,Oceania,2021-10-22,25000000,2,1400,0,20,11147,1899585
Australia,Oceania,2021-10-23,25000000,2,1402,0,20,13203,1912788
Australia,Oceania,2021-10-24,25000000,2,1404,0,20,11157,1923945
Australia,Oceania,2021-10-25,25000000,2,1406,0,20,12412,1936357
Australia,Oceania,2021-10-26,25000000,1,1407,0,20,10112,1946469
Australia,Oceania,2021-10-27,25000000,2,1409,0,20,10418,1956887
Australia,Oceania,2021-10-28,25000000,2,1411,0,20,11409,1968296
Australia,Oceania,2021-10-29,25000000,2,1413,0,20,12927,1981223
Australia,Oceania,2021-10-30,25000000,1,1414,0,20,10210,1991433
Australia,Oceania,2021-10-31,25000000,2,1416,0,20,12721,2004154
Australia,Oceania,2021-11-01,25000000,2,1418,0,20,13102,2017256
Australia,Oceania,2021-11-02,25000000,2,1420,0,20,10755,2028011
Australia,Oceania,2021-11-03,25000000,2,1422,0,20,12783,2040795
Australia,Oceania,2021-11-04,25000000,2,1424,0,20,11578,2052373
Australia,Oceania,2021-11-05,25000000,2,1426,0,20,12448,2064821
Australia,Oceania,2021-11-06,25000000,2,1427,0,20,12111,2076932
Australia,Oceania,2021-11-07,25000000,2,1429,0,20,11594,2088526
Australia,Oceania,2021-11-08,25000000,2,1431,0,20,12355,2100881
Australia,Oceania,2021-11-09,25000000,2,1433,0,20,10627,2111508
Australia,Oceania,2021-11-10,25000000,1,1435,0,20,12544,2124052
Australia,Oceania,2021-11-11,25000000,2,1436,0,20,11564,2135617
Australia,Oceania,2021-11-12,25000000,2,1438,0,20,11561,2147178
Australia,Oceania,2021-11-13,25000000,2,1440,0,20,12930,2160107
Australia,Oceania,2021-11-14,25000000,2,1442,0,20,11966,2172073
Australia,Oceania,2021-11-15,25000000,1,1444,0,21,12753,2184826
Australia,Oceania,2021-11-16,25000000,3,1446,0,21,11561,2196387
Australia,Oceania,2021-11-17,25000000,2,1448,0,21,12233,2208620
Australia,Oceania,2021-11-18,25000000,2,1450,0,21,10794,2219414
Australia,Oceania,2021-11-19,25000000,1,1452,0,21,10576,2229990
Australia,Oceania,2021-11-20,25000000,1,1453,0,21,13067,2243057
Australia,Oceania,2021-11-21,25000000,1,1454,0,21,13078,2256135
Australia,Oceania,2021-11-22,25000000,2,1456,0,21,12620,2268755
Australia,Oceania,2021-11-23,25000000,2,1458,0,21,11767,2280522
Australia,Oceania,2021-11-24,25000000,2,1460,0,21,11395,2291917
Australia,Oceania,2021-11-25,25000000,2,1462,0,21,12106,2304022
Australia,Oceania,2021-11-26,25000000,1,1463,0,21,10786,2314809
Australia,Oceania,2021-11-27,25000000,1,1464,0,21,12513,2327322
Australia,Oceania,2021-11-28,25000000,1,1466,0,21,10305,2337626
Australia,Oceania,2021-11-29,25000000,1,1467,0,21,10396,2348022
Australia,Oceania,2021-11-30,25000000,2,1469,0,21,10766,2358788
Australia,Oceania,2021-12-01,25000000,1,1470,0,21,10753,2369542
Australia,Oceania,2021-12-02,25000000,2,1472,0,21,12594,2382136
Australia,Oceania,2021-12-03,25000000,2,1473,0,21,10952,2393088
Australia,Oceania,2021-12-04,25000000,2,1475,0,21,13299,2406388
Australia,Oceania,2021-12-05,25000000,1,1476,0,21,10819,2417207
Australia,Oceania,2021-12-06,25000000,1,1477,0,21,12336,2429542
Australia,Oceania,2021-12-07,25000000,1,1478,0,21,13526,2443068
Australia,Oceania,2021-12-08,25000000,1,1479,0,21,12945,2456014
Australia,Oceania,2021-12-09,25000000,1,1480,0,21,13034,2469047
Australia,Oceania,2021-12-10,25000000,1,1481,0,21,13177,2482225
Australia,Oceania,2021-12-11,25000000,1,1483,0,21,10230,2492454
Australia,Oceania,2021-12-12,25000000,1,1484,0,21,10810,2503264
Australia,Oceania,2021-12-13,25000000,1,1485,0,21,13632,2516896
Australia,Oceania,2021-12-14,25000000,1,1486,0,21,10990,2527886
Australia,Oceania,2021-12-15,25000000,1,1487,0,21,10297,2538183
Australia,Oceania,2021-12-16,25000000,1,1488,0,21,12332,2550515
Australia,Oceania,2021-12-17,25000000,1,1490,0,21,13042,2563558
Australia,Oceania,2021-12-18,25000000,1,1491,0,21,10533,2574091
Australia,Oceania,2021-12-19,25000000,1,1492,0,21,10681,2584772
Australia,Oceania,2021-12-20,25000000,1,1493,0,21,11176,2595948
Australia,Oceania,2021-12-21,25000000,1,1494,0,21,10847,2606796
Australia,Oceania,2021-12-22,25000000,1,1495,0,21,10329,2617125
Australia,Oceania,2021-12-23,25000000,1,1496,0,21,11474,2628600
Australia,Oceania,2021-12-24,25000000,1,1497,0,21,11737,2640337
Australia,Oceania,2021-12-25,25000000,1,1498,0,21,13094,2653431
Australia,Oceania,2021-12-26,25000000,1,1499,0,21,11684,2665115
Australia,Oceania,2021-12-27,25000000,1,1500,0,21,11339,2676454
Australia,Oceania,2021-12-28,25000000,1,1501,0,21,12924,2689378
Australia,Oceania,2021-12-29,25000000,1,1502,0,21,13011,2702388
Australia,Oceania,2021-12-30,25000000,1,1503,0,21,12963,2715351
Australia,Oceania,2021-12-31,25000000,1,1504,0,21,11006,2726357
Australia,Oceania,2022-01-01,25000000,1,1505,0,21,11557,2737914
Australia,Oceania,2022-01-02,25000000,1,1506,0,21,11366,2749279
Australia,Oceania,2022-01-03,25000000,1,1507,0,21,12379,2761658
Australia,Oceania,2022-01-04,25000000,1,1508,0,21,13279,2774937
Australia,Oceania,2022-01-05,25000000,1,1509,0,21,13500,2788437
Australia,Oceania,2022-01-06,25000000,1,1510,0,21,11350,2799787
Australia,Oceania,2022-01-07,25000000,1,1511,0,21,13126,2812914
Australia,Oceania,2022-01-08,25000000,1,1511,0,22,11380,2824293
Australia,Oceania,2022-01-09,25000000,1,1512,0,22,10272,2834565
Australia,Oceania,2022-01-10,25000000,1,1513,0,22,10989,2845555
Australia,Oceania,2022-01-11,25000000,1,1514,0,22,13273,2858828
Australia,Oceania,2022-01-12,25000000,1,1515,0,22,13173,2872002
Australia,Oceania,2022-01-13,25000000,1,1515,0,22,13100,2885102
Australia,Oceania,2022-01-14,25000000,1,1516,0,22,10740,2895841
Australia,Oceania,2022-01-15,25000000,1,1517,0,22,12115,2907957
Australia,Oceania,2022-01-16,25000000,1,1518,0,22,10322,2918279
Australia,Oceania,2022-01-17,25000000,1,1519,0,22,12756,2931035
Australia,Oceania,2022-01-18,25000000,1,1519,0,22,13173,2944207
Australia,Oceania,2022-01-19,25000000,1,1520,0,22,11087,2955294
Australia,Oceania,2022-01-20,25000000,1,1521,0,22,13719,2969014
Australia,Oceania,2022-01-21,25000000,1,1521,0,22,11980,2980994
Australia,Oceania,2022-01-22,25000000,1,1522,0,22,11208,2992202
Australia,Oceania,2022-01-23,25000000,1,1523,0,22,12910,3005112
Australia,Oceania,2022-01-24,25000000,1,1524,0,22,12522,3017634
Australia,Oceania,2022-01-25,25000000,1,1524,0,22,11469,3029103
Australia,Oceania,2022-01-26,25000000,1,1525,0,22,10304,3039407
Australia,Oceania,2022-01-27,25000000,1,1526,0,22,13668,3053075
Australia,Oceania,2022-01-28,25000000,1,1526,0,22,12228,3065303
Australia,Oceania,2022-01-29,25000000,1,1527,0,22,10590,3075893
Australia,Oceania,2022-01-30,25000000,1,1527,0,22,11444,3087336
Australia,Oceania,2022-01-31,25000000,1,1528,0,22,12348,3099685
