location,continent,date,population,new_cases,total_cases,new_deaths,total_deaths,new_vaccinations,total_vaccinations
Australia,Oceania,2020-02-01,25499881,12.69,12.69,2.81,2.81,0.0,0.0
Australia,Oceania,2020-02-02,25499881,1.76,14.45,9.6,12.41,0.0,0.0
Australia,Oceania,2020-02-03,25499881,12.85,27.3,0.0,12.41,0.0,0.0
Australia,Oceania,2020-02-04,25499881,0.0,27.3,0.0,12.41,0.0,0.0
Australia,Oceania,2020-02-05,25499881,0.0,27.3,0.0,12.41,0.0,0.0
Australia,Oceania,2020-02-06,25499881,147.35,174.65,8.61,21.01,0.0,0.0
Australia,Oceania,2020-02-07,25499881,0.0,174.65,0.0,21.01,0.0,0.0
Australia,Oceania,2020-02-08,25499881,88.62,263.27,5.69,26.7,0.0,0.0
Australia,Oceania,2020-02-09,25499881,79.26,342.53,0.0,26.7,0.0,0.0
Australia,Oceania,2020-02-10,25499881,0.0,342.53,1.94,28.64,0.0,0.0
Australia,Oceania,2020-02-11,25499881,0.0,342.53,0.0,28.64,0.0,0.0
Australia,Oceania,2020-02-12,25499881,0.0,342.53,0.0,28.64,0.0,0.0
Australia,Oceania,2020-02-13,25499881,125.66,468.19,13.69,42.33,0.0,0.0
Australia,Oceania,2020-02-14,25499881,0.0,468.19,0.0,42.33,0.0,0.0
Australia,Oceania,2020-02-15,25499881,10.34,478.53,4.01,46.34,0.0,0.0
Australia,Oceania,2020-02-16,25499881,0.0,478.53,13.85,60.19,0.0,0.0
Australia,Oceania,2020-02-17,25499881,592.49,1071.01,12.59,72.78,0.0,0.0
Australia,Oceania,2020-02-18,25499881,58.63,1129.64,0.0,72.78,0.0,0.0
Australia,Oceania,2020-02-19,25499881,178.58,1308.22,0.0,72.78,0.0,0.0
Australia,Oceania,2020-02-20,25499881,0.0,1308.22,0.0,72.78,0.0,0.0
Australia,Oceania,2020-02-21,25499881,0.0,1308.22,1.26,74.05,0.0,0.0
Australia,Oceania,2020-02-22,25499881,652.27,1960.49,9.63,83.68,0.0,0.0
Australia,Oceania,2020-02-23,25499881,0.0,1960.49,0.0,83.68,0.0,0.0
Australia,Oceania,2020-02-24,25499881,169.69,2130.18,0.0,83.68,0.0,0.0
Australia,Oceania,2020-02-25,25499881,0.0,2130.18,0.0,83.68,0.0,0.0
Australia,Oceania,2020-02-26,25499881,0.0,2130.18,0.0,83.68,0.0,0.0
Australia,Oceania,2020-02-27,25499881,0.0,2130.18,15.88,99.56,0.0,0.0
Australia,Oceania,2020-02-28,25499881,0.0,2130.18,0.0,99.56,0.0,0.0
Australia,Oceania,2020-02-29,25499881,116.57,2246.75,0.0,99.56,0.0,0.0
Australia,Oceania,2020-03-01,25499881,0.0,2246.75,0.0,99.56,0.0,0.0
Australia,Oceania,2020-03-02,25499881,5.5,2252.26,5.15,104.71,0.0,0.0
Australia,Oceania,2020-03-03,25499881,90.61,2342.87,0.76,105.47,0.0,0.0
Australia,Oceania,2020-03-04,25499881,0.0,2342.87,0.0,105.47,0.0,0.0
Australia,Oceania,2020-03-05,25499881,665.3,3008.17,5.08,110.55,0.0,0.0
Australia,Oceania,2020-03-06,25499881,0.0,3008.17,0.0,110.55,0.0,0.0
Australia,Oceania,2020-03-07,25499881,67.26,3075.43,3.17,113.72,0.0,0.0
Australia,Oceania,2020-03-08,25499881,0.0,3075.43,21.48,135.2,0.0,0.0
Australia,Oceania,2020-03-09,25499881,137.85,3213.28,6.06,141.26,0.0,0.0
Australia,Oceania,2020-03-10,25499881,632.78,3846.06,6.85,148.11,0.0,0.0
Australia,Oceania,2020-03-11,25499881,1049.38,4895.44,7.27,155.38,0.0,0.0
Australia,Oceania,2020-03-12,25499881,454.07,5349.51,0.0,155.38,0.0,0.0
Australia,Oceania,2020-03-13,25499881,583.54,5933.05,12.87,168.25,0.0,0.0
Australia,Oceania,2020-03-14,25499881,813.54,6746.6,15.2,183.45,0.0,0.0
Australia,Oceania,2020-03-15,25499881,310.35,7056.95,0.0,183.45,0.0,0.0
Australia,Oceania,2020-03-16,25499881,783.71,7840.66,19.11,202.56,0.0,0.0
Australia,Oceania,2020-03-17,25499881,522.77,8363.42,6.44,209.0,0.0,0.0
Australia,Oceania,2020-03-18,25499881,307.56,8670.99,9.89,218.89,0.0,0.0
Australia,Oceania,2020-03-19,25499881,391.98,9062.97,7.07,225.96,0.0,0.0
Australia,Oceania,2020-03-20,25499881,0.0,9062.97,0.0,225.96,0.0,0.0
Australia,Oceania,2020-03-21,25499881,397.4,9460.37,0.0,225.96,0.0,0.0
Australia,Oceania,2020-03-22,25499881,0.0,9460.37,0.0,225.96,0.0,0.0
Australia,Oceania,2020-03-23,25499881,0.0,9460.37,6.74,232.7,0.0,0.0
Australia,Oceania,2020-03-24,25499881,405.02,9865.39,0.8,233.5,0.0,0.0
Australia,Oceania,2020-03-25,25499881,0.0,9865.39,3.52,237.01,0.0,0.0
Australia,Oceania,2020-03-26,25499881,365.84,10231.23,0.0,237.01,0.0,0.0
Australia,Oceania,2020-03-27,25499881,432.99,10664.22,11.44,248.45,0.0,0.0
Australia,Oceania,2020-03-28,25499881,465.36,11129.58,8.09,256.54,0.0,0.0
Australia,Oceania,2020-03-29,25499881,102.17,11231.75,0.0,256.54,0.0,0.0
Australia,Oceania,2020-03-30,25499881,751.04,11982.8,7.22,263.76,0.0,0.0
Australia,Oceania,2020-03-31,25499881,423.74,12406.54,12.54,276.3,0.0,0.0
Australia,Oceania,2020-04-01,25499881,628.4,13034.94,0.0,276.3,0.0,0.0
Australia,Oceania,2020-04-02,25499881,74.93,13109.87,0.0,276.3,0.0,0.0
Australia,Oceania,2020-04-03,25499881,451.52,13561.39,4.86,281.16,0.0,0.0
Australia,Oceania,2020-04-04,25499881,918.86,14480.26,28.09,309.25,0.0,0.0
Australia,Oceania,2020-04-05,25499881,895.86,15376.12,5.37,314.62,0.0,0.0
Australia,Oceania,2020-04-06,25499881,299.37,15675.49,7.55,322.17,0.0,0.0
Australia,Oceania,2020-04-07,25499881,410.23,16085.71,7.0,329.18,0.0,0.0
Australia,Oceania,2020-04-08,25499881,278.53,16364.24,0.0,329.18,0.0,0.0
Australia,Oceania,2020-04-09,25499881,418.86,16783.1,6.32,335.49,0.0,0.0
Australia,Oceania,2020-04-10,25499881,183.62,16966.73,0.0,335.49,0.0,0.0
Australia,Oceania,2020-04-11,25499881,650.28,17617.01,4.94,340.43,0.0,0.0
Australia,Oceania,2020-04-12,25499881,946.25,18563.26,0.0,340.43,0.0,0.0
Australia,Oceania,2020-04-13,25499881,476.55,19039.8,5.52,345.96,0.0,0.0
Australia,Oceania,2020-04-14,25499881,746.93,19786.73,16.16,362.11,0.0,0.0
Australia,Oceania,2020-04-15,25499881,729.46,20516.2,9.21,371.33,0.0,0.0
Australia,Oceania,2020-04-16,25499881,1204.59,21720.79,23.18,394.51,0.0,0.0
Australia,Oceania,2020-04-17,25499881,650.57,22371.36,12.45,406.96,0.0,0.0
Australia,Oceania,2020-04-18,25499881,693.29,23064.65,7.84,414.8,0.0,0.0
Australia,Oceania,2020-04-19,25499881,629.17,23693.82,2.53,417.33,0.0,0.0
Australia,Oceania,2020-04-20,25499881,558.46,24252.29,2.81,420.14,0.0,0.0
Australia,Oceania,2020-04-21,25499881,1173.78,25426.07,2.32,422.46,0.0,0.0
Australia,Oceania,2020-04-22,25499881,973.9,26399.97,9.55,432.01,0.0,0.0
Australia,Oceania,2020-04-23,25499881,1073.65,27473.62,14.05,446.06,0.0,0.0
Australia,Oceania,2020-04-24,25499881,1534.5,29008.12,32.14,478.2,0.0,0.0
Australia,Oceania,2020-04-25,25499881,1589.16,30597.28,23.3,501.49,0.0,0.0
Australia,Oceania,2020-04-26,25499881,581.92,31179.19,0.06,501.56,0.0,0.0
Australia,Oceania,2020-04-27,25499881,1420.63,32599.82,5.53,507.09,0.0,0.0
Australia,Oceania,2020-04-28,25499881,1309.26,33909.08,14.06,521.15,0.0,0.0
Australia,Oceania,2020-04-29,25499881,1105.71,35014.79,19.76,540.91,0.0,0.0
Australia,Oceania,2020-04-30,25499881,1419.52,36434.32,15.27,556.18,0.0,0.0
Australia,Oceania,2020-05-01,25499881,738.74,37173.05,13.2,569.38,0.0,0.0
Australia,Oceania,2020-05-02,25499881,1893.58,39066.64,21.27,590.66,0.0,0.0
Australia,Oceania,2020-05-03,25499881,1601.11,40667.75,24.95,615.61,0.0,0.0
Australia,Oceania,2020-05-04,25499881,1157.8,41825.55,1.12,616.72,0.0,0.0
Australia,Oceania,2020-05-05,25499881,1295.97,43121.53,28.39,645.11,0.0,0.0
Australia,Oceania,2020-05-06,25499881,945.49,44067.02,2.45,647.55,0.0,0.0
Australia,Oceania,2020-05-07,25499881,1472.9,45539.91,24.02,671.58,0.0,0.0
Australia,Oceania,2020-05-08,25499881,1455.45,46995.36,15.29,686.86,0.0,0.0
Australia,Oceania,2020-05-09,25499881,1202.66,48198.03,13.51,700.37,0.0,0.0
Australia,Oceania,2020-05-10,25499881,1980.74,50178.77,21.84,722.21,0.0,0.0
Australia,Oceania,2020-05-11,25499881,2198.58,52377.34,28.43,750.64,0.0,0.0
Australia,Oceania,2020-05-12,25499881,1785.27,54162.62,25.08,775.72,0.0,0.0
Australia,Oceania,2020-05-13,25499881,1731.34,55893.96,29.24,804.96,0.0,0.0
Australia,Oceania,2020-05-14,25499881,2034.32,57928.28,35.68,840.64,0.0,0.0
Australia,Oceania,2020-05-15,25499881,1919.22,59847.49,25.69,866.32,0.0,0.0
Australia,Oceania,2020-05-16,25499881,1591.57,61439.06,32.81,899.13,0.0,0.0
Australia,Oceania,2020-05-17,25499881,1786.34,63225.41,22.18,921.31,0.0,0.0
Australia,Oceania,2020-05-18,25499881,1955.64,65181.05,32.09,953.4,0.0,0.0
Australia,Oceania,2020-05-19,25499881,2191.0,67372.05,29.72,983.12,0.0,0.0
Australia,Oceania,2020-05-20,25499881,2152.25,69524.3,21.43,1004.56,0.0,0.0
Australia,Oceania,2020-05-21,25499881,2267.53,71791.84,28.66,1033.22,0.0,0.0
Australia,Oceania,2020-05-22,25499881,1705.16,73497.0,24.49,1057.7,0.0,0.0
Australia,Oceania,2020-05-23,25499881,2516.62,76013.62,29.94,1087.64,0.0,0.0
Australia,Oceania,2020-05-24,25499881,2329.89,78343.51,31.26,1118.91,0.0,0.0
Australia,Oceania,2020-05-25,25499881,3266.97,81610.48,46.13,1165.03,0.0,0.0
Australia,Oceania,2020-05-26,25499881,2282.56,83893.04,27.2,1192.24,0.0,0.0
Australia,Oceania,2020-05-27,25499881,2576.0,86469.05,7.36,1199.6,0.0,0.0
Australia,Oceania,2020-05-28,25499881,3497.39,89966.44,55.39,1254.99,0.0,0.0
Australia,Oceania,2020-05-29,25499881,2619.23,92585.66,29.05,1284.04,0.0,0.0
Australia,Oceania,2020-05-30,25499881,2571.49,95157.16,24.27,1308.31,0.0,0.0
Australia,Oceania,2020-05-31,25499881,2293.3,97450.45,18.53,1326.84,0.0,0.0
Australia,Oceania,2020-06-01,25499881,3216.82,100667.27,35.91,1362.75,0.0,0.0
Australia,Oceania,2020-06-02,25499881,2319.06,102986.33,23.33,1386.08,0.0,0.0
Australia,Oceania,2020-06-03,25499881,2916.62,105902.94,29.1,1415.18,0.0,0.0
Australia,Oceania,2020-06-04,25499881,2643.3,108546.24,26.26,1441.44,0.0,0.0
Australia,Oceania,2020-06-05,25499881,2784.18,111330.42,37.65,1479.09,0.0,0.0
Australia,Oceania,2020-06-06,25499881,2392.92,113723.35,44.96,1524.05,0.0,0.0
Australia,Oceania,2020-06-07,25499881,3401.66,117125.0,47.38,1571.43,0.0,0.0
Australia,Oceania,2020-06-08,25499881,2873.97,119998.97,43.47,1614.9,0.0,0.0
Australia,Oceania,2020-06-09,25499881,2584.88,122583.84,28.0,1642.9,0.0,0.0
Australia,Oceania,2020-06-10,25499881,3486.85,126070.7,42.68,1685.58,0.0,0.0
Australia,Oceania,2020-06-11,25499881,2909.47,128980.16,38.33,1723.91,0.0,0.0
Australia,Oceania,2020-06-12,25499881,3239.75,132219.91,33.6,1757.51,0.0,0.0
Australia,Oceania,2020-06-13,25499881,3453.03,135672.93,38.03,1795.54,0.0,0.0
Australia,Oceania,2020-06-14,25499881,3359.48,139032.41,47.15,1842.69,0.0,0.0
Australia,Oceania,2020-06-15,25499881,2458.88,141491.3,38.23,1880.92,0.0,0.0
Australia,Oceania,2020-06-16,25499881,3504.29,144995.59,42.59,1923.51,0.0,0.0
Australia,Oceania,2020-06-17,25499881,3257.94,148253.53,29.53,1953.04,0.0,0.0
Australia,Oceania,2020-06-18,25499881,3209.24,151462.77,36.15,1989.19,0.0,0.0
Australia,Oceania,2020-06-19,25499881,3316.44,154779.21,28.27,2017.45,0.0,0.0
Australia,Oceania,2020-06-20,25499881,2820.25,157599.46,34.44,2051.9,0.0,0.0
Australia,Oceania,2020-06-21,25499881,3479.08,161078.54,43.79,2095.69,0.0,0.0
Australia,Oceania,2020-06-22,25499881,2961.22,164039.76,33.37,2129.06,0.0,0.0
Australia,Oceania,2020-06-23,25499881,3364.5,167404.27,42.31,2171.37,0.0,0.0
Australia,Oceania,2020-06-24,25499881,3543.85,170948.11,45.86,2217.23,0.0,0.0
Australia,Oceania,2020-06-25,25499881,3888.48,174836.59,48.72,2265.95,0.0,0.0
Australia,Oceania,2020-06-26,25499881,3247.89,178084.48,29.36,2295.31,0.0,0.0
Australia,Oceania,2020-06-27,25499881,4063.75,182148.24,46.74,2342.05,0.0,0.0
Australia,Oceania,2020-06-28,25499881,3906.77,186055.01,50.16,2392.21,0.0,0.0
Australia,Oceania,2020-06-29,25499881,3443.47,189498.47,53.95,2446.16,0.0,0.0
Australia,Oceania,2020-06-30,25499881,3222.79,192721.26,36.5,2482.66,0.0,0.0
Australia,Oceania,2020-07-01,25499881,3121.29,195842.55,41.86,2524.52,0.0,0.0
Australia,Oceania,2020-07-02,25499881,3736.18,199578.73,51.86,2576.38,0.0,0.0
Australia,Oceania,2020-07-03,25499881,3396.11,202974.84,39.18,2615.56,0.0,0.0
Australia,Oceania,2020-07-04,25499881,4085.68,207060.52,58.22,2673.77,0.0,0.0
Australia,Oceania,2020-07-05,25499881,3438.45,210498.97,50.88,2724.65,0.0,0.0
Australia,Oceania,2020-07-06,25499881,3370.07,213869.04,51.48,2776.14,0.0,0.0
Australia,Oceania,2020-07-07,25499881,3774.71,217643.75,48.96,2825.1,0.0,0.0
Australia,Oceania,2020-07-08,25499881,3459.1,221102.85,60.39,2885.49,0.0,0.0
Australia,Oceania,2020-07-09,25499881,3707.1,224809.95,39.56,2925.05,0.0,0.0
Australia,Oceania,2020-07-10,25499881,4052.72,228862.66,65.63,2990.68,0.0,0.0
Australia,Oceania,2020-07-11,25499881,3750.79,232613.46,51.16,3041.83,0.0,0.0
Australia,Oceania,2020-07-12,25499881,3752.88,236366.34,55.76,3097.59,0.0,0.0
Australia,Oceania,2020-07-13,25499881,3781.76,240148.09,42.82,3140.41,0.0,0.0
Australia,Oceania,2020-07-14,25499881,3115.44,243263.53,44.14,3184.55,0.0,0.0
Australia,Oceania,2020-07-15,25499881,3841.89,247105.42,57.52,3242.07,0.0,0.0
Australia,Oceania,2020-07-16,25499881,3756.12,250861.54,36.37,3278.45,0.0,0.0
Australia,Oceania,2020-07-17,25499881,4006.73,254868.27,46.77,3325.22,0.0,0.0
Australia,Oceania,2020-07-18,25499881,3899.04,258767.31,29.66,3354.88,0.0,0.0
Australia,Oceania,2020-07-19,25499881,3607.82,262375.13,41.87,3396.75,0.0,0.0
Australia,Oceania,2020-07-20,25499881,4030.08,266405.21,41.83,3438.58,0.0,0.0
Australia,Oceania,2020-07-21,25499881,3555.33,269960.54,40.92,3479.5,0.0,0.0
Australia,Oceania,2020-07-22,25499881,3732.04,273692.57,68.17,3547.68,0.0,0.0
Australia,Oceania,2020-07-23,25499881,3523.23,277215.8,56.02,3603.7,0.0,0.0
Australia,Oceania,2020-07-24,25499881,3779.17,280994.97,33.83,3637.53,0.0,0.0
Australia,Oceania,2020-07-25,25499881,3470.08,284465.05,46.09,3683.62,0.0,0.0
Australia,Oceania,2020-07-26,25499881,4161.68,288626.74,56.33,3739.95,0.0,0.0
Australia,Oceania,2020-07-27,25499881,4273.23,292899.97,48.58,3788.53,0.0,0.0
Australia,Oceania,2020-07-28,25499881,3854.1,296754.07,47.68,3836.2,0.0,0.0
Australia,Oceania,2020-07-29,25499881,4067.74,300821.81,51.02,3887.22,0.0,0.0
Australia,Oceania,2020-07-30,25499881,2968.65,303790.45,24.85,3912.07,0.0,0.0
Australia,Oceania,2020-07-31,25499881,2988.04,306778.49,27.61,3939.68,0.0,0.0
Australia,Oceania,2020-08-01,25499881,3350.23,310128.72,41.58,3981.26,0.0,0.0
Australia,Oceania,2020-08-02,25499881,3453.59,313582.31,42.24,4023.5,0.0,0.0
Australia,Oceania,2020-08-03,25499881,3345.36,316927.67,34.48,4057.97,0.0,0.0
Australia,Oceania,2020-08-04,25499881,2814.78,319742.45,27.42,4085.4,0.0,0.0
Australia,Oceania,2020-08-05,25499881,3766.64,323509.09,44.48,4129.88,0.0,0.0
Australia,Oceania,2020-08-06,25499881,4090.91,327600.0,56.18,4186.06,0.0,0.0
Australia,Oceania,2020-08-07,25499881,3757.99,331357.99,44.48,4230.54,0.0,0.0
Australia,Oceania,2020-08-08,25499881,3661.68,335019.67,56.92,4287.46,0.0,0.0
Australia,Oceania,2020-08-09,25499881,3332.43,338352.09,34.42,4321.89,0.0,0.0
Australia,Oceania,2020-08-10,25499881,2929.26,341281.35,36.7,4358.58,0.0,0.0
Australia,Oceania,2020-08-11,25499881,3220.24,344501.59,35.81,4394.39,0.0,0.0
Australia,Oceania,2020-08-12,25499881,3901.94,348403.53,51.53,4445.92,0.0,0.0
Australia,Oceania,2020-08-13,25499881,3011.53,351415.06,29.89,4475.8,0.0,0.0
Australia,Oceania,2020-08-14,25499881,2944.91,354359.97,50.76,4526.56,0.0,0.0
Australia,Oceania,2020-08-15,25499881,3460.83,357820.8,28.01,4554.57,0.0,0.0
Australia,Oceania,2020-08-16,25499881,3452.96,361273.75,55.16,4609.73,0.0,0.0
Australia,Oceania,2020-08-17,25499881,2714.1,363987.85,33.29,4643.01,0.0,0.0
Australia,Oceania,2020-08-18,25499881,2887.91,366875.76,39.07,4682.09,0.0,0.0
Australia,Oceania,2020-08-19,25499881,2772.22,369647.98,43.94,4726.03,0.0,0.0
Australia,Oceania,2020-08-20,25499881,2940.69,372588.67,42.15,4768.18,0.0,0.0
Australia,Oceania,2020-08-21,25499881,3271.0,375859.67,33.41,4801.59,0.0,0.0
Australia,Oceania,2020-08-22,25499881,2571.74,378431.41,35.66,4837.25,0.0,0.0
Australia,Oceania,2020-08-23,25499881,3203.07,381634.48,53.38,4890.63,0.0,0.0
Australia,Oceania,2020-08-24,25499881,2825.94,384460.42,26.81,4917.44,0.0,0.0
Australia,Oceania,2020-08-25,25499881,3573.37,388033.79,59.83,4977.27,0.0,0.0
Australia,Oceania,2020-08-26,25499881,2839.86,390873.65,37.16,5014.44,0.0,0.0
Australia,Oceania,2020-08-27,25499881,2663.68,393537.33,28.5,5042.93,0.0,0.0
Australia,Oceania,2020-08-28,25499881,2868.38,396405.71,27.27,5070.21,0.0,0.0
Australia,Oceania,2020-08-29,25499881,2519.21,398924.92,28.44,5098.65,0.0,0.0
Australia,Oceania,2020-08-30,25499881,1979.24,400904.16,8.11,5106.76,0.0,0.0
Australia,Oceania,2020-08-31,25499881,2494.2,403398.36,26.61,5133.37,0.0,0.0
Australia,Oceania,2020-09-01,25499881,2459.94,405858.3,27.42,5160.79,0.0,0.0
Australia,Oceania,2020-09-02,25499881,1964.1,407822.4,14.97,5175.76,0.0,0.0
Australia,Oceania,2020-09-03,25499881,2468.16,410290.56,35.6,5211.36,0.0,0.0
Australia,Oceania,2020-09-04,25499881,1743.12,412033.68,19.17,5230.53,0.0,0.0
Australia,Oceania,2020-09-05,25499881,2318.41,414352.09,22.73,5253.26,0.0,0.0
Australia,Oceania,2020-09-06,25499881,2499.5,416851.59,27.39,5280.65,0.0,0.0
Australia,Oceania,2020-09-07,25499881,2423.0,419274.6,31.92,5312.57,0.0,0.0
Australia,Oceania,2020-09-08,25499881,2220.7,421495.3,27.23,5339.8,0.0,0.0
Australia,Oceania,2020-09-09,25499881,2310.89,423806.19,22.12,5361.93,0.0,0.0
Australia,Oceania,2020-09-10,25499881,2043.42,425849.61,25.53,5387.45,0.0,0.0
Australia,Oceania,2020-09-11,25499881,2299.44,428149.05,27.19,5414.64,0.0,0.0
Australia,Oceania,2020-09-12,25499881,2294.61,430443.66,18.42,5433.06,0.0,0.0
Australia,Oceania,2020-09-13,25499881,1938.65,432382.31,20.96,5454.02,0.0,0.0
Australia,Oceania,2020-09-14,25499881,2327.75,434710.06,32.57,5486.58,0.0,0.0
Australia,Oceania,2020-09-15,25499881,2306.77,437016.82,32.26,5518.84,0.0,0.0
Australia,Oceania,2020-09-16,25499881,2139.19,439156.01,23.83,5542.67,0.0,0.0
Australia,Oceania,2020-09-17,25499881,3027.75,442183.76,41.75,5584.42,0.0,0.0
Australia,Oceania,2020-09-18,25499881,2115.1,444298.86,17.54,5601.96,0.0,0.0
Australia,Oceania,2020-09-19,25499881,2051.52,446350.38,17.03,5618.99,0.0,0.0
Australia,Oceania,2020-09-20,25499881,1987.28,448337.66,21.84,5640.83,0.0,0.0
Australia,Oceania,2020-09-21,25499881,1782.14,450119.8,33.37,5674.19,0.0,0.0
Australia,Oceania,2020-09-22,25499881,2349.86,452469.66,29.5,5703.7,0.0,0.0
Australia,Oceania,2020-09-23,25499881,1858.44,454328.1,20.1,5723.8,0.0,0.0
Australia,Oceania,2020-09-24,25499881,1889.68,456217.78,35.03,5758.82,0.0,0.0
Australia,Oceania,2020-09-25,25499881,1890.91,458108.69,20.4,5779.22,0.0,0.0
Australia,Oceania,2020-09-26,25499881,1726.42,459835.11,38.59,5817.81,0.0,0.0
Australia,Oceania,2020-09-27,25499881,1451.14,461286.24,13.32,5831.14,0.0,0.0
Australia,Oceania,2020-09-28,25499881,1895.87,463182.11,14.66,5845.79,0.0,0.0
Australia,Oceania,2020-09-29,25499881,2358.47,465540.58,26.97,5872.77,0.0,0.0
Australia,Oceania,2020-09-30,25499881,2117.67,467658.25,23.42,5896.18,0.0,0.0
Australia,Oceania,2020-10-01,25499881,2591.86,470250.11,24.64,5920.83,0.0,0.0
Australia,Oceania,2020-10-02,25499881,2306.44,472556.55,48.49,5969.32,0.0,0.0
Australia,Oceania,2020-10-03,25499881,2225.94,474782.49,29.26,5998.58,0.0,0.0
Australia,Oceania,2020-10-04,25499881,2701.43,477483.91,36.13,6034.71,0.0,0.0
Australia,Oceania,2020-10-05,25499881,2009.44,479493.35,20.42,6055.13,0.0,0.0
Australia,Oceania,2020-10-06,25499881,2067.43,481560.78,20.19,6075.32,0.0,0.0
Australia,Oceania,2020-10-07,25499881,2044.23,483605.02,32.74,6108.05,0.0,0.0
Australia,Oceania,2020-10-08,25499881,2592.42,486197.44,17.7,6125.75,0.0,0.0
Australia,Oceania,2020-10-09,25499881,2057.77,488255.21,15.55,6141.3,0.0,0.0
Australia,Oceania,2020-10-10,25499881,1835.72,490090.94,20.05,6161.35,0.0,0.0
Australia,Oceania,2020-10-11,25499881,2274.95,492365.89,38.11,6199.46,0.0,0.0
Australia,Oceania,2020-10-12,25499881,1791.12,494157.01,18.5,6217.96,0.0,0.0
Australia,Oceania,2020-10-13,25499881,2271.96,496428.97,30.59,6248.55,0.0,0.0
Australia,Oceania,2020-10-14,25499881,2239.39,498668.36,27.09,6275.65,0.0,0.0
Australia,Oceania,2020-10-15,25499881,2038.39,500706.76,34.83,6310.48,0.0,0.0
Australia,Oceania,2020-10-16,25499881,2313.69,503020.44,15.09,6325.56,0.0,0.0
Australia,Oceania,2020-10-17,25499881,1606.7,504627.15,25.17,6350.73,0.0,0.0
Australia,Oceania,2020-10-18,25499881,2197.02,506824.17,24.77,6375.5,0.0,0.0
Australia,Oceania,2020-10-19,25499881,1991.34,508815.51,31.3,6406.8,0.0,0.0
Australia,Oceania,2020-10-20,25499881,3169.15,511984.66,31.48,6438.28,0.0,0.0
Australia,Oceania,2020-10-21,25499881,2236.67,514221.33,27.04,6465.31,0.0,0.0
Australia,Oceania,2020-10-22,25499881,1988.85,516210.18,23.05,6488.36,0.0,0.0
Australia,Oceania,2020-10-23,25499881,1731.29,517941.47,12.76,6501.11,0.0,0.0
Australia,Oceania,2020-10-24,25499881,2687.34,520628.82,22.0,6523.12,0.0,0.0
Australia,Oceania,2020-10-25,25499881,2125.3,522754.12,20.86,6543.98,0.0,0.0
Australia,Oceania,2020-10-26,25499881,1988.78,524742.9,24.9,6568.88,0.0,0.0
Australia,Oceania,2020-10-27,25499881,2401.95,527144.85,22.77,6591.65,0.0,0.0
Australia,Oceania,2020-10-28,25499881,2530.66,529675.51,27.73,6619.38,0.0,0.0
Australia,Oceania,2020-10-29,25499881,2544.65,532220.16,15.45,6634.83,0.0,0.0
Australia,Oceania,2020-10-30,25499881,2349.66,534569.82,25.23,6660.06,0.0,0.0
Australia,Oceania,2020-10-31,25499881,2418.87,536988.69,37.22,6697.27,0.0,0.0
Australia,Oceania,2020-11-01,25499881,2465.18,539453.87,35.22,6732.5,0.0,0.0
Australia,Oceania,2020-11-02,25499881,2522.9,541976.77,29.58,6762.08,0.0,0.0
Australia,Oceania,2020-11-03,25499881,2575.4,544552.17,32.85,6794.93,0.0,0.0
Australia,Oceania,2020-11-04,25499881,2831.59,547383.76,27.35,6822.28,0.0,0.0
Australia,Oceania,2020-11-05,25499881,2490.41,549874.17,42.88,6865.16,0.0,0.0
Australia,Oceania,2020-11-06,25499881,2207.15,552081.32,43.03,6908.19,0.0,0.0
Australia,Oceania,2020-11-07,25499881,2465.13,554546.45,30.9,6939.09,0.0,0.0
Australia,Oceania,2020-11-08,25499881,2802.23,557348.68,54.35,6993.44,0.0,0.0
Australia,Oceania,2020-11-09,25499881,1936.06,559284.74,17.79,7011.24,0.0,0.0
Australia,Oceania,2020-11-10,25499881,1961.14,561245.88,13.53,7024.76,0.0,0.0
Australia,Oceania,2020-11-11,25499881,2928.95,564174.83,29.47,7054.23,0.0,0.0
Australia,Oceania,2020-11-12,25499881,3162.8,567337.63,36.2,7090.43,0.0,0.0
Australia,Oceania,2020-11-13,25499881,2211.18,569548.81,45.03,7135.46,0.0,0.0
Australia,Oceania,2020-11-14,25499881,2712.4,572261.21,30.3,7165.76,0.0,0.0
Australia,Oceania,2020-11-15,25499881,2560.6,574821.81,23.85,7189.61,0.0,0.0
Australia,Oceania,2020-11-16,25499881,2632.28,577454.09,24.4,7214.01,0.0,0.0
Australia,Oceania,2020-11-17,25499881,2853.55,580307.64,43.36,7257.37,0.0,0.0
Australia,Oceania,2020-11-18,25499881,2317.02,582624.67,35.78,7293.15,0.0,0.0
Australia,Oceania,2020-11-19,25499881,2404.76,585029.43,24.97,7318.13,0.0,0.0
Australia,Oceania,2020-11-20,25499881,2709.42,587738.85,17.51,7335.63,0.0,0.0
Australia,Oceania,2020-11-21,25499881,2786.33,590525.18,24.41,7360.04,0.0,0.0
Australia,Oceania,2020-11-22,25499881,2465.24,592990.42,43.35,7403.39,0.0,0.0
Australia,Oceania,2020-11-23,25499881,3157.54,596147.96,43.4,7446.8,0.0,0.0
Australia,Oceania,2020-11-24,25499881,2756.55,598904.51,33.6,7480.4,0.0,0.0
Australia,Oceania,2020-11-25,25499881,2776.26,601680.77,48.27,7528.66,0.0,0.0
Australia,Oceania,2020-11-26,25499881,3043.68,604724.45,52.19,7580.85,0.0,0.0
Australia,Oceania,2020-11-27,25499881,2920.09,607644.54,34.75,7615.61,0.0,0.0
Australia,Oceania,2020-11-28,25499881,3278.38,610922.91,39.2,7654.81,0.0,0.0
Australia,Oceania,2020-11-29,25499881,2678.18,613601.09,27.48,7682.29,0.0,0.0
Australia,Oceania,2020-11-30,25499881,2534.94,616136.03,28.14,7710.43,0.0,0.0
Australia,Oceania,2020-12-01,25499881,2934.27,619070.29,23.32,7733.75,0.0,0.0
Australia,Oceania,2020-12-02,25499881,3081.93,622152.22,25.06,7758.81,0.0,0.0
Australia,Oceania,2020-12-03,25499881,2644.21,624796.43,17.95,7776.76,0.0,0.0
Australia,Oceania,2020-12-04,25499881,2609.82,627406.25,39.99,7816.75,0.0,0.0
Australia,Oceania,2020-12-05,25499881,3175.83,630582.08,25.62,7842.37,0.0,0.0
Australia,Oceania,2020-12-06,25499881,2862.69,633444.77,49.95,7892.32,0.0,0.0
Australia,Oceania,2020-12-07,25499881,2634.8,636079.57,25.77,7918.1,0.0,0.0
Australia,Oceania,2020-12-08,25499881,3495.68,639575.24,55.85,7973.95,0.0,0.0
Australia,Oceania,2020-12-09,25499881,2950.65,642525.89,32.49,8006.43,0.0,0.0
Australia,Oceania,2020-12-10,25499881,3587.5,646113.4,30.52,8036.95,0.0,0.0
Australia,Oceania,2020-12-11,25499881,3207.63,649321.03,48.76,8085.72,0.0,0.0
Australia,Oceania,2020-12-12,25499881,3312.72,652633.75,50.97,8136.68,0.0,0.0
Australia,Oceania,2020-12-13,25499881,3146.69,655780.44,30.51,8167.2,0.0,0.0
Australia,Oceania,2020-12-14,25499881,2301.83,658082.26,24.97,8192.16,0.0,0.0
Australia,Oceania,2020-12-15,25499881,2842.92,660925.18,26.87,8219.03,0.0,0.0
Australia,Oceania,2020-12-16,25499881,3205.69,664130.87,37.5,8256.54,0.0,0.0
Australia,Oceania,2020-12-17,25499881,3385.45,667516.32,41.49,8298.02,0.0,0.0
Australia,Oceania,2020-12-18,25499881,2638.73,670155.05,28.85,8326.88,0.0,0.0
Australia,Oceania,2020-12-19,25499881,3252.87,673407.92,24.48,8351.36,0.0,0.0
Australia,Oceania,2020-12-20,25499881,2884.54,676292.45,29.97,8381.33,0.0,0.0
Australia,Oceania,2020-12-21,25499881,3364.32,679656.77,46.0,8427.33,0.0,0.0
Australia,Oceania,2020-12-22,25499881,3279.46,682936.23,37.68,8465.01,2088451.89,2088451.89
Australia,Oceania,2020-12-23,25499881,3549.68,686485.92,39.98,8504.99,26853.4,2115305.29
Australia,Oceania,2020-12-24,25499881,3665.21,690151.13,36.54,8541.52,27157.13,2142462.43
Australia,Oceania,2020-12-25,25499881,3453.98,693605.11,36.57,8578.09,27463.22,2169925.65
Australia,Oceania,2020-12-26,25499881,3595.13,697200.24,54.41,8632.5,27771.67,2197697.31
Australia,Oceania,2020-12-27,25499881,3171.18,700371.42,28.94,8661.44,28082.45,2225779.77
Australia,Oceania,2020-12-28,25499881,4280.83,704652.25,57.14,8718.58,28395.58,2254175.34
Australia,Oceania,2020-12-29,25499881,2864.23,707516.48,34.75,8753.32,28711.02,2282886.36
Australia,Oceania,2020-12-30,25499881,3103.32,710619.8,39.2,8792.52,29028.76,2311915.13
Australia,Oceania,2020-12-31,25499881,3599.86,714219.66,37.34,8829.86,29348.81,2341263.93
Australia,Oceania,2021-01-01,25499881,3543.33,717762.99,39.71,8869.57,29671.12,2370935.05
Australia,Oceania,2021-01-02,25499881,3445.09,721208.08,41.3,8910.86,29995.7,2400930.76
Australia,Oceania,2021-01-03,25499881,3504.64,724712.71,37.89,8948.75,30322.53,2431253.28
Australia,Oceania,2021-01-04,25499881,2531.95,727244.66,33.03,8981.79,30651.58,2461904.86
Australia,Oceania,2021-01-05,25499881,3809.51,731054.17,49.37,9031.16,30982.83,2492887.69
Australia,Oceania,2021-01-06,25499881,3173.11,734227.28,55.46,9086.62,31316.27,2524203.97
Australia,Oceania,2021-01-07,25499881,3670.92,737898.2,46.28,9132.9,31651.88,2555855.85
Australia,Oceania,2021-01-08,25499881,2512.66,740410.86,14.85,9147.75,31989.63,2587845.48
Australia,Oceania,2021-01-09,25499881,3302.92,743713.78,48.94,9196.69,32329.5,2620174.98
Australia,Oceania,2021-01-10,25499881,3003.8,746717.57,34.41,9231.11,32671.46,2652846.43
Australia,Oceania,2021-01-11,25499881,3388.36,750105.93,56.76,9287.86,33015.49,2685861.92
Australia,Oceania,2021-01-12,25499881,3285.38,753391.32,51.19,9339.05,33361.55,2719223.47
Australia,Oceania,2021-01-13,25499881,3288.03,756679.35,35.41,9374.47,33709.63,2752933.11
Australia,Oceania,2021-01-14,25499881,2774.01,759453.36,39.06,9413.53,34059.7,2786992.8
Australia,Oceania,2021-01-15,25499881,3108.67,762562.03,32.55,9446.08,34411.71,2821404.51
Australia,Oceania,2021-01-16,25499881,3048.76,765610.79,36.61,9482.69,34765.65,2856170.16
Australia,Oceania,2021-01-17,25499881,3267.64,768878.43,44.62,9527.31,35121.47,2891291.63
Australia,Oceania,2021-01-18,25499881,3422.28,772300.71,49.97,9577.28,35479.14,2926770.76
Australia,Oceania,2021-01-19,25499881,3109.73,775410.44,44.48,9621.76,35838.63,2962609.39
Australia,Oceania,2021-01-20,25499881,2590.74,778001.18,31.69,9653.45,36199.89,2998809.28
Australia,Oceania,2021-01-21,25499881,3054.7,781055.88,56.52,9709.97,36562.9,3035372.18
Australia,Oceania,2021-01-22,25499881,3909.92,784965.8,44.0,9753.97,36927.61,3072299.79
Australia,Oceania,2021-01-23,25499881,3550.48,788516.28,29.75,9783.72,37293.97,3109593.76
Australia,Oceania,2021-01-24,25499881,1911.05,790427.33,11.61,9795.33,37661.96,3147255.72
Australia,Oceania,2021-01-25,25499881,2951.36,793378.68,47.21,9842.54,38031.52,3185287.23
Australia,Oceania,2021-01-26,25499881,3231.93,796610.61,38.17,9880.71,38402.6,3223689.83
Australia,Oceania,2021-01-27,25499881,2817.79,799428.4,35.09,9915.8,38775.17,3262465.0
Australia,Oceania,2021-01-28,25499881,2695.94,802124.35,28.01,9943.81,39149.17,3301614.17
Australia,Oceania,2021-01-29,25499881,2738.36,804862.71,29.24,9973.05,39524.56,3341138.73
Australia,Oceania,2021-01-30,25499881,2999.38,807862.09,29.7,10002.74,39901.28,3381040.0
Australia,Oceania,2021-01-31,25499881,2377.96,810240.04,32.3,10035.05,40279.28,3421319.28
Australia,Oceania,2021-02-01,25499881,3169.29,813409.34,37.25,10072.3,40658.51,3461977.79
Australia,Oceania,2021-02-02,25499881,2706.53,816115.86,35.96,10108.26,41038.91,3503016.7
Australia,Oceania,2021-02-03,25499881,2371.3,818487.17,31.17,10139.43,41420.43,3544437.13
Australia,Oceania,2021-02-04,25499881,3064.11,821551.27,33.36,10172.79,41803.01,3586240.14
Australia,Oceania,2021-02-05,25499881,2101.41,823652.68,13.55,10186.34,42186.59,3628426.74
Australia,Oceania,2021-02-06,25499881,2419.14,826071.83,16.66,10203.0,42571.11,3670997.85
Australia,Oceania,2021-02-07,25499881,2384.28,828456.11,52.82,10255.83,42956.51,3713954.36
Australia,Oceania,2021-02-08,25499881,3305.32,831761.43,51.49,10307.32,43342.72,3757297.08
Australia,Oceania,2021-02-09,25499881,2285.46,834046.89,38.15,10345.46,43729.69,3801026.77
Australia,Oceania,2021-02-10,25499881,1740.96,835787.84,15.49,10360.96,44117.33,3845144.1
Australia,Oceania,2021-02-11,25499881,2261.28,838049.13,27.21,10388.17,44505.59,3889649.69
Australia,Oceania,2021-02-12,25499881,2593.84,840642.97,24.6,10412.77,44894.4,3934544.1
Australia,Oceania,2021-02-13,25499881,2678.1,843321.07,21.64,10434.41,45283.69,3979827.78
Australia,Oceania,2021-02-14,25499881,3169.52,846490.59,33.32,10467.74,45673.37,4025501.15
Australia,Oceania,2021-02-15,25499881,2834.05,849324.64,44.62,10512.36,46063.39,4071564.55
Australia,Oceania,2021-02-16,25499881,2376.15,851700.79,35.24,10547.6,46453.67,4118018.22
Australia,Oceania,2021-02-17,25499881,1967.0,853667.79,15.84,10563.44,46844.13,4164862.35
Australia,Oceania,2021-02-18,25499881,2815.92,856483.71,31.27,10594.71,47234.69,4212097.04
Australia,Oceania,2021-02-19,25499881,2086.94,858570.65,31.04,10625.75,47625.27,4259722.31
Australia,Oceania,2021-02-20,25499881,1953.95,860524.6,18.88,10644.63,48015.8,4307738.11
Australia,Oceania,2021-02-21,25499881,2006.66,862531.25,24.72,10669.34,48406.2,4356144.31
Australia,Oceania,2021-02-22,25499881,1682.64,864213.9,23.41,10692.75,48796.37,4404940.68
Australia,Oceania,2021-02-23,25499881,1926.5,866140.39,26.25,10719.0,49186.24,4454126.92
Australia,Oceania,2021-02-24,25499881,1976.01,868116.4,25.75,10744.74,49575.73,4503702.65
Australia,Oceania,2021-02-25,25499881,2281.71,870398.11,22.15,10766.89,49964.74,4553667.39
Australia,Oceania,2021-02-26,25499881,1858.6,872256.71,17.9,10784.79,50353.18,4604020.57
Australia,Oceania,2021-02-27,25499881,1519.36,873776.06,9.16,10793.95,50740.98,4654761.55
Australia,Oceania,2021-02-28,25499881,1370.3,875146.36,3.95,10797.9,51128.04,4705889.59
Australia,Oceania,2021-03-01,25499881,1973.75,877120.11,22.77,10820.67,51514.27,4757403.86
Australia,Oceania,2021-03-02,25499881,1894.75,879014.86,29.27,10849.94,51899.57,4809303.43
Australia,Oceania,2021-03-03,25499881,1644.41,880659.27,8.69,10858.63,52283.86,4861587.28
Australia,Oceania,2021-03-04,25499881,1644.1,882303.37,21.91,10880.54,52667.03,4914254.31
Australia,Oceania,2021-03-05,25499881,1913.17,884216.54,29.24,10909.78,53049.0,4967303.32
Australia,Oceania,2021-03-06,25499881,2233.61,886450.16,12.11,10921.89,53429.67,5020732.99
Australia,Oceania,2021-03-07,25499881,1443.84,887894.0,15.16,10937.05,53808.95,5074541.94
Australia,Oceania,2021-03-08,25499881,1718.24,889612.23,33.79,10970.84,54186.72,5128728.66
Australia,Oceania,2021-03-09,25499881,1993.03,891605.26,28.33,10999.17,54562.9,5183291.56
Australia,Oceania,2021-03-10,25499881,1356.8,892962.06,1.32,11000.49,54937.39,5238228.95
Australia,Oceania,2021-03-11,25499881,1594.1,894556.16,24.4,11024.88,55310.08,5293539.03
Australia,Oceania,2021-03-12,25499881,1557.73,896113.89,12.71,11037.59,55680.88,5349219.91
Australia,Oceania,2021-03-13,25499881,1083.89,897197.78,18.54,11056.13,56049.67,5405269.58
Australia,Oceania,2021-03-14,25499881,1574.0,898771.78,13.37,11069.5,56416.37,5461685.95
Australia,Oceania,2021-03-15,25499881,1498.62,900270.4,17.56,11087.06,56780.87,5518466.82
Australia,Oceania,2021-03-16,25499881,1654.82,901925.22,15.56,11102.61,57143.06,5575609.88
Australia,Oceania,2021-03-17,25499881,1018.5,902943.72,12.25,11114.86,57502.84,5633112.71
Australia,Oceania,2021-03-18,25499881,1411.2,904354.92,12.4,11127.26,57860.1,5690972.82
Australia,Oceania,2021-03-19,25499881,1865.56,906220.48,20.6,11147.86,58214.75,5749187.56
Australia,Oceania,2021-03-20,25499881,2083.78,908304.26,15.6,11163.46,58566.67,5807754.23
Australia,Oceania,2021-03-21,25499881,1779.86,910084.12,25.28,11188.74,58915.76,5866670.0
Australia,Oceania,2021-03-22,25499881,895.49,910979.62,12.15,11200.89,59261.92,5925931.92
Australia,Oceania,2021-03-23,25499881,1441.48,912421.1,4.37,11205.25,59605.04,5985536.96
Australia,Oceania,2021-03-24,25499881,1091.17,913512.27,21.04,11226.29,59945.01,6045481.97
Australia,Oceania,2021-03-25,25499881,1336.81,914849.08,14.63,11240.92,60281.73,6105763.7
Australia,Oceania,2021-03-26,25499881,944.88,915793.96,12.63,11253.55,60615.09,6166378.79
Australia,Oceania,2021-03-27,25499881,593.69,916387.66,13.24,11266.8,60944.99,6227323.79
Australia,Oceania,2021-03-28,25499881,1051.64,917439.29,15.25,11282.04,61271.32,6288595.11
Australia,Oceania,2021-03-29,25499881,1404.5,918843.79,26.18,11308.22,61593.98,6350189.09
Australia,Oceania,2021-03-30,25499881,1232.34,920076.13,12.44,11320.66,61912.86,6412101.94
Australia,Oceania,2021-03-31,25499881,1253.11,921329.24,23.31,11343.97,62227.85,6474329.79
Australia,Oceania,2021-04-01,25499881,1168.93,922498.17,15.01,11358.98,62538.85,6536868.64
Australia,Oceania,2021-04-02,25499881,1216.53,923714.69,18.66,11377.64,62845.77,6599714.41
Australia,Oceania,2021-04-03,25499881,1242.62,924957.31,18.14,11395.78,63148.49,6662862.9
Australia,Oceania,2021-04-04,25499881,944.13,925901.44,21.26,11417.04,63446.91,6726309.81
Australia,Oceania,2021-04-05,25499881,1052.88,926954.32,18.41,11435.44,63740.93,6790050.74
Australia,Oceania,2021-04-06,25499881,1618.25,928572.57,15.88,11451.32,64030.45,6854081.19
Australia,Oceania,2021-04-07,25499881,1042.71,929615.28,7.38,11458.7,64315.37,6918396.57
Australia,Oceania,2021-04-08,25499881,993.44,930608.72,11.52,11470.22,64595.6,6982992.16
Australia,Oceania,2021-04-09,25499881,1000.75,931609.47,5.93,11476.15,64871.02,7047863.18
Australia,Oceania,2021-04-10,25499881,875.35,932484.82,2.09,11478.24,65141.54,7113004.72
Australia,Oceania,2021-04-11,25499881,786.78,933271.6,0.0,11478.24,65407.08,7178411.8
Australia,Oceania,2021-04-12,25499881,1000.42,934272.02,0.0,11478.24,65667.52,7244079.32
Australia,Oceania,2021-04-13,25499881,739.29,935011.31,24.75,11502.99,65922.79,7310002.11
Australia,Oceania,2021-04-14,25499881,854.96,935866.28,5.01,11508.0,66172.78,7376174.89
Australia,Oceania,2021-04-15,25499881,619.51,936485.79,22.66,11530.66,66417.4,7442592.29
Australia,Oceania,2021-04-16,25499881,925.0,937410.79,14.33,11544.99,66656.57,7509248.86
Australia,Oceania,2021-04-17,25499881,1083.36,938494.15,12.6,11557.59,66890.2,7576139.06
Australia,Oceania,2021-04-18,25499881,797.14,939291.29,0.0,11557.59,67118.19,7643257.25
Australia,Oceania,2021-04-19,25499881,161.51,939452.8,1.98,11559.57,67340.47,7710597.72
Australia,Oceania,2021-04-20,25499881,1064.92,940517.72,27.92,11587.48,67556.95,7778154.67
Australia,Oceania,2021-04-21,25499881,894.93,941412.65,23.2,11610.68,67767.55,7845922.21
Australia,Oceania,2021-04-22,25499881,500.53,941913.18,8.2,11618.88,67972.19,7913894.4
Australia,Oceania,2021-04-23,25499881,1114.83,943028.01,4.19,11623.07,68170.79,7982065.19
Australia,Oceania,2021-04-24,25499881,351.49,943379.5,0.0,11623.07,68363.27,8050428.46
Australia,Oceania,2021-04-25,25499881,1204.33,944583.83,7.63,11630.7,68549.57,8118978.04
Australia,Oceania,2021-04-26,25499881,816.58,945400.41,20.02,11650.73,68729.61,8187707.64
Australia,Oceania,2021-04-27,25499881,41.53,945441.94,13.55,11664.28,68903.31,8256610.96
Australia,Oceania,2021-04-28,25499881,897.75,946339.69,12.34,11676.62,69070.62,8325681.58
Australia,Oceania,2021-04-29,25499881,693.62,947033.31,5.9,11682.52,69231.47,8394913.05
Australia,Oceania,2021-04-30,25499881,642.08,947675.4,20.09,11702.61,69385.79,8464298.84
Australia,Oceania,2021-05-01,25499881,580.72,948256.11,0.0,11702.61,69533.52,8533832.36
Australia,Oceania,2021-05-02,25499881,797.08,949053.19,9.98,11712.59,69674.61,8603506.97
Australia,Oceania,2021-05-03,25499881,675.22,949728.42,11.81,11724.4,69809.0,8673315.97
Australia,Oceania,2021-05-04,25499881,199.38,949927.79,0.0,11724.4,69936.63,8743252.6
Australia,Oceania,2021-05-05,25499881,1299.37,951227.16,10.51,11734.9,70057.46,8813310.06
Australia,Oceania,2021-05-06,25499881,774.3,952001.46,3.58,11738.49,70171.43,8883481.5
Australia,Oceania,2021-05-07,25499881,610.07,952611.53,18.65,11757.14,70278.51,8953760.01
Australia,Oceania,2021-05-08,25499881,478.47,953090.0,21.06,11778.2,70378.64,9024138.65
Australia,Oceania,2021-05-09,25499881,1151.09,954241.1,14.73,11792.93,70471.8,9094610.45
Australia,Oceania,2021-05-10,25499881,435.55,954676.65,3.08,11796.01,70557.93,9165168.38
Australia,Oceania,2021-05-11,25499881,946.31,955622.95,6.56,11802.57,70637.01,9235805.39
Australia,Oceania,2021-05-12,25499881,705.29,956328.24,8.48,11811.04,70709.0,9306514.39
Australia,Oceania,2021-05-13,25499881,736.56,957064.81,4.44,11815.48,70773.87,9377288.26
Australia,Oceania,2021-05-14,25499881,545.85,957610.66,5.77,11821.25,70831.61,9448119.87
Australia,Oceania,2021-05-15,25499881,727.36,958338.02,12.03,11833.29,70882.18,9519002.05
Australia,Oceania,2021-05-16,25499881,960.67,959298.68,8.29,11841.57,70925.56,9589927.61
Australia,Oceania,2021-05-17,25499881,1053.79,960352.47,11.13,11852.7,70961.74,9660889.35
Australia,Oceania,2021-05-18,25499881,711.04,961063.51,7.05,11859.75,70990.7,9731880.05
Australia,Oceania,2021-05-19,25499881,969.48,962032.99,9.09,11868.84,71012.43,9802892.49
Australia,Oceania,2021-05-20,25499881,1328.29,963361.28,12.41,11881.25,71026.93,9873919.42
Australia,Oceania,2021-05-21,25499881,452.16,963813.44,11.52,11892.78,71034.17,9944953.59
Australia,Oceania,2021-05-22,25499881,1049.35,964862.79,0.0,11892.78,71034.17,10015987.76
Australia,Oceania,2021-05-23,25499881,736.95,965599.74,21.44,11914.21,71026.93,10087014.69
Australia,Oceania,2021-05-24,25499881,720.17,966319.91,9.73,11923.94,71012.43,10158027.13
Australia,Oceania,2021-05-25,25499881,1199.55,967519.47,19.27,11943.21,70990.7,10229017.83
Australia,Oceania,2021-05-26,25499881,937.65,968457.12,17.05,11960.27,70961.74,10299979.57
Australia,Oceania,2021-05-27,25499881,723.59,969180.71,3.02,11963.29,70925.56,10370905.13
Australia,Oceania,2021-05-28,25499881,1634.64,970815.35,12.3,11975.59,70882.18,10441787.31
Australia,Oceania,2021-05-29,25499881,1515.52,972330.87,9.93,11985.51,70831.61,10512618.92
Australia,Oceania,2021-05-30,25499881,540.21,972871.08,4.51,11990.02,70773.87,10583392.79
Australia,Oceania,2021-05-31,25499881,724.16,973595.24,14.28,12004.3,70709.0,10654101.79
Australia,Oceania,2021-06-01,25499881,1472.28,975067.52,13.0,12017.3,70637.01,10724738.8
Australia,Oceania,2021-06-02,25499881,1189.88,976257.4,19.14,12036.44,70557.93,10795296.73
Australia,Oceania,2021-06-03,25499881,1840.44,978097.84,3.14,12039.59,70471.8,10865768.53
Australia,Oceania,2021-06-04,25499881,1557.26,979655.1,15.6,12055.19,70378.64,10936147.17
Australia,Oceania,2021-06-05,25499881,1473.28,981128.38,27.02,12082.2,70278.51,11006425.68
Australia,Oceania,2021-06-06,25499881,1038.36,982166.74,11.09,12093.3,70171.43,11076597.12
Australia,Oceania,2021-06-07,25499881,1596.18,983762.92,12.52,12105.82,70057.46,11146654.58
Australia,Oceania,2021-06-08,25499881,1006.43,984769.35,6.82,12112.64,69936.63,11216591.21
Australia,Oceania,2021-06-09,25499881,1939.14,986708.49,0.0,12112.64,69809.0,11286400.21
Australia,Oceania,2021-06-10,25499881,1660.0,988368.49,11.83,12124.47,69674.61,11356074.82
Australia,Oceania,2021-06-11,25499881,1254.07,989622.56,23.51,12147.97,69533.52,11425608.34
Australia,Oceania,2021-06-12,25499881,1855.48,991478.04,17.6,12165.58,69385.79,11494994.13
Australia,Oceania,2021-06-13,25499881,2390.0,993868.04,24.96,12190.54,69231.47,11564225.6
Australia,Oceania,2021-06-14,25499881,1561.47,995429.52,0.08,12190.62,69070.62,11633296.22
Australia,Oceania,2021-06-15,25499881,1862.98,997292.49,9.31,12199.93,68903.31,11702199.54
Australia,Oceania,2021-06-16,25499881,1552.4,998844.89,28.15,12228.08,68729.61,11770929.14
Australia,Oceania,2021-06-17,25499881,1767.12,1000612.01,26.14,12254.23,68549.57,11839478.72
Australia,Oceania,2021-06-18,25499881,1243.91,1001855.93,4.55,12258.77,68363.27,11907841.99
Australia,Oceania,2021-06-19,25499881,1805.93,1003661.86,16.63,12275.4,68170.79,11976012.78
Australia,Oceania,2021-06-20,25499881,1856.5,1005518.35,22.04,12297.45,67972.19,12043984.97
Australia,Oceania,2021-06-21,25499881,2506.47,1008024.83,20.51,12317.95,67767.55,12111752.51
Australia,Oceania,2021-06-22,25499881,1284.58,1009309.4,0.0,12317.95,67556.95,12179309.46
Australia,Oceania,2021-06-23,25499881,1850.94,1011160.34,20.94,12338.89,67340.47,12246649.93
Australia,Oceania,2021-06-24,25499881,2436.91,1013597.25,33.82,12372.72,67118.19,12313768.12
Australia,Oceania,2021-06-25,25499881,1938.65,1015535.9,28.0,12400.71,66890.2,12380658.32
Australia,Oceania,2021-06-26,25499881,2000.87,1017536.77,31.01,12431.73,66656.57,12447314.89
Australia,Oceania,2021-06-27,25499881,1807.12,1019343.89,9.26,12440.98,66417.4,12513732.29
Australia,Oceania,2021-06-28,25499881,1810.6,1021154.48,22.19,12463.17,66172.78,12579905.07
Australia,Oceania,2021-06-29,25499881,1536.52,1022691.01,16.29,12479.46,65922.79,12645827.86
Australia,Oceania,2021-06-30,25499881,1994.21,1024685.21,23.23,12502.7,65667.52,12711495.38
Australia,Oceania,2021-07-01,25499881,1907.29,1026592.51,21.19,12523.89,65407.08,12776902.46
Australia,Oceania,2021-07-02,25499881,2334.28,1028926.79,22.73,12546.62,65141.54,12842044.0
Australia,Oceania,2021-07-03,25499881,2056.92,1030983.7,0.54,12547.16,64871.02,12906915.02
Australia,Oceania,2021-07-04,25499881,2204.6,1033188.3,35.75,12582.91,64595.6,12971510.61
Australia,Oceania,2021-07-05,25499881,2254.24,1035442.54,29.69,12612.6,64315.37,13035825.99
Australia,Oceania,2021-07-06,25499881,2435.88,1037878.42,17.36,12629.96,64030.45,13099856.44
Australia,Oceania,2021-07-07,25499881,2308.15,1040186.57,31.48,12661.44,63740.93,13163597.37
Australia,Oceania,2021-07-08,25499881,2162.03,1042348.6,22.37,12683.8,63446.91,13227044.28
Australia,Oceania,2021-07-09,25499881,2604.32,1044952.92,27.9,12711.7,63148.49,13290192.77
Australia,Oceania,2021-07-10,25499881,2988.66,1047941.59,29.72,12741.42,62845.77,13353038.54
Australia,Oceania,2021-07-11,25499881,2700.82,1050642.41,36.71,12778.13,62538.85,13415577.39
Australia,Oceania,2021-07-12,25499881,2483.28,1053125.69,23.4,12801.53,62227.85,13477805.24
Australia,Oceania,2021-07-13,25499881,2694.51,1055820.19,23.56,12825.09,61912.86,13539718.09
Australia,Oceania,2021-07-14,25499881,2060.78,1057880.97,33.78,12858.87,61593.98,13601312.07
Australia,Oceania,2021-07-15,25499881,2770.59,1060651.56,31.82,12890.69,61271.32,13662583.39
Australia,Oceania,2021-07-16,25499881,2720.09,1063371.65,31.46,12922.15,60944.99,13723528.39
Australia,Oceania,2021-07-17,25499881,2574.28,1065945.93,36.43,12958.58,60615.09,13784143.48
Australia,Oceania,2021-07-18,25499881,2678.44,1068624.37,26.8,12985.38,60281.73,13844425.21
Australia,Oceania,2021-07-19,25499881,2838.66,1071463.03,30.32,13015.7,59945.01,13904370.22
Australia,Oceania,2021-07-20,25499881,3370.04,1074833.07,42.89,13058.58,59605.04,13963975.26
Australia,Oceania,2021-07-21,25499881,3445.18,1078278.25,29.01,13087.59,59261.92,14023237.18
Australia,Oceania,2021-07-22,25499881,2778.21,1081056.46,35.11,13122.7,58915.76,14082152.95
Australia,Oceania,2021-07-23,25499881,2961.61,1084018.07,29.49,13152.2,58566.67,14140719.62
Australia,Oceania,2021-07-24,25499881,3010.19,1087028.26,42.97,13195.16,58214.75,14198934.36
Australia,Oceania,2021-07-25,25499881,3505.33,1090533.59,46.44,13241.6,57860.1,14256794.47
Australia,Oceania,2021-07-26,25499881,3312.03,1093845.62,43.06,13284.66,57502.84,14314297.3
Australia,Oceania,2021-07-27,25499881,3332.39,1097178.02,27.13,13311.79,57143.06,14371440.36
Australia,Oceania,2021-07-28,25499881,3526.09,1100704.11,41.49,13353.28,56780.87,14428221.23
Australia,Oceania,2021-07-29,25499881,3167.78,1103871.89,28.6,13381.87,56416.37,14484637.6
Australia,Oceania,2021-07-30,25499881,3891.63,1107763.52,46.4,13428.28,56049.67,14540687.27
Australia,Oceania,2021-07-31,25499881,3451.01,1111214.52,22.89,13451.17,55680.88,14596368.15
Australia,Oceania,2021-08-01,25499881,3188.96,1114403.49,25.94,13477.11,55310.08,14651678.23
Australia,Oceania,2021-08-02,25499881,3444.63,1117848.12,50.85,13527.96,54937.39,14706615.62
Australia,Oceania,2021-08-03,25499881,3992.17,1121840.28,50.86,13578.82,54562.9,14761178.52
Australia,Oceania,2021-08-04,25499881,3447.68,1125287.97,38.54,13617.36,54186.72,14815365.24
Australia,Oceania,2021-08-05,25499881,3963.8,1129251.76,40.3,13657.65,53808.95,14869174.19
Australia,Oceania,2021-08-06,25499881,3447.0,1132698.77,32.69,13690.34,53429.67,14922603.86
Australia,Oceania,2021-08-07,25499881,3431.75,1136130.52,42.78,13733.13,53049.0,14975652.87
Australia,Oceania,2021-08-08,25499881,3963.85,1140094.37,44.82,13777.94,52667.03,15028319.9
Australia,Oceania,2021-08-09,25499881,3459.75,1143554.11,53.89,13831.83,52283.86,15080603.75
Australia,Oceania,2021-08-10,25499881,4085.54,1147639.65,47.55,13879.38,51899.57,15132503.32
Australia,Oceania,2021-08-11,25499881,3952.07,1151591.72,47.89,13927.28,51514.27,15184017.59
Australia,Oceania,2021-08-12,25499881,3553.91,1155145.63,31.54,13958.81,51128.04,15235145.63
Australia,Oceania,2021-08-13,25499881,3864.63,1159010.25,43.49,14002.3,50740.98,15285886.61
Australia,Oceania,2021-08-14,25499881,3726.8,1162737.06,46.14,14048.44,50353.18,15336239.79
Australia,Oceania,2021-08-15,25499881,4069.52,1166806.57,45.85,14094.29,49964.74,15386204.53
Australia,Oceania,2021-08-16,25499881,4635.84,1171442.41,51.75,14146.04,49575.73,15435780.26
Australia,Oceania,2021-08-17,25499881,3872.31,1175314.73,49.08,14195.12,49186.24,15484966.5
Australia,Oceania,2021-08-18,25499881,4215.03,1179529.76,62.7,14257.82,48796.37,15533762.87
Australia,Oceania,2021-08-19,25499881,4062.09,1183591.85,49.9,14307.73,48406.2,15582169.07
Australia,Oceania,2021-08-20,25499881,4086.44,1187678.29,58.19,14365.92,48015.8,15630184.87
Australia,Oceania,2021-08-21,25499881,4043.83,1191722.13,53.5,14419.42,47625.27,15677810.14
Australia,Oceania,2021-08-22,25499881,3824.31,1195546.44,54.57,14473.98,47234.69,15725044.83
Australia,Oceania,2021-08-23,25499881,4263.57,1199810.01,46.29,14520.27,46844.13,15771888.96
Australia,Oceania,2021-08-24,25499881,4066.17,1203876.18,47.14,14567.41,46453.67,15818342.63
Australia,Oceania,2021-08-25,25499881,3870.58,1207746.76,44.82,14612.23,46063.39,15864406.03
Australia,Oceania,2021-08-26,25499881,4561.32,1212308.08,59.11,14671.34,45673.37,15910079.4
Australia,Oceania,2021-08-27,25499881,4259.16,1216567.24,57.45,14728.79,45283.69,15955363.08
Australia,Oceania,2021-08-28,25499881,4161.85,1220729.09,50.94,14779.73,44894.4,16000257.49
Australia,Oceania,2021-08-29,25499881,4726.91,1225456.0,63.74,14843.46,44505.59,16044763.08
Australia,Oceania,2021-08-30,25499881,3630.48,1229086.48,39.06,14882.52,44117.33,16088880.41
Australia,Oceania,2021-08-31,25499881,4732.81,1233819.29,63.88,14946.4,43729.69,16132610.1
Australia,Oceania,2021-09-01,25499881,3992.46,1237811.76,56.04,15002.44,43342.72,16175952.82
Australia,Oceania,2021-09-02,25499881,4386.75,1242198.5,58.06,15060.5,42956.51,16218909.33
Australia,Oceania,2021-09-03,25499881,4118.04,1246316.54,50.49,15110.99,42571.11,16261480.44
Australia,Oceania,2021-09-04,25499881,4010.93,1250327.47,53.84,15164.83,42186.59,16303667.04
Australia,Oceania,2021-09-05,25499881,4802.91,1255130.38,50.48,15215.31,41803.01,16345470.05
Australia,Oceania,2021-09-06,25499881,5000.74,1260131.12,61.6,15276.9,41420.43,16386890.48
Australia,Oceania,2021-09-07,25499881,4280.59,1264411.71,53.77,15330.67,41038.91,16427929.39
Australia,Oceania,2021-09-08,25499881,4481.33,1268893.03,43.14,15373.81,40658.51,16468587.9
Australia,Oceania,2021-09-09,25499881,4388.68,1273281.71,56.46,15430.28,40279.28,16508867.18
Australia,Oceania,2021-09-10,25499881,4978.16,1278259.87,49.75,15480.02,39901.28,16548768.45
Australia,Oceania,2021-09-11,25499881,3635.56,1281895.43,40.2,15520.23,39524.56,16588293.01
Australia,Oceania,2021-09-12,25499881,4508.75,1286404.18,54.42,15574.65,39149.17,16627442.18
Australia,Oceania,2021-09-13,25499881,4122.78,1290526.97,43.63,15618.28,38775.17,16666217.35
Australia,Oceania,2021-09-14,25499881,3552.13,1294079.1,43.29,15661.56,38402.6,16704619.95
Australia,Oceania,2021-09-15,25499881,4248.89,1298327.99,51.52,15713.08,38031.52,16742651.46
Australia,Oceania,2021-09-16,25499881,5019.18,1303347.17,53.67,15766.75,37661.96,16780313.42
Australia,Oceania,2021-09-17,25499881,4138.95,1307486.12,54.21,15820.96,37293.97,16817607.39
Australia,Oceania,2021-09-18,25499881,4640.47,1312126.59,49.57,15870.53,36927.61,16854535.0
Australia,Oceania,2021-09-19,25499881,4777.3,1316903.89,75.63,15946.17,36562.9,16891097.9
Australia,Oceania,2021-09-20,25499881,4346.32,1321250.21,51.28,15997.45,36199.89,16927297.79
Australia,Oceania,2021-09-21,25499881,4384.86,1325635.08,43.25,16040.69,35838.63,16963136.42
Australia,Oceania,2021-09-22,25499881,3732.88,1329367.96,36.92,16077.61,35479.14,16998615.55
Australia,Oceania,2021-09-23,25499881,4072.77,1333440.73,58.05,16135.67,35121.47,17033737.02
Australia,Oceania,2021-09-24,25499881,4629.67,1338070.4,52.28,16187.95,34765.65,17068502.67
Australia,Oceania,2021-09-25,25499881,4321.22,1342391.62,40.94,16228.89,34411.71,17102914.38
Australia,Oceania,2021-09-26,25499881,4415.3,1346806.92,59.81,16288.71,34059.7,17136974.07
Australia,Oceania,2021-09-27,25499881,4319.06,1351125.98,48.5,16337.21,33709.63,17170683.71
Australia,Oceania,2021-09-28,25499881,5024.38,1356150.36,65.52,16402.73,33361.55,17204045.26
Australia,Oceania,2021-09-29,25499881,4090.23,1360240.58,56.57,16459.3,33015.49,17237060.75
Australia,Oceania,2021-09-30,25499881,4785.55,1365026.14,59.62,16518.92,32671.46,17269732.2
Australia,Oceania,2021-10-01,25499881,4252.17,1369278.31,70.19,16589.12,32329.5,17302061.7
Australia,Oceania,2021-10-02,25499881,4779.24,1374057.55,43.55,16632.67,31989.63,17334051.33
Australia,Oceania,2021-10-03,25499881,3737.42,1377794.96,38.31,16670.97,31651.88,17365703.21
Australia,Oceania,2021-10-04,25499881,4209.75,1382004.71,48.47,16719.44,31316.27,17397019.49
Australia,Oceania,2021-10-05,25499881,3985.38,1385990.09,65.91,16785.36,30982.83,17428002.32
Australia,Oceania,2021-10-06,25499881,4149.14,1390139.23,64.17,16849.53,30651.58,17458653.9
Australia,Oceania,2021-10-07,25499881,4504.43,1394643.66,64.36,16913.89,30322.53,17488976.42
Australia,Oceania,2021-10-08,25499881,4184.59,1398828.25,43.86,16957.76,29995.7,17518972.13
Australia,Oceania,2021-10-09,25499881,4453.71,1403281.95,48.02,17005.78,29671.12,17548643.25
Australia,Oceania,2021-10-10,25499881,3765.73,1407047.68,38.56,17044.34,29348.81,17577992.05
Australia,Oceania,2021-10-11,25499881,3685.24,1410732.93,37.96,17082.3,29028.76,17607020.82
Australia,Oceania,2021-10-12,25499881,3951.01,1414683.93,59.35,17141.65,28711.02,17635731.84
Australia,Oceania,2021-10-13,25499881,3903.21,1418587.14,44.89,17186.54,28395.58,17664127.41
Australia,Oceania,2021-10-14,25499881,3822.3,1422409.44,44.98,17231.51,28082.45,17692209.87
Australia,Oceania,2021-10-15,25499881,3521.71,1425931.14,48.46,17279.97,27771.67,17719981.53
Australia,Oceania,2021-10-16,25499881,4245.92,1430177.07,37.64,17317.61,27463.22,17747444.75
Australia,Oceania,2021-10-17,25499881,3667.88,1433844.95,44.44,17362.05,27157.13,17774601.89
Australia,Oceania,2021-10-18,25499881,4261.81,1438106.76,42.37,17404.41,26853.4,17801455.29
Australia,Oceania,2021-10-19,25499881,3734.31,1441841.07,42.46,17446.87,26552.05,17828007.34
Australia,Oceania,2021-10-20,25499881,3923.33,1445764.4,42.39,17489.26,26253.08,17854260.42
Australia,Oceania,2021-10-21,25499881,3857.51,1449621.91,41.19,17530.45,25956.49,17880216.91
Australia,Oceania,2021-10-22,25499881,3339.17,1452961.07,41.87,17572.32,25662.3,17905879.21
Australia,Oceania,2021-10-23,25499881,3720.97,1456682.05,46.42,17618.74,25370.51,17931249.72
Australia,Oceania,2021-10-24,25499881,4231.62,1460913.67,49.02,17667.76,25081.12,17956330.83
Australia,Oceania,2021-10-25,25499881,3608.51,1464522.18,46.27,17714.03,24794.14,17981124.97
Australia,Oceania,2021-10-26,25499881,3799.14,1468321.32,38.64,17752.67,24509.56,18005634.54
Australia,Oceania,2021-10-27,25499881,3689.12,1472010.44,49.72,17802.39,24227.41,18029861.94
Australia,Oceania,2021-10-28,25499881,3516.28,1475526.72,40.55,17842.94,23947.66,18053809.61
Australia,Oceania,2021-10-29,25499881,3436.0,1478962.72,37.36,17880.3,23670.34,18077479.94
Australia,Oceania,2021-10-30,25499881,3523.81,1482486.53,35.93,17916.23,23395.43,18100875.37
Australia,Oceania,2021-10-31,25499881,3560.55,1486047.08,40.8,17957.02,23122.93,18123998.3
Australia,Oceania,2021-11-01,25499881,2780.94,1488828.01,48.34,18005.36,22852.85,18146851.15
Australia,Oceania,2021-11-02,25499881,3301.22,1492129.23,39.11,18044.47,22585.18,18169436.33
Australia,Oceania,2021-11-03,25499881,3110.4,1495239.63,28.17,18072.64,22319.93,18191756.26
Australia,Oceania,2021-11-04,25499881,2997.67,1498237.3,43.32,18115.96,22057.08,18213813.33
Australia,Oceania,2021-11-05,25499881,3547.92,1501785.23,38.8,18154.76,21796.63,18235609.97
Australia,Oceania,2021-11-06,25499881,2797.13,1504582.36,35.84,18190.6,21538.59,18257148.56
Australia,Oceania,2021-11-07,25499881,2524.74,1507107.1,25.45,18216.05,21282.94,18278431.5
Australia,Oceania,2021-11-08,25499881,3250.4,1510357.5,49.25,18265.3,21029.69,18299461.19
Australia,Oceania,2021-11-09,25499881,2433.59,1512791.09,24.48,18289.78,20778.82,18320240.01
Australia,Oceania,2021-11-10,25499881,2214.64,1515005.73,37.76,18327.53,20530.33,18340770.34
Australia,Oceania,2021-11-11,25499881,3165.87,1518171.6,29.6,18357.13,20284.21,18361054.56
Australia,Oceania,2021-11-12,25499881,2862.0,1521033.6,32.0,18389.13,20040.47,18381095.02
Australia,Oceania,2021-11-13,25499881,2930.28,1523963.89,46.36,18435.49,19799.07,18400894.1
Australia,Oceania,2021-11-14,25499881,2568.32,1526532.2,32.17,18467.66,19560.04,18420454.13
Australia,Oceania,2021-11-15,25499881,2196.92,1528729.12,44.53,18512.19,19323.34,18439777.47
Australia,Oceania,2021-11-16,25499881,2224.72,1530953.85,24.54,18536.74,19088.98,18458866.45
Australia,Oceania,2021-11-17,25499881,2502.77,1533456.62,32.09,18568.83,18856.94,18477723.39
Australia,Oceania,2021-11-18,25499881,2111.02,1535567.64,40.57,18609.4,18627.22,18496350.61
Australia,Oceania,2021-11-19,25499881,2622.2,1538189.84,19.35,18628.76,18399.81,18514750.42
Australia,Oceania,2021-11-20,25499881,2311.3,1540501.14,14.63,18643.39,18174.69,18532925.11
Australia,Oceania,2021-11-21,25499881,2496.45,1542997.59,23.59,18666.98,17951.86,18550876.96
Australia,Oceania,2021-11-22,25499881,2444.61,1545442.21,35.84,18702.83,17731.3,18568608.26
Australia,Oceania,2021-11-23,25499881,2484.44,1547926.65,16.93,18719.76,17513.0,18586121.26
Australia,Oceania,2021-11-24,25499881,2482.78,1550409.42,34.57,18754.33,17296.96,18603418.22
Australia,Oceania,2021-11-25,25499881,2146.64,1552556.07,29.97,18784.3,17083.16,18620501.39
Australia,Oceania,2021-11-26,25499881,2290.63,1554846.69,43.6,18827.91,16871.59,18637372.97
Australia,Oceania,2021-11-27,25499881,2268.26,1557114.96,35.58,18863.49,16662.23,18654035.21
Australia,Oceania,2021-11-28,25499881,1295.18,1558410.14,18.45,18881.94,16455.08,18670490.29
Australia,Oceania,2021-11-29,25499881,2331.43,1560741.57,38.85,18920.79,16250.12,18686740.4
Australia,Oceania,2021-11-30,25499881,2117.73,1562859.3,29.72,18950.52,16047.34,18702787.74
Australia,Oceania,2021-12-01,25499881,2223.02,1565082.32,23.0,18973.51,15846.72,18718634.46
Australia,Oceania,2021-12-02,25499881,1535.84,1566618.16,9.27,18982.79,15648.25,18734282.72
Australia,Oceania,2021-12-03,25499881,1836.62,1568454.78,17.48,19000.27,15451.93,18749734.64
Australia,Oceania,2021-12-04,25499881,1526.31,1569981.09,18.0,19018.27,15257.72,18764992.37
Australia,Oceania,2021-12-05,25499881,2130.48,1572111.57,26.97,19045.23,15065.63,18780058.0
Australia,Oceania,2021-12-06,25499881,1339.92,1573451.5,0.0,19045.23,14875.64,18794933.63
Australia,Oceania,2021-12-07,25499881,1468.86,1574920.36,15.87,19061.1,14687.72,18809621.36
Australia,Oceania,2021-12-08,25499881,1943.43,1576863.78,23.55,19084.65,14501.88,18824123.24
Australia,Oceania,2021-12-09,25499881,1499.02,1578362.8,22.37,19107.02,14318.08,18838441.32
Australia,Oceania,2021-12-10,25499881,1357.62,1579720.42,29.31,19136.33,14136.33,18852577.65
Australia,Oceania,2021-12-11,25499881,1963.54,1581683.96,25.05,19161.37,13956.6,18866534.25
Australia,Oceania,2021-12-12,25499881,1941.91,1583625.86,16.03,19177.4,13778.88,18880313.13
Australia,Oceania,2021-12-13,25499881,1827.35,1585453.21,7.38,19184.78,13603.15,18893916.28
Australia,Oceania,2021-12-14,25499881,1836.5,1587289.71,27.53,19212.32,13429.4,18907345.69
Australia,Oceania,2021-12-15,25499881,1423.63,1588713.34,10.13,19222.45,13257.62,18920603.31
Australia,Oceania,2021-12-16,25499881,1398.74,1590112.08,23.72,19246.17,13087.78,18933691.09
Australia,Oceania,2021-12-17,25499881,1209.61,1591321.69,25.69,19271.86,12919.88,18946610.96
Australia,Oceania,2021-12-18,25499881,1461.67,1592783.35,5.19,19277.05,12753.89,18959364.85
Australia,Oceania,2021-12-19,25499881,1185.16,1593968.52,18.65,19295.7,12589.8,18971954.66
Australia,Oceania,2021-12-20,25499881,1185.77,1595154.28,24.57,19320.27,12427.61,18984382.27
Australia,Oceania,2021-12-21,25499881,1515.17,1596669.46,26.33,19346.61,12267.28,18996649.54
Australia,Oceania,2021-12-22,25499881,1688.12,1598357.58,3.49,19350.09,12108.8,19008758.35
Australia,Oceania,2021-12-23,25499881,1381.71,1599739.29,9.75,19359.85,11952.17,19020710.52
Australia,Oceania,2021-12-24,25499881,1839.58,1601578.87,11.83,19371.68,11797.36,19032507.88
Australia,Oceania,2021-12-25,25499881,934.36,1602513.23,15.4,19387.08,11644.36,19044152.24
Australia,Oceania,2021-12-26,25499881,508.2,1603021.42,9.4,19396.48,11493.15,19055645.39
Australia,Oceania,2021-12-27,25499881,1372.27,1604393.7,0.0,19396.48,11343.71,19066989.1
Australia,Oceania,2021-12-28,25499881,823.16,1605216.86,7.47,19403.96,11196.04,19078185.14
Australia,Oceania,2021-12-29,25499881,969.13,1606185.99,18.04,19421.99,11050.11,19089235.25
Australia,Oceania,2021-12-30,25499881,417.6,1606603.6,6.2,19428.19,10905.91,19100141.16
Australia,Oceania,2021-12-31,25499881,694.89,1607298.49,9.51,19437.69,10763.42,19110904.59
Australia,Oceania,2022-01-01,25499881,456.91,1607755.4,2.56,19440.26,10622.64,19121527.22
Australia,Oceania,2022-01-02,25499881,804.23,1608559.63,1.18,19441.44,10483.53,19132010.75
Australia,Oceania,2022-01-03,25499881,792.18,1609351.81,9.37,19450.81,10346.09,19142356.84
Australia,Oceania,2022-01-04,25499881,936.27,1610288.08,11.65,19462.46,10210.29,19152567.13
Australia,Oceania,2022-01-05,25499881,1313.68,1611601.76,20.69,19483.14,10076.14,19162643.27
Australia,Oceania,2022-01-06,25499881,1092.17,1612693.93,18.68,19501.82,9943.6,19172586.86
Australia,Oceania,2022-01-07,25499881,263.45,1612957.39,3.85,19505.67,9812.66,19182399.53
Australia,Oceania,2022-01-08,25499881,1020.45,1613977.83,21.0,19526.68,9683.31,19192082.84
Australia,Oceania,2022-01-09,25499881,823.66,1614801.49,6.88,19533.56,9555.54,19201638.38
Australia,Oceania,2022-01-10,25499881,727.68,1615529.18,0.0,19533.56,9429.32,19211067.7
Australia,Oceania,2022-01-11,25499881,731.83,1616261.0,12.6,19546.16,9304.64,19220372.34
Australia,Oceania,2022-01-12,25499881,789.68,1617050.68,10.49,19556.65,9181.49,19229553.83
Australia,Oceania,2022-01-13,25499881,454.7,1617505.38,9.43,19566.08,9059.85,19238613.68
Australia,Oceania,2022-01-14,25499881,612.28,1618117.66,0.0,19566.08,8939.7,19247553.38
Australia,Oceania,2022-01-15,25499881,1070.17,1619187.83,27.17,19593.25,8821.04,19256374.42
Australia,Oceania,2022-01-16,25499881,389.57,1619577.4,10.36,19603.61,8703.83,19265078.26
Australia,Oceania,2022-01-17,25499881,256.08,1619833.48,0.77,19604.37,8588.08,19273666.34
Australia,Oceania,2022-01-18,25499881,575.98,1620409.46,0.0,19604.37,8473.77,19282140.11
Australia,Oceania,2022-01-19,25499881,183.36,1620592.81,10.82,19615.19,8360.87,19290500.98
Australia,Oceania,2022-01-20,25499881,0.0,1620592.81,0.0,19615.19,8249.38,19298750.35
Australia,Oceania,2022-01-21,25499881,422.76,1621015.57,23.16,19638.36,8139.28,19306889.63
Australia,Oceania,2022-01-22,25499881,1033.11,1622048.68,7.49,19645.85,8030.55,19314920.18
Australia,Oceania,2022-01-23,25499881,495.77,1622544.45,19.71,19665.56,7923.19,19322843.37
Australia,Oceania,2022-01-24,25499881,555.39,1623099.85,5.19,19670.75,7817.17,19330660.54
Australia,Oceania,2022-01-25,25499881,0.0,1623099.85,12.65,19683.4,7712.48,19338373.02
Australia,Oceania,2022-01-26,25499881,614.68,1623714.52,1.5,19684.89,7609.11,19345982.13
Australia,Oceania,2022-01-27,25499881,478.83,1624193.35,5.9,19690.79,7507.05,19353489.18
Australia,Oceania,2022-01-28,25499881,198.65,1624392.0,8.82,19699.61,7406.27,19360895.45
Australia,Oceania,2022-01-29,25499881,479.98,1624871.98,11.06,19710.67,7306.77,19368202.22
Australia,Oceania,2022-01-30,25499881,462.49,1625334.47,14.36,19725.02,7208.53,19375410.75
Australia,Oceania,2022-01-31,25499881,18.48,1625352.96,0.0,19725.02,7111.54,19382522.28
Brazil,South America,2020-02-01,212559409,0.0,0.0,0.0,0.0,0.0,0.0
Brazil,South America,2020-02-02,212559409,25.37,25.37,0.0,0.0,0.0,0.0
Brazil,South America,2020-02-03,212559409,0.0,25.37,5.23,5.23,0.0,0.0
Brazil,South America,2020-02-04,212559409,107.63,133.0,2.66,7.89,0.0,0.0
Brazil,South America,2020-02-05,212559409,30.81,163.81,0.0,7.89,0.0,0.0
Brazil,South America,2020-02-06,212559409,133.36,297.17,0.0,7.89,0.0,0.0
Brazil,South America,2020-02-07,212559409,0.0,297.17,0.0,7.89,0.0,0.0
Brazil,South America,2020-02-08,212559409,0.0,297.17,0.0,7.89,0.0,0.0
Brazil,South America,2020-02-09,212559409,0.0,297.17,11.85,19.75,0.0,0.0
Brazil,South America,2020-02-10,212559409,82.31,379.47,4.83,24.57,0.0,0.0
Brazil,South America,2020-02-11,212559409,64.81,444.29,11.76,36.34,0.0,0.0
Brazil,South America,2020-02-12,212559409,0.0,444.29,2.11,38.44,0.0,0.0
Brazil,South America,2020-02-13,212559409,0.0,444.29,0.65,39.1,0.0,0.0
Brazil,South America,2020-02-14,212559409,0.0,444.29,0.0,39.1,0.0,0.0
Brazil,South America,2020-02-15,212559409,83.82,528.1,1.1,40.2,0.0,0.0
Brazil,South America,2020-02-16,212559409,1.46,529.57,0.12,40.32,0.0,0.0
Brazil,South America,2020-02-17,212559409,0.0,529.57,0.0,40.32,0.0,0.0
Brazil,South America,2020-02-18,212559409,525.79,1055.36,1.99,42.31,0.0,0.0
Brazil,South America,2020-02-19,212559409,128.22,1183.58,0.0,42.31,0.0,0.0
Brazil,South America,2020-02-20,212559409,523.92,1707.5,9.59,51.91,0.0,0.0
Brazil,South America,2020-02-21,212559409,28.92,1736.42,4.04,55.94,0.0,0.0
Brazil,South America,2020-02-22,212559409,281.67,2018.08,0.0,55.94,0.0,0.0
Brazil,South America,2020-02-23,212559409,210.08,2228.16,6.27,62.22,0.0,0.0
Brazil,South America,2020-02-24,212559409,0.0,2228.16,0.0,62.22,0.0,0.0
Brazil,South America,2020-02-25,212559409,776.77,3004.93,0.0,62.22,0.0,0.0
Brazil,South America,2020-02-26,212559409,245.29,3250.22,0.0,62.22,0.0,0.0
Brazil,South America,2020-02-27,212559409,570.35,3820.57,15.48,77.69,0.0,0.0
Brazil,South America,2020-02-28,212559409,63.21,3883.78,0.0,77.69,0.0,0.0
Brazil,South America,2020-02-29,212559409,286.86,4170.65,4.34,82.04,0.0,0.0
Brazil,South America,2020-03-01,212559409,60.16,4230.81,13.4,95.44,0.0,0.0
Brazil,South America,2020-03-02,212559409,816.05,5046.85,3.71,99.15,0.0,0.0
Brazil,South America,2020-03-03,212559409,513.26,5560.11,6.18,105.32,0.0,0.0
Brazil,South America,2020-03-04,212559409,554.5,6114.62,0.0,105.32,0.0,0.0
Brazil,South America,2020-03-05,212559409,924.16,7038.78,24.11,129.43,0.0,0.0
Brazil,South America,2020-03-06,212559409,877.3,7916.07,9.86,139.29,0.0,0.0
Brazil,South America,2020-03-07,212559409,765.29,8681.36,9.56,148.85,0.0,0.0
Brazil,South America,2020-03-08,212559409,25.75,8707.11,11.14,159.99,0.0,0.0
Brazil,South America,2020-03-09,212559409,306.92,9014.03,8.97,168.97,0.0,0.0
Brazil,South America,2020-03-10,212559409,227.27,9241.3,0.0,168.97,0.0,0.0
Brazil,South America,2020-03-11,212559409,862.69,10103.99,5.17,174.14,0.0,0.0
Brazil,South America,2020-03-12,212559409,698.44,10802.43,12.34,186.48,0.0,0.0
Brazil,South America,2020-03-13,212559409,183.96,10986.39,0.0,186.48,0.0,0.0
Brazil,South America,2020-03-14,212559409,637.82,11624.21,0.0,186.48,0.0,0.0
Brazil,South America,2020-03-15,212559409,215.52,11839.73,2.16,188.64,0.0,0.0
Brazil,South America,2020-03-16,212559409,755.82,12595.56,0.0,188.64,0.0,0.0
Brazil,South America,2020-03-17,212559409,232.44,12827.99,15.72,204.36,0.0,0.0
Brazil,South America,2020-03-18,212559409,1035.75,13863.74,13.84,218.21,0.0,0.0
Brazil,South America,2020-03-19,212559409,1023.29,14887.03,5.04,223.24,0.0,0.0
Brazil,South America,2020-03-20,212559409,1600.66,16487.69,13.62,236.86,0.0,0.0
Brazil,South America,2020-03-21,212559409,1273.07,17760.76,0.16,237.02,0.0,0.0
Brazil,South America,2020-03-22,212559409,873.35,18634.11,1.68,238.71,0.0,0.0
Brazil,South America,2020-03-23,212559409,1354.38,19988.49,24.38,263.09,0.0,0.0
Brazil,South America,2020-03-24,212559409,627.25,20615.74,25.38,288.47,0.0,0.0
Brazil,South America,2020-03-25,212559409,829.65,21445.39,15.77,304.24,0.0,0.0
Brazil,South America,2020-03-26,212559409,1334.95,22780.34,15.28,319.52,0.0,0.0
Brazil,South America,2020-03-27,212559409,516.58,23296.92,2.74,322.27,0.0,0.0
Brazil,South America,2020-03-28,212559409,1314.4,24611.32,8.12,330.39,0.0,0.0
Brazil,South America,2020-03-29,212559409,1027.6,25638.92,28.81,359.2,0.0,0.0
Brazil,South America,2020-03-30,212559409,1479.33,27118.25,16.24,375.44,0.0,0.0
Brazil,South America,2020-03-31,212559409,1127.75,28246.0,30.46,405.9,0.0,0.0
Brazil,South America,2020-04-01,212559409,1716.48,29962.48,31.75,437.64,0.0,0.0
Brazil,South America,2020-04-02,212559409,1639.76,31602.24,5.75,443.39,0.0,0.0
Brazil,South America,2020-04-03,212559409,2190.13,33792.37,20.95,464.35,0.0,0.0
Brazil,South America,2020-04-04,212559409,1771.4,35563.77,15.9,480.25,0.0,0.0
Brazil,South America,2020-04-05,212559409,1571.11,37134.87,18.21,498.47,0.0,0.0
Brazil,South America,2020-04-06,212559409,1826.89,38961.76,21.44,519.91,0.0,0.0
Brazil,South America,2020-04-07,212559409,1518.08,40479.83,42.19,562.09,0.0,0.0
Brazil,South America,2020-04-08,212559409,2208.09,42687.93,17.88,579.97,0.0,0.0
Brazil,South America,2020-04-09,212559409,2351.91,45039.83,30.05,610.03,0.0,0.0
Brazil,South America,2020-04-10,212559409,3091.35,48131.19,42.03,652.06,0.0,0.0
Brazil,South America,2020-04-11,212559409,2093.33,50224.51,25.11,677.16,0.0,0.0
Brazil,South America,2020-04-12,212559409,2303.26,52527.78,28.52,705.68,0.0,0.0
Brazil,South America,2020-04-13,212559409,2283.68,54811.45,19.05,724.73,0.0,0.0
Brazil,South America,2020-04-14,212559409,2649.84,57461.29,32.65,757.38,0.0,0.0
Brazil,South America,2020-04-15,212559409,2801.79,60263.08,37.71,795.09,0.0,0.0
Brazil,South America,2020-04-16,212559409,2744.32,63007.4,35.55,830.64,0.0,0.0
Brazil,South America,2020-04-17,212559409,3240.23,66247.63,43.44,874.09,0.0,0.0
Brazil,South America,2020-04-18,212559409,2743.28,68990.91,44.22,918.31,0.0,0.0
Brazil,South America,2020-04-19,212559409,3405.78,72396.69,48.37,966.67,0.0,0.0
Brazil,South America,2020-04-20,212559409,3352.69,75749.38,40.8,1007.48,0.0,0.0
Brazil,South America,2020-04-21,212559409,3265.76,79015.14,29.82,1037.29,0.0,0.0
Brazil,South America,2020-04-22,212559409,3267.67,82282.81,34.41,1071.7,0.0,0.0
Brazil,South America,2020-04-23,212559409,4337.29,86620.1,50.29,1121.99,0.0,0.0
Brazil,South America,2020-04-24,212559409,3314.19,89934.28,41.79,1163.78,0.0,0.0
Brazil,South America,2020-04-25,212559409,3818.69,93752.97,42.0,1205.78,0.0,0.0
Brazil,South America,2020-04-26,212559409,3568.18,97321.16,35.33,1241.11,0.0,0.0
Brazil,South America,2020-04-27,212559409,4574.11,101895.26,45.38,1286.5,0.0,0.0
Brazil,South America,2020-04-28,212559409,4379.91,106275.17,39.35,1325.85,0.0,0.0
Brazil,South America,2020-04-29,212559409,3954.44,110229.62,45.57,1371.42,0.0,0.0
Brazil,South America,2020-04-30,212559409,4495.54,114725.16,42.19,1413.61,0.0,0.0
Brazil,South America,2020-05-01,212559409,4532.47,119257.63,46.39,1459.99,0.0,0.0
Brazil,South America,2020-05-02,212559409,4389.42,123647.05,49.52,1509.52,0.0,0.0
Brazil,South America,2020-05-03,212559409,4965.34,128612.39,48.9,1558.41,0.0,0.0
Brazil,South America,2020-05-04,212559409,4967.7,133580.1,62.65,1621.06,0.0,0.0
Brazil,South America,2020-05-05,212559409,5040.06,138620.16,66.4,1687.47,0.0,0.0
Brazil,South America,2020-05-06,212559409,5084.61,143704.76,56.62,1744.09,0.0,0.0
Brazil,South America,2020-05-07,212559409,5386.39,149091.15,61.14,1805.23,0.0,0.0
Brazil,South America,2020-05-08,212559409,5453.5,154544.65,69.74,1874.97,0.0,0.0
Brazil,South America,2020-05-09,212559409,5532.97,160077.62,60.68,1935.65,0.0,0.0
Brazil,South America,2020-05-10,212559409,5428.31,165505.93,58.88,1994.53,0.0,0.0
Brazil,South America,2020-05-11,212559409,6387.08,171893.01,86.22,2080.75,0.0,0.0
Brazil,South America,2020-05-12,212559409,5569.35,177462.36,73.91,2154.65,0.0,0.0
Brazil,South America,2020-05-13,212559409,6230.45,183692.82,79.58,2234.23,0.0,0.0
Brazil,South America,2020-05-14,212559409,6113.43,189806.25,80.77,2315.0,0.0,0.0
Brazil,South America,2020-05-15,212559409,6986.95,196793.21,68.03,2383.02,0.0,0.0
Brazil,South America,2020-05-16,212559409,6201.25,202994.45,85.25,2468.27,0.0,0.0
Brazil,South America,2020-05-17,212559409,6407.14,209401.6,80.02,2548.29,0.0,0.0
Brazil,South America,2020-05-18,212559409,6472.61,215874.21,85.76,2634.05,0.0,0.0
Brazil,South America,2020-05-19,212559409,7073.28,222947.49,87.98,2722.02,0.0,0.0
Brazil,South America,2020-05-20,212559409,6627.85,229575.33,79.93,2801.95,0.0,0.0
Brazil,South America,2020-05-21,212559409,7089.5,236664.83,82.87,2884.82,0.0,0.0
Brazil,South America,2020-05-22,212559409,6652.33,243317.17,82.77,2967.59,0.0,0.0
Brazil,South America,2020-05-23,212559409,7638.47,250955.64,89.17,3056.75,0.0,0.0
Brazil,South America,2020-05-24,212559409,7527.78,258483.43,97.28,3154.03,0.0,0.0
Brazil,South America,2020-05-25,212559409,7330.32,265813.74,75.27,3229.3,0.0,0.0
Brazil,South America,2020-05-26,212559409,8379.0,274192.74,96.22,3325.52,0.0,0.0
Brazil,South America,2020-05-27,212559409,7688.74,281881.48,108.62,3434.14,0.0,0.0
Brazil,South America,2020-05-28,212559409,8572.11,290453.59,97.86,3532.0,0.0,0.0
Brazil,South America,2020-05-29,212559409,8193.81,298647.39,96.42,3628.41,0.0,0.0
Brazil,South America,2020-05-30,212559409,9144.82,307792.22,102.68,3731.09,0.0,0.0
Brazil,South America,2020-05-31,212559409,8990.69,316782.91,110.58,3841.67,0.0,0.0
Brazil,South America,2020-06-01,212559409,8518.45,325301.35,96.33,3938.0,0.0,0.0
Brazil,South America,2020-06-02,212559409,8691.91,333993.27,102.82,4040.82,0.0,0.0
Brazil,South America,2020-06-03,212559409,9365.03,343358.3,119.17,4159.99,0.0,0.0
Brazil,South America,2020-06-04,212559409,9199.91,352558.21,104.81,4264.8,0.0,0.0
Brazil,South America,2020-06-05,212559409,9369.43,361927.64,118.74,4383.54,0.0,0.0
Brazil,South America,2020-06-06,212559409,10009.12,371936.75,126.69,4510.22,0.0,0.0
Brazil,South America,2020-06-07,212559409,9434.98,381371.73,121.66,4631.88,0.0,0.0
Brazil,South America,2020-06-08,212559409,9860.06,391231.79,119.45,4751.33,0.0,0.0
Brazil,South America,2020-06-09,212559409,10291.11,401522.9,149.42,4900.75,0.0,0.0
Brazil,South America,2020-06-10,212559409,10366.71,411889.61,132.84,5033.59,0.0,0.0
Brazil,South America,2020-06-11,212559409,10151.72,422041.33,124.42,5158.01,0.0,0.0
Brazil,South America,2020-06-12,212559409,10227.92,432269.25,115.73,5273.74,0.0,0.0
Brazil,South America,2020-06-13,212559409,9839.19,442108.45,117.29,5391.03,0.0,0.0
Brazil,South America,2020-06-14,212559409,10193.98,452302.43,133.74,5524.77,0.0,0.0
Brazil,South America,2020-06-15,212559409,10788.02,463090.45,143.13,5667.9,0.0,0.0
Brazil,South America,2020-06-16,212559409,10738.19,473828.64,140.68,5808.59,0.0,0.0
Brazil,South America,2020-06-17,212559409,10919.32,484747.96,137.31,5945.9,0.0,0.0
Brazil,South America,2020-06-18,212559409,11360.19,496108.15,126.28,6072.18,0.0,0.0
Brazil,South America,2020-06-19,212559409,10680.82,506788.97,132.07,6204.24,0.0,0.0
Brazil,South America,2020-06-20,212559409,11110.15,517899.12,123.39,6327.63,0.0,0.0
Brazil,South America,2020-06-21,212559409,11351.67,529250.78,124.32,6451.95,0.0,0.0
Brazil,South America,2020-06-22,212559409,11128.26,540379.04,135.45,6587.41,0.0,0.0
Brazil,South America,2020-06-23,212559409,11961.03,552340.07,147.72,6735.12,0.0,0.0
Brazil,South America,2020-06-24,212559409,11859.43,564199.5,149.54,6884.67,0.0,0.0
Brazil,South America,2020-06-25,212559409,11720.41,575919.9,144.62,7029.29,0.0,0.0
Brazil,South America,2020-06-26,212559409,12320.23,588240.14,152.1,7181.38,0.0,0.0
Brazil,South America,2020-06-27,212559409,11236.91,599477.04,126.97,7308.35,0.0,0.0
Brazil,South America,2020-06-28,212559409,11823.9,611300.94,141.05,7449.4,0.0,0.0
Brazil,South America,2020-06-29,212559409,12015.65,623316.6,132.13,7581.53,0.0,0.0
Brazil,South America,2020-06-30,212559409,11623.87,634940.47,123.46,7704.99,0.0,0.0
Brazil,South America,2020-07-01,212559409,12101.38,647041.85,151.14,7856.13,0.0,0.0
Brazil,South America,2020-07-02,212559409,11656.59,658698.44,133.85,7989.98,0.0,0.0
Brazil,South America,2020-07-03,212559409,12328.92,671027.36,154.93,8144.91,0.0,0.0
Brazil,South America,2020-07-04,212559409,12496.31,683523.67,158.82,8303.73,0.0,0.0
Brazil,South America,2020-07-05,212559409,12255.73,695779.4,142.11,8445.85,0.0,0.0
Brazil,South America,2020-07-06,212559409,11541.76,707321.16,143.22,8589.07,0.0,0.0
Brazil,South America,2020-07-07,212559409,11877.14,719198.3,137.24,8726.31,0.0,0.0
Brazil,South America,2020-07-08,212559409,12433.9,731632.19,134.44,8860.74,0.0,0.0
Brazil,South America,2020-07-09,212559409,12259.85,743892.04,148.1,9008.85,0.0,0.0
Brazil,South America,2020-07-10,212559409,11321.16,755213.19,132.09,9140.94,0.0,0.0
Brazil,South America,2020-07-11,212559409,12706.14,767919.33,148.95,9289.89,0.0,0.0
Brazil,South America,2020-07-12,212559409,12321.55,780240.88,163.66,9453.55,0.0,0.0
Brazil,South America,2020-07-13,212559409,11985.11,792225.99,131.61,9585.17,0.0,0.0
Brazil,South America,2020-07-14,212559409,12613.62,804839.61,154.43,9739.59,0.0,0.0
Brazil,South America,2020-07-15,212559409,12017.41,816857.02,136.25,9875.84,0.0,0.0
Brazil,South America,2020-07-16,212559409,11998.36,828855.38,151.25,10027.09,0.0,0.0
Brazil,South America,2020-07-17,212559409,12345.16,841200.53,150.53,10177.62,0.0,0.0
Brazil,South America,2020-07-18,212559409,12819.22,854019.75,156.87,10334.48,0.0,0.0
Brazil,South America,2020-07-19,212559409,12736.0,866755.75,145.27,10479.76,0.0,0.0
Brazil,South America,2020-07-20,212559409,12261.36,879017.11,141.01,10620.77,0.0,0.0
Brazil,South America,2020-07-21,212559409,12260.92,891278.03,154.55,10775.32,0.0,0.0
Brazil,South America,2020-07-22,212559409,12335.71,903613.74,162.19,10937.51,0.0,0.0
Brazil,South America,2020-07-23,212559409,11574.4,915188.14,142.74,11080.25,0.0,0.0
Brazil,South America,2020-07-24,212559409,12191.6,927379.74,139.12,11219.37,0.0,0.0
Brazil,South America,2020-07-25,212559409,11657.27,939037.01,142.6,11361.97,0.0,0.0
Brazil,South America,2020-07-26,212559409,11970.06,951007.07,163.06,11525.03,0.0,0.0
Brazil,South America,2020-07-27,212559409,11719.81,962726.88,141.46,11666.48,0.0,0.0
Brazil,South America,2020-07-28,212559409,11912.23,974639.1,154.64,11821.12,0.0,0.0
Brazil,South America,2020-07-29,212559409,11712.18,986351.28,134.62,11955.75,0.0,0.0
Brazil,South America,2020-07-30,212559409,10526.11,996877.4,125.98,12081.72,0.0,0.0
Brazil,South America,2020-07-31,212559409,11592.01,1008469.41,144.06,12225.79,0.0,0.0
Brazil,South America,2020-08-01,212559409,11678.9,1020148.31,143.33,12369.11,0.0,0.0
Brazil,South America,2020-08-02,212559409,11532.13,1031680.44,132.25,12501.37,0.0,0.0
Brazil,South America,2020-08-03,212559409,11259.34,1042939.79,128.64,12630.0,0.0,0.0
Brazil,South America,2020-08-04,212559409,11786.62,1054726.41,149.35,12779.35,0.0,0.0
Brazil,South America,2020-08-05,212559409,11235.02,1065961.43,144.35,12923.7,0.0,0.0
Brazil,South America,2020-08-06,212559409,11191.1,1077152.53,146.39,13070.09,0.0,0.0
Brazil,South America,2020-08-07,212559409,11313.21,1088465.74,150.19,13220.28,0.0,0.0
Brazil,South America,2020-08-08,212559409,10982.26,1099448.0,132.86,13353.14,0.0,0.0
Brazil,South America,2020-08-09,212559409,10446.9,1109894.9,122.87,13476.02,0.0,0.0
Brazil,South America,2020-08-10,212559409,9811.93,1119706.83,128.55,13604.57,0.0,0.0
Brazil,South America,2020-08-11,212559409,10400.94,1130107.77,130.52,13735.08,0.0,0.0
Brazil,South America,2020-08-12,212559409,10735.45,1140843.22,120.97,13856.05,0.0,0.0
Brazil,South America,2020-08-13,212559409,10245.46,1151088.68,114.68,13970.73,0.0,0.0
Brazil,South America,2020-08-14,212559409,10548.29,1161636.97,130.51,14101.24,0.0,0.0
Brazil,South America,2020-08-15,212559409,10217.82,1171854.79,121.2,14222.44,0.0,0.0
Brazil,South America,2020-08-16,212559409,10513.69,1182368.48,125.95,14348.39,0.0,0.0
Brazil,South America,2020-08-17,212559409,9856.02,1192224.5,126.85,14475.24,0.0,0.0
Brazil,South America,2020-08-18,212559409,10019.0,1202243.5,126.3,14601.54,0.0,0.0
Brazil,South America,2020-08-19,212559409,9928.08,1212171.58,129.78,14731.32,0.0,0.0
Brazil,South America,2020-08-20,212559409,10172.09,1222343.66,106.61,14837.93,0.0,0.0
Brazil,South America,2020-08-21,212559409,8944.7,1231288.36,109.36,14947.29,0.0,0.0
Brazil,South America,2020-08-22,212559409,9277.21,1240565.57,116.88,15064.18,0.0,0.0
Brazil,South America,2020-08-23,212559409,9630.56,1250196.13,103.35,15167.53,0.0,0.0
Brazil,South America,2020-08-24,212559409,9771.0,1259967.13,112.01,15279.55,0.0,0.0
Brazil,South America,2020-08-25,212559409,9210.91,1269178.04,103.81,15383.35,0.0,0.0
Brazil,South America,2020-08-26,212559409,8922.11,1278100.16,107.24,15490.59,0.0,0.0
Brazil,South America,2020-08-27,212559409,9188.1,1287288.25,123.28,15613.87,0.0,0.0
Brazil,South America,2020-08-28,212559409,9126.71,1296414.96,125.7,15739.57,0.0,0.0
Brazil,South America,2020-08-29,212559409,8597.49,1305012.45,96.66,15836.23,0.0,0.0
Brazil,South America,2020-08-30,212559409,8740.97,1313753.42,109.1,15945.33,0.0,0.0
Brazil,South America,2020-08-31,212559409,8941.95,1322695.37,111.77,16057.11,0.0,0.0
Brazil,South America,2020-09-01,212559409,9095.37,1331790.74,112.25,16169.35,0.0,0.0
Brazil,South America,2020-09-02,212559409,8600.24,1340390.98,106.39,16275.75,0.0,0.0
Brazil,South America,2020-09-03,212559409,8264.18,1348655.15,101.6,16377.35,0.0,0.0
Brazil,South America,2020-09-04,212559409,8140.11,1356795.26,111.18,16488.53,0.0,0.0
Brazil,South America,2020-09-05,212559409,8266.45,1365061.71,108.02,16596.55,0.0,0.0
Brazil,South America,2020-09-06,212559409,7945.33,1373007.05,86.86,16683.41,0.0,0.0
Brazil,South America,2020-09-07,212559409,7968.88,1380975.93,101.99,16785.4,0.0,0.0
Brazil,South America,2020-09-08,212559409,7451.27,1388427.2,96.55,16881.95,0.0,0.0
Brazil,South America,2020-09-09,212559409,8196.96,1396624.16,100.88,16982.84,0.0,0.0
Brazil,South America,2020-09-10,212559409,7267.9,1403892.06,96.27,17079.1,0.0,0.0
Brazil,South America,2020-09-11,212559409,7442.32,1411334.38,90.81,17169.92,0.0,0.0
Brazil,South America,2020-09-12,212559409,7557.0,1418891.38,92.29,17262.2,0.0,0.0
Brazil,South America,2020-09-13,212559409,8151.75,1427043.13,98.79,17361.0,0.0,0.0
Brazil,South America,2020-09-14,212559409,7241.87,1434284.99,70.76,17431.75,0.0,0.0
Brazil,South America,2020-09-15,212559409,7094.52,1441379.52,84.49,17516.24,0.0,0.0
Brazil,South America,2020-09-16,212559409,7075.64,1448455.16,79.56,17595.8,0.0,0.0
Brazil,South America,2020-09-17,212559409,7792.88,1456248.04,84.02,17679.83,0.0,0.0
Brazil,South America,2020-09-18,212559409,6174.88,1462422.93,85.57,17765.4,0.0,0.0
Brazil,South America,2020-09-19,212559409,6758.32,1469181.25,85.13,17850.53,0.0,0.0
Brazil,South America,2020-09-20,212559409,8018.5,1477199.75,95.98,17946.52,0.0,0.0
Brazil,South America,2020-09-21,212559409,7225.85,1484425.59,82.19,18028.71,0.0,0.0
Brazil,South America,2020-09-22,212559409,6591.7,1491017.29,81.47,18110.18,0.0,0.0
Brazil,South America,2020-09-23,212559409,6927.16,1497944.45,91.06,18201.23,0.0,0.0
Brazil,South America,2020-09-24,212559409,6931.8,1504876.25,76.57,18277.8,0.0,0.0
Brazil,South America,2020-09-25,212559409,7174.03,1512050.29,86.05,18363.85,0.0,0.0
Brazil,South America,2020-09-26,212559409,7494.76,1519545.05,96.88,18460.73,0.0,0.0
Brazil,South America,2020-09-27,212559409,6963.34,1526508.38,68.07,18528.8,0.0,0.0
Brazil,South America,2020-09-28,212559409,6618.19,1533126.58,78.96,18607.76,0.0,0.0
Brazil,South America,2020-09-29,212559409,7065.74,1540192.31,81.35,18689.12,0.0,0.0
Brazil,South America,2020-09-30,212559409,6532.37,1546724.69,77.32,18766.43,0.0,0.0
Brazil,South America,2020-10-01,212559409,6404.95,1553129.64,72.85,18839.28,0.0,0.0
Brazil,South America,2020-10-02,212559409,6143.85,1559273.49,74.83,18914.11,0.0,0.0
Brazil,South America,2020-10-03,212559409,6208.55,1565482.04,89.89,19004.0,0.0,0.0
Brazil,South America,2020-10-04,212559409,6442.42,1571924.46,74.72,19078.72,0.0,0.0
Brazil,South America,2020-10-05,212559409,6347.05,1578271.51,78.5,19157.21,0.0,0.0
Brazil,South America,2020-10-06,212559409,6875.26,1585146.77,98.46,19255.68,0.0,0.0
Brazil,South America,2020-10-07,212559409,6355.4,1591502.17,71.86,19327.54,0.0,0.0
Brazil,South America,2020-10-08,212559409,5687.64,1597189.8,82.77,19410.31,0.0,0.0
Brazil,South America,2020-10-09,212559409,6438.42,1603628.22,77.3,19487.61,0.0,0.0
Brazil,South America,2020-10-10,212559409,6657.58,1610285.8,94.15,19581.76,0.0,0.0
Brazil,South America,2020-10-11,212559409,6632.81,1616918.61,85.6,19667.35,0.0,0.0
Brazil,South America,2020-10-12,212559409,7401.52,1624320.13,91.28,19758.63,0.0,0.0
Brazil,South America,2020-10-13,212559409,6682.83,1631002.96,79.67,19838.3,0.0,0.0
Brazil,South America,2020-10-14,212559409,7236.65,1638239.6,81.85,19920.15,0.0,0.0
Brazil,South America,2020-10-15,212559409,6955.23,1645194.83,84.07,20004.21,0.0,0.0
Brazil,South America,2020-10-16,212559409,6983.35,1652178.18,90.98,20095.19,0.0,0.0
Brazil,South America,2020-10-17,212559409,6744.72,1658922.91,80.83,20176.03,0.0,0.0
Brazil,South America,2020-10-18,212559409,7058.07,1665980.98,82.16,20258.19,0.0,0.0
Brazil,South America,2020-10-19,212559409,6854.92,1672835.9,80.25,20338.44,0.0,0.0
Brazil,South America,2020-10-20,212559409,7228.7,1680064.6,94.68,20433.13,0.0,0.0
Brazil,South America,2020-10-21,212559409,7135.35,1687199.95,95.43,20528.55,0.0,0.0
Brazil,South America,2020-10-22,212559409,6938.54,1694138.5,77.93,20606.48,0.0,0.0
Brazil,South America,2020-10-23,212559409,7669.64,1701808.13,86.69,20693.16,0.0,0.0
Brazil,South America,2020-10-24,212559409,7527.28,1709335.41,93.36,20786.53,0.0,0.0
Brazil,South America,2020-10-25,212559409,7278.48,1716613.9,99.56,20886.09,0.0,0.0
Brazil,South America,2020-10-26,212559409,7545.57,1724159.46,99.71,20985.8,0.0,0.0
Brazil,South America,2020-10-27,212559409,7526.48,1731685.94,80.3,21066.11,0.0,0.0
Brazil,South America,2020-10-28,212559409,7315.06,1739001.0,85.67,21151.77,0.0,0.0
Brazil,South America,2020-10-29,212559409,7707.92,1746708.92,85.05,21236.82,0.0,0.0
Brazil,South America,2020-10-30,212559409,7531.97,1754240.89,88.24,21325.07,0.0,0.0
Brazil,South America,2020-10-31,212559409,7486.11,1761727.0,102.67,21427.74,0.0,0.0
Brazil,South America,2020-11-01,212559409,7317.72,1769044.72,76.43,21504.17,0.0,0.0
Brazil,South America,2020-11-02,212559409,7830.26,1776874.99,81.01,21585.18,0.0,0.0
Brazil,South America,2020-11-03,212559409,8225.44,1785100.43,92.08,21677.26,0.0,0.0
Brazil,South America,2020-11-04,212559409,7856.13,1792956.55,96.57,21773.83,0.0,0.0
Brazil,South America,2020-11-05,212559409,9054.69,1802011.25,113.62,21887.45,0.0,0.0
Brazil,South America,2020-11-06,212559409,8556.45,1810567.7,106.18,21993.63,0.0,0.0
Brazil,South America,2020-11-07,212559409,8777.71,1819345.4,114.74,22108.37,0.0,0.0
Brazil,South America,2020-11-08,212559409,8674.88,1828020.28,89.99,22198.36,0.0,0.0
Brazil,South America,2020-11-09,212559409,9120.91,1837141.19,118.96,22317.32,0.0,0.0
Brazil,South America,2020-11-10,212559409,8273.23,1845414.42,96.78,22414.1,0.0,0.0
Brazil,South America,2020-11-11,212559409,7729.0,1853143.42,98.6,22512.7,0.0,0.0
Brazil,South America,2020-11-12,212559409,8545.88,1861689.3,91.96,22604.66,0.0,0.0
Brazil,South America,2020-11-13,212559409,8974.27,1870663.58,107.73,22712.39,0.0,0.0
Brazil,South America,2020-11-14,212559409,8908.78,1879572.36,108.8,22821.19,0.0,0.0
Brazil,South America,2020-11-15,212559409,9028.91,1888601.27,117.59,22938.78,0.0,0.0
Brazil,South America,2020-11-16,212559409,9471.35,1898072.62,100.97,23039.76,0.0,0.0
Brazil,South America,2020-11-17,212559409,9218.96,1907291.59,110.87,23150.63,0.0,0.0
Brazil,South America,2020-11-18,212559409,9440.66,1916732.25,104.61,23255.24,0.0,0.0
Brazil,South America,2020-11-19,212559409,8907.47,1925639.72,110.93,23366.17,0.0,0.0
Brazil,South America,2020-11-20,212559409,8927.59,1934567.32,113.35,23479.52,0.0,0.0
Brazil,South America,2020-11-21,212559409,9949.87,1944517.19,129.7,23609.22,0.0,0.0
Brazil,South America,2020-11-22,212559409,9493.38,1954010.57,109.64,23718.86,0.0,0.0
Brazil,South America,2020-11-23,212559409,9312.17,1963322.73,119.16,23838.02,0.0,0.0
Brazil,South America,2020-11-24,212559409,9384.04,1972706.77,123.5,23961.52,0.0,0.0
Brazil,South America,2020-11-25,212559409,9444.47,1982151.25,100.19,24061.7,0.0,0.0
Brazil,South America,2020-11-26,212559409,9492.49,1991643.73,118.81,24180.51,0.0,0.0
Brazil,South America,2020-11-27,212559409,9359.2,2001002.94,119.98,24300.49,0.0,0.0
Brazil,South America,2020-11-28,212559409,9349.48,2010352.42,110.12,24410.61,0.0,0.0
Brazil,South America,2020-11-29,212559409,9871.26,2020223.68,108.77,24519.38,0.0,0.0
Brazil,South America,2020-11-30,212559409,9795.34,2030019.02,125.09,24644.47,0.0,0.0
Brazil,South America,2020-12-01,212559409,10452.11,2040471.13,115.83,24760.3,0.0,0.0
Brazil,South America,2020-12-02,212559409,10227.24,2050698.38,121.3,24881.6,0.0,0.0
Brazil,South America,2020-12-03,212559409,10275.82,2060974.19,122.99,25004.59,0.0,0.0
Brazil,South America,2020-12-04,212559409,9979.31,2070953.51,125.48,25130.06,0.0,0.0
Brazil,South America,2020-12-05,212559409,10251.58,2081205.09,118.01,25248.07,0.0,0.0
Brazil,South America,2020-12-06,212559409,10472.85,2091677.94,120.2,25368.27,0.0,0.0
Brazil,South America,2020-12-07,212559409,10647.67,2102325.6,128.56,25496.83,0.0,0.0
Brazil,South America,2020-12-08,212559409,10412.53,2112738.13,133.0,25629.83,0.0,0.0
Brazil,South America,2020-12-09,212559409,10869.29,2123607.42,148.73,25778.56,0.0,0.0
Brazil,South America,2020-12-10,212559409,10538.36,2134145.78,114.4,25892.96,0.0,0.0
Brazil,South America,2020-12-11,212559409,10854.73,2145000.51,132.78,26025.74,0.0,0.0
Brazil,South America,2020-12-12,212559409,10445.11,2155445.62,116.65,26142.39,0.0,0.0
Brazil,South America,2020-12-13,212559409,10019.06,2165464.68,128.38,26270.77,0.0,0.0
Brazil,South America,2020-12-14,212559409,10781.86,2176246.54,121.87,26392.65,0.0,0.0
Brazil,South America,2020-12-15,212559409,10973.75,2187220.29,126.29,26518.93,0.0,0.0
Brazil,South America,2020-12-16,212559409,10950.68,2198170.97,126.69,26645.63,0.0,0.0
Brazil,South America,2020-12-17,212559409,10923.9,2209094.86,130.48,26776.11,0.0,0.0
Brazil,South America,2020-12-18,212559409,10678.33,2219773.2,130.73,26906.83,0.0,0.0
Brazil,South America,2020-12-19,212559409,10539.52,2230312.72,130.34,27037.17,0.0,0.0
Brazil,South America,2020-12-20,212559409,11033.84,2241346.56,132.36,27169.53,0.0,0.0
Brazil,South America,2020-12-21,212559409,11006.12,2252352.68,121.43,27290.97,0.0,0.0
Brazil,South America,2020-12-22,212559409,10673.94,2263026.62,133.91,27424.88,17408712.59,17408712.59
Brazil,South America,2020-12-23,212559409,11269.16,2274295.78,134.81,27559.68,223841.98,17632554.57
Brazil,South America,2020-12-24,212559409,10579.68,2284875.45,136.25,27695.93,226373.75,17858928.32
Brazil,South America,2020-12-25,212559409,10689.45,2295564.91,122.61,27818.55,228925.23,18087853.55
Brazil,South America,2020-12-26,212559409,11468.62,2307033.53,124.81,27943.35,231496.33,18319349.89
Brazil,South America,2020-12-27,212559409,11199.22,2318232.74,134.12,28077.47,234086.97,18553436.86
Brazil,South America,2020-12-28,212559409,10766.41,2328999.15,139.56,28217.03,236697.06,18790133.92
Brazil,South America,2020-12-29,212559409,10985.94,2339985.09,133.12,28350.15,239326.48,19029460.4
Brazil,South America,2020-12-30,212559409,10930.32,2350915.41,129.57,28479.72,241975.13,19271435.53
Brazil,South America,2020-12-31,212559409,9903.12,2360818.53,111.87,28591.59,244642.9,19516078.43
Brazil,South America,2021-01-01,212559409,10531.9,2371350.43,140.44,28732.04,247329.65,19763408.07
Brazil,South America,2021-01-02,212559409,10813.6,2382164.03,121.53,28853.57,250035.24,20013443.32
Brazil,South America,2021-01-03,212559409,10685.98,2392850.01,122.43,28975.99,252759.55,20266202.86
Brazil,South America,2021-01-04,212559409,10873.84,2403723.85,135.05,29111.04,255502.41,20521705.27
Brazil,South America,2021-01-05,212559409,11156.43,2414880.28,119.03,29230.07,258263.66,20779968.93
Brazil,South America,2021-01-06,212559409,10619.53,2425499.8,137.63,29367.7,261043.13,21041012.06
Brazil,South America,2021-01-07,212559409,10330.06,2435829.86,128.95,29496.66,263840.65,21304852.71
Brazil,South America,2021-01-08,212559409,10779.36,2446609.22,136.55,29633.2,266656.02,21571508.72
Brazil,South America,2021-01-09,212559409,10514.03,2457123.25,130.63,29763.83,269489.05,21840997.78
Brazil,South America,2021-01-10,212559409,10533.71,2467656.96,125.12,29888.95,272339.53,22113337.31
Brazil,South America,2021-01-11,212559409,10443.52,2478100.47,116.82,30005.77,275207.25,22388544.55
Brazil,South America,2021-01-12,212559409,11284.95,2489385.42,134.3,30140.07,278091.97,22666636.53
Brazil,South America,2021-01-13,212559409,9668.11,2499053.53,108.22,30248.28,280993.47,22947629.99
Brazil,South America,2021-01-14,212559409,10265.93,2509319.46,127.08,30375.36,283911.48,23231541.48
Brazil,South America,2021-01-15,212559409,10347.5,2519666.96,130.62,30505.99,286845.77,23518387.25
Brazil,South America,2021-01-16,212559409,10019.86,2529686.82,132.05,30638.04,289796.06,23808183.31
Brazil,South America,2021-01-17,212559409,10550.21,2540237.03,129.58,30767.62,292762.07,24100945.38
Brazil,South America,2021-01-18,212559409,10459.52,2550696.55,132.91,30900.53,295743.52,24396688.89
Brazil,South America,2021-01-19,212559409,10095.43,2560791.98,118.77,31019.29,298740.1,24695428.99
Brazil,South America,2021-01-20,212559409,9952.36,2570744.33,115.6,31134.9,301751.51,24997180.5
Brazil,South America,2021-01-21,212559409,9940.61,2580684.94,123.08,31257.97,304777.43,25301957.93
Brazil,South America,2021-01-22,212559409,9873.62,2590558.56,115.39,31373.36,307817.52,25609775.46
Brazil,South America,2021-01-23,212559409,9811.22,2600369.77,119.89,31493.25,310871.45,25920646.91
Brazil,South America,2021-01-24,212559409,9699.11,2610068.88,107.9,31601.15,313938.86,26234585.76
Brazil,South America,2021-01-25,212559409,9777.51,2619846.39,110.28,31711.43,317019.38,26551605.14
Brazil,South America,2021-01-26,212559409,9875.04,2629721.44,123.58,31835.01,320112.64,26871717.78
Brazil,South America,2021-01-27,212559409,9101.19,2638822.62,116.31,31951.32,323218.25,27194936.03
Brazil,South America,2021-01-28,212559409,9082.56,2647905.19,101.11,32052.43,326335.81,27521271.85
Brazil,South America,2021-01-29,212559409,8755.05,2656660.23,110.43,32162.85,329464.92,27850736.77
Brazil,South America,2021-01-30,212559409,9585.28,2666245.52,110.76,32273.61,332605.14,28183341.91
Brazil,South America,2021-01-31,212559409,9283.02,2675528.54,111.53,32385.14,335756.05,28519097.97
Brazil,South America,2021-02-01,212559409,9284.04,2684812.58,122.74,32507.89,338917.2,28858015.17
Brazil,South America,2021-02-02,212559409,8517.14,2693329.72,108.67,32616.55,342088.13,29200103.3
Brazil,South America,2021-02-03,212559409,9551.03,2702880.75,120.98,32737.53,345268.38,29545371.68
Brazil,South America,2021-02-04,212559409,8620.65,2711501.4,118.72,32856.25,348457.45,29893829.13
Brazil,South America,2021-02-05,212559409,8798.77,2720300.16,99.95,32956.2,351654.86,30245483.99
Brazil,South America,2021-02-06,212559409,8943.85,2729244.01,99.44,33055.64,354860.11,30600344.1
Brazil,South America,2021-02-07,212559409,8203.12,2737447.13,92.66,33148.3,358072.68,30958416.78
Brazil,South America,2021-02-08,212559409,8260.02,2745707.16,97.08,33245.39,361292.03,31319708.81
Brazil,South America,2021-02-09,212559409,8415.6,2754122.76,82.15,33327.54,364517.63,31684226.44
Brazil,South America,2021-02-10,212559409,9253.72,2763376.48,109.39,33436.92,367748.93,32051975.37
Brazil,South America,2021-02-11,212559409,8258.85,2771635.32,94.75,33531.67,370985.36,32422960.73
Brazil,South America,2021-02-12,212559409,8614.73,2780250.05,109.65,33641.32,374226.35,32797187.08
Brazil,South America,2021-02-13,212559409,8372.82,2788622.88,103.29,33744.61,377471.31,33174658.38
Brazil,South America,2021-02-14,212559409,7977.33,2796600.21,90.92,33835.53,380719.64,33555378.02
Brazil,South America,2021-02-15,212559409,7399.43,2803999.63,93.51,33929.05,383970.73,33939348.74
Brazil,South America,2021-02-16,212559409,8013.18,2812012.81,101.94,34030.99,387223.95,34326572.7
Brazil,South America,2021-02-17,212559409,7014.12,2819026.93,78.02,34109.01,390478.69,34717051.39
Brazil,South America,2021-02-18,212559409,7994.61,2827021.54,91.99,34201.0,393734.28,35110785.67
Brazil,South America,2021-02-19,212559409,7399.88,2834421.42,71.0,34272.0,396990.09,35507775.76
Brazil,South America,2021-02-20,212559409,6297.66,2840719.08,66.85,34338.85,400245.43,35908021.19
Brazil,South America,2021-02-21,212559409,7001.29,2847720.37,78.08,34416.92,403499.63,36311520.82
Brazil,South America,2021-02-22,212559409,7244.53,2854964.9,87.53,34504.45,406752.01,36718272.83
Brazil,South America,2021-02-23,212559409,6827.87,2861792.77,74.37,34578.82,410001.86,37128274.7
Brazil,South America,2021-02-24,212559409,7056.35,2868849.13,80.57,34659.39,413248.48,37541523.18
Brazil,South America,2021-02-25,212559409,6404.02,2875253.14,67.05,34726.44,416491.15,37958014.33
Brazil,South America,2021-02-26,212559409,6140.08,2881393.22,75.05,34801.49,419729.14,38377743.47
Brazil,South America,2021-02-27,212559409,6468.1,2887861.32,81.02,34882.51,422961.7,38800705.17
Brazil,South America,2021-02-28,212559409,6400.45,2894261.78,80.02,34962.53,426188.1,39226893.27
Brazil,South America,2021-03-01,212559409,6164.2,2900425.97,74.07,35036.6,429407.57,39656300.84
Brazil,South America,2021-03-02,212559409,6612.9,2907038.88,67.03,35103.63,432619.34,40088920.17
Brazil,South America,2021-03-03,212559409,5783.56,2912822.44,64.44,35168.07,435822.64,40524742.82
Brazil,South America,2021-03-04,212559409,6089.14,2918911.58,69.81,35237.88,439016.69,40963759.51
Brazil,South America,2021-03-05,212559409,5902.42,2924814.0,67.6,35305.49,442200.69,41405960.2
Brazil,South America,2021-03-06,212559409,5233.62,2930047.61,63.4,35368.89,445373.85,41851334.04
Brazil,South America,2021-03-07,212559409,5217.46,2935265.08,74.01,35442.9,448535.34,42299869.39
Brazil,South America,2021-03-08,212559409,5584.82,2940849.89,73.51,35516.42,451684.37,42751553.75
Brazil,South America,2021-03-09,212559409,6176.53,2947026.42,66.22,35582.64,454820.1,43206373.85
Brazil,South America,2021-03-10,212559409,5589.3,2952615.72,72.5,35655.13,457941.7,43664315.55
Brazil,South America,2021-03-11,212559409,4687.08,2957302.8,61.37,35716.5,461048.34,44125363.89
Brazil,South America,2021-03-12,212559409,4107.98,2961410.79,42.85,35759.35,464139.18,44589503.07
Brazil,South America,2021-03-13,212559409,5359.98,2966770.77,71.11,35830.46,467213.37,45056716.45
Brazil,South America,2021-03-14,212559409,4977.71,2971748.48,58.45,35888.91,470270.06,45526986.51
Brazil,South America,2021-03-15,212559409,5320.06,2977068.54,52.56,35941.47,473308.39,46000294.9
Brazil,South America,2021-03-16,212559409,4522.92,2981591.46,57.92,35999.39,476327.49,46476622.39
Brazil,South America,2021-03-17,212559409,4865.67,2986457.13,60.12,36059.51,479326.51,46955948.9
Brazil,South America,2021-03-18,212559409,4952.59,2991409.71,57.61,36117.12,482304.57,47438253.47
Brazil,South America,2021-03-19,212559409,4414.61,2995824.32,52.68,36169.8,485260.79,47923514.26
Brazil,South America,2021-03-20,212559409,4338.4,3000162.72,46.31,36216.1,488194.31,48411708.57
Brazil,South America,2021-03-21,212559409,4414.23,3004576.94,57.85,36273.96,491104.25,48902812.81
Brazil,South America,2021-03-22,212559409,4514.78,3009091.72,53.83,36327.79,493989.72,49396802.53
Brazil,South America,2021-03-23,212559409,4240.92,3013332.65,52.22,36380.01,496849.85,49893652.38
Brazil,South America,2021-03-24,212559409,4509.62,3017842.27,56.97,36436.98,499683.75,50393336.13
Brazil,South America,2021-03-25,212559409,3931.55,3021773.82,37.94,36474.92,502490.55,50895826.68
Brazil,South America,2021-03-26,212559409,3554.55,3025328.37,35.5,36510.42,505269.35,51401096.03
Brazil,South America,2021-03-27,212559409,4639.5,3029967.87,37.99,36548.42,508019.29,51909115.32
Brazil,South America,2021-03-28,212559409,3665.83,3033633.7,48.51,36596.92,510739.48,52419854.81
Brazil,South America,2021-03-29,212559409,3610.27,3037243.97,33.63,36630.55,513429.05,52933283.86
Brazil,South America,2021-03-30,212559409,3719.87,3040963.84,45.7,36676.25,516087.11,53449370.97
Brazil,South America,2021-03-31,212559409,3702.03,3044665.87,47.39,36723.64,518712.8,53968083.77
Brazil,South America,2021-04-01,212559409,3480.76,3048146.63,46.59,36770.23,521305.25,54489389.02
Brazil,South America,2021-04-02,212559409,3549.59,3051696.22,32.96,36803.19,523863.59,55013252.62
Brazil,South America,2021-04-03,212559409,3483.39,3055179.61,41.28,36844.47,526386.97,55539639.59
Brazil,South America,2021-04-04,212559409,3502.17,3058681.78,55.39,36899.86,528874.52,56068514.11
Brazil,South America,2021-04-05,212559409,2561.63,3061243.41,44.45,36944.31,531325.41,56599839.52
Brazil,South America,2021-04-06,212559409,3992.93,3065236.34,55.81,37000.13,533738.77,57133578.29
Brazil,South America,2021-04-07,212559409,3233.09,3068469.42,41.5,37041.63,536113.79,57669692.08
Brazil,South America,2021-04-08,212559409,3440.03,3071909.46,33.24,37074.86,538449.63,58208141.71
Brazil,South America,2021-04-09,212559409,2708.84,3074618.3,38.26,37113.12,540745.47,58748887.18
Brazil,South America,2021-04-10,212559409,2982.9,3077601.2,34.53,37147.65,543000.49,59291887.68
Brazil,South America,2021-04-11,212559409,2871.24,3080472.43,38.94,37186.59,545213.9,59837101.58
Brazil,South America,2021-04-12,212559409,3582.0,3084054.43,37.92,37224.51,547384.9,60384486.48
Brazil,South America,2021-04-13,212559409,2825.88,3086880.31,32.53,37257.04,549512.71,60933999.19
Brazil,South America,2021-04-14,212559409,3261.84,3090142.15,40.46,37297.49,551596.55,61485595.74
Brazil,South America,2021-04-15,212559409,2736.77,3092878.93,34.81,37332.3,553635.67,62039231.41
Brazil,South America,2021-04-16,212559409,2776.23,3095655.16,37.26,37369.57,555629.31,62594860.72
Brazil,South America,2021-04-17,212559409,2821.27,3098476.43,29.22,37398.79,557576.74,63152437.46
Brazil,South America,2021-04-18,212559409,3331.47,3101807.9,29.23,37428.02,559477.24,63711914.7
Brazil,South America,2021-04-19,212559409,2197.95,3104005.85,39.37,37467.4,561330.09,64273244.78
Brazil,South America,2021-04-20,212559409,2378.57,3106384.43,48.46,37515.85,563134.6,64836379.39
Brazil,South America,2021-04-21,212559409,2139.54,3108523.97,29.25,37545.11,564890.09,65401269.48
Brazil,South America,2021-04-22,212559409,2424.92,3110948.88,18.51,37563.61,566595.9,65967865.38
Brazil,South America,2021-04-23,212559409,2508.33,3113457.22,23.91,37587.53,568251.37,66536116.76
Brazil,South America,2021-04-24,212559409,2216.6,3115673.82,30.67,37618.2,569855.88,67105972.63
Brazil,South America,2021-04-25,212559409,2516.42,3118190.23,40.93,37659.13,571408.8,67677381.43
Brazil,South America,2021-04-26,212559409,2062.36,3120252.59,15.05,37674.17,572909.53,68250290.96
Brazil,South America,2021-04-27,212559409,2407.8,3122660.39,27.9,37702.07,574357.5,68824648.45
Brazil,South America,2021-04-28,212559409,3183.27,3125843.66,39.77,37741.84,575752.14,69400400.59
Brazil,South America,2021-04-29,212559409,2905.87,3128749.53,41.79,37783.62,577092.9,69977493.49
Brazil,South America,2021-04-30,212559409,2834.18,3131583.71,31.26,37814.89,578379.27,70555872.76
Brazil,South America,2021-05-01,212559409,2424.01,3134007.71,16.58,37831.46,579610.73,71135483.48
Brazil,South America,2021-05-02,212559409,2246.23,3136253.95,31.92,37863.39,580786.79,71716270.28
Brazil,South America,2021-05-03,212559409,2396.51,3138650.46,37.76,37901.14,581907.01,72298177.28
Brazil,South America,2021-05-04,212559409,2793.92,3141444.38,32.87,37934.01,582970.92,72881148.2
Brazil,South America,2021-05-05,212559409,3129.21,3144573.59,40.79,37974.8,583978.11,73465126.31
Brazil,South America,2021-05-06,212559409,3159.95,3147733.54,34.12,38008.93,584928.17,74050054.48
Brazil,South America,2021-05-07,212559409,3086.08,3150819.62,30.27,38039.19,585820.72,74635875.2
Brazil,South America,2021-05-08,212559409,2630.95,3153450.57,39.78,38078.98,586655.41,75222530.61
Brazil,South America,2021-05-09,212559409,2923.88,3156374.45,38.19,38117.16,587431.9,75809962.5
Brazil,South America,2021-05-10,212559409,2831.48,3159205.92,37.9,38155.06,588149.87,76398112.37
Brazil,South America,2021-05-11,212559409,2904.66,3162110.58,46.87,38201.94,588809.04,76986921.41
Brazil,South America,2021-05-12,212559409,3721.65,3165832.23,36.22,38238.16,589409.14,77576330.56
Brazil,South America,2021-05-13,212559409,2428.0,3168260.23,24.72,38262.88,589949.93,78166280.49
Brazil,South America,2021-05-14,212559409,3001.05,3171261.28,37.28,38300.15,590431.19,78756711.67
Brazil,South America,2021-05-15,212559409,3548.23,3174809.51,38.06,38338.22,590852.72,79347564.39
Brazil,South America,2021-05-16,212559409,2654.43,3177463.94,38.12,38376.33,591214.35,79938778.74
Brazil,South America,2021-05-17,212559409,2987.97,3180451.91,34.36,38410.69,591515.93,80530294.67
Brazil,South America,2021-05-18,212559409,3076.33,3183528.24,28.98,38439.67,591757.34,81122052.01
Brazil,South America,2021-05-19,212559409,3233.96,3186762.2,39.33,38479.0,591938.49,81713990.5
Brazil,South America,2021-05-20,212559409,2806.54,3189568.75,35.04,38514.04,592059.3,82306049.8
Brazil,South America,2021-05-21,212559409,3628.88,3193197.62,51.02,38565.07,592119.71,82898169.51
Brazil,South America,2021-05-22,212559409,3711.5,3196909.12,47.68,38612.75,592119.71,83490289.22
Brazil,South America,2021-05-23,212559409,3716.36,3200625.48,48.29,38661.03,592059.3,84082348.52
Brazil,South America,2021-05-24,212559409,3296.27,3203921.75,42.12,38703.15,591938.49,84674287.01
Brazil,South America,2021-05-25,212559409,3695.98,3207617.73,42.85,38746.0,591757.34,85266044.35
Brazil,South America,2021-05-26,212559409,3418.01,3211035.74,35.29,38781.28,591515.93,85857560.28
Brazil,South America,2021-05-27,212559409,3685.81,3214721.54,46.54,38827.82,591214.35,86448774.63
Brazil,South America,2021-05-28,212559409,4627.61,3219349.15,52.87,38880.69,590852.72,87039627.35
Brazil,South America,2021-05-29,212559409,3981.32,3223330.47,61.29,38941.99,590431.19,87630058.53
Brazil,South America,2021-05-30,212559409,3608.36,3226938.83,54.04,38996.02,589949.93,88220008.46
Brazil,South America,2021-05-31,212559409,4165.49,3231104.32,55.05,39051.07,589409.14,88809417.61
Brazil,South America,2021-06-01,212559409,3709.81,3234814.14,47.55,39098.62,588809.04,89398226.65
Brazil,South America,2021-06-02,212559409,3846.02,3238660.16,45.45,39144.07,588149.87,89986376.52
Brazil,South America,2021-06-03,212559409,3986.16,3242646.31,37.74,39181.81,587431.9,90573808.41
Brazil,South America,2021-06-04,212559409,4282.03,3246928.34,49.65,39231.47,586655.41,91160463.82
Brazil,South America,2021-06-05,212559409,4854.55,3251782.89,59.07,39290.53,585820.72,91746284.54
Brazil,South America,2021-06-06,212559409,4820.18,3256603.07,59.68,39350.21,584928.17,92331212.71
Brazil,South America,2021-06-07,212559409,4893.94,3261497.01,62.48,39412.69,583978.11,92915190.82
Brazil,South America,2021-06-08,212559409,4421.42,3265918.44,60.43,39473.12,582970.92,93498161.74
Brazil,South America,2021-06-09,212559409,4713.7,3270632.14,51.03,39524.15,581907.01,94080068.74
Brazil,South America,2021-06-10,212559409,5097.41,3275729.55,55.7,39579.85,580786.79,94660855.54
Brazil,South America,2021-06-11,212559409,4883.24,3280612.79,70.21,39650.06,579610.73,95240466.26
Brazil,South America,2021-06-12,212559409,5108.52,3285721.31,67.47,39717.53,578379.27,95818845.53
Brazil,South America,2021-06-13,212559409,5465.05,3291186.36,62.45,39779.98,577092.9,96395938.43
Brazil,South America,2021-06-14,212559409,5294.9,3296481.27,62.68,39842.66,575752.14,96971690.57
Brazil,South America,2021-06-15,212559409,5604.24,3302085.5,66.43,39909.09,574357.5,97546048.06
Brazil,South America,2021-06-16,212559409,6192.42,3308277.92,74.56,39983.65,572909.53,98118957.59
Brazil,South America,2021-06-17,212559409,5686.31,3313964.24,72.02,40055.67,571408.8,98690366.39
Brazil,South America,2021-06-18,212559409,6272.35,3320236.59,95.55,40151.22,569855.88,99260222.26
Brazil,South America,2021-06-19,212559409,6170.04,3326406.63,75.56,40226.78,568251.37,99828473.64
Brazil,South America,2021-06-20,212559409,5576.93,3331983.56,72.22,40299.0,566595.9,100395069.54
Brazil,South America,2021-06-21,212559409,5822.4,3337805.96,56.38,40355.38,564890.09,100959959.63
Brazil,South America,2021-06-22,212559409,6035.49,3343841.45,68.55,40423.93,563134.6,101523094.24
Brazil,South America,2021-06-23,212559409,6148.53,3349989.98,83.61,40507.54,561330.09,102084424.32
Brazil,South America,2021-06-24,212559409,6537.91,3356527.89,81.67,40589.21,559477.24,102643901.56
Brazil,South America,2021-06-25,212559409,6907.7,3363435.58,47.78,40636.99,557576.74,103201478.3
Brazil,South America,2021-06-26,212559409,7256.15,3370691.73,92.47,40729.46,555629.31,103757107.61
Brazil,South America,2021-06-27,212559409,7050.13,3377741.85,99.95,40829.4,553635.67,104310743.28
Brazil,South America,2021-06-28,212559409,6912.8,3384654.66,66.99,40896.39,551596.55,104862339.83
Brazil,South America,2021-06-29,212559409,6467.57,3391122.22,89.77,40986.16,549512.71,105411852.54
Brazil,South America,2021-06-30,212559409,7349.6,3398471.82,66.02,41052.18,547384.9,105959237.44
Brazil,South America,2021-07-01,212559409,7463.37,3405935.19,97.06,41149.24,545213.9,106504451.34
Brazil,South America,2021-07-02,212559409,7648.69,3413583.88,91.72,41240.96,543000.49,107047451.84
Brazil,South America,2021-07-03,212559409,8452.95,3422036.83,82.64,41323.59,540745.47,107588197.31
Brazil,South America,2021-07-04,212559409,8281.81,3430318.63,102.95,41426.54,538449.63,108126646.94
Brazil,South America,2021-07-05,212559409,8254.86,3438573.49,108.27,41534.81,536113.79,108662760.73
Brazil,South America,2021-07-06,212559409,7776.44,3446349.93,96.23,41631.04,533738.77,109196499.5
Brazil,South America,2021-07-07,212559409,8067.23,3454417.16,101.49,41732.52,531325.41,109727824.91
Brazil,South America,2021-07-08,212559409,8347.64,3462764.8,96.88,41829.4,528874.52,110256699.43
Brazil,South America,2021-07-09,212559409,8243.89,3471008.68,84.04,41913.43,526386.97,110783086.4
Brazil,South America,2021-07-10,212559409,8825.2,3479833.88,111.44,42024.87,523863.59,111306950.0
Brazil,South America,2021-07-11,212559409,8909.95,3488743.83,120.92,42145.79,521305.25,111828255.25
Brazil,South America,2021-07-12,212559409,8539.29,3497283.12,111.51,42257.3,518712.8,112346968.05
Brazil,South America,2021-07-13,212559409,9474.34,3506757.45,97.79,42355.09,516087.11,112863055.16
Brazil,South America,2021-07-14,212559409,9226.53,3515983.98,98.6,42453.69,513429.05,113376484.21
Brazil,South America,2021-07-15,212559409,8720.76,3524704.75,97.88,42551.57,510739.48,113887223.7
Brazil,South America,2021-07-16,212559409,9443.04,3534147.79,100.57,42652.14,508019.29,114395242.99
Brazil,South America,2021-07-17,212559409,9694.3,3543842.09,116.69,42768.83,505269.35,114900512.34
Brazil,South America,2021-07-18,212559409,10070.93,3553913.03,124.0,42892.82,502490.55,115403002.89
Brazil,South America,2021-07-19,212559409,9746.54,3563659.57,105.52,42998.34,499683.75,115902686.64
Brazil,South America,2021-07-20,212559409,10288.2,3573947.77,129.68,43128.02,496849.85,116399536.49
Brazil,South America,2021-07-21,212559409,10197.15,3584144.92,127.17,43255.19,493989.72,116893526.21
Brazil,South America,2021-07-22,212559409,9804.0,3593948.92,113.26,43368.45,491104.25,117384630.45
Brazil,South America,2021-07-23,212559409,9900.9,3603849.82,117.43,43485.88,488194.31,117872824.76
Brazil,South America,2021-07-24,212559409,10920.27,3614770.08,115.44,43601.33,485260.79,118358085.55
Brazil,South America,2021-07-25,212559409,11076.28,3625846.37,130.26,43731.59,482304.57,118840390.12
Brazil,South America,2021-07-26,212559409,10900.1,3636746.47,130.86,43862.45,479326.51,119319716.63
Brazil,South America,2021-07-27,212559409,11438.95,3648185.42,138.62,44001.06,476327.49,119796044.12
Brazil,South America,2021-07-28,212559409,11412.56,3659597.98,139.98,44141.05,473308.39,120269352.51
Brazil,South America,2021-07-29,212559409,11408.13,3671006.1,138.85,44279.9,470270.06,120739622.57
Brazil,South America,2021-07-30,212559409,10974.76,3681980.86,129.58,44409.48,467213.37,121206835.95
Brazil,South America,2021-07-31,212559409,12023.25,3694004.11,146.57,44556.05,464139.18,121670975.13
Brazil,South America,2021-08-01,212559409,11727.07,3705731.18,148.74,44704.79,461048.34,122132023.47
Brazil,South America,2021-08-02,212559409,11524.94,3717256.13,137.54,44842.32,457941.7,122589965.17
Brazil,South America,2021-08-03,212559409,11545.14,3728801.27,141.08,44983.41,454820.1,123044785.27
Brazil,South America,2021-08-04,212559409,11986.31,3740787.58,142.35,45125.75,451684.37,123496469.63
Brazil,South America,2021-08-05,212559409,11427.24,3752214.82,131.95,45257.71,448535.34,123945004.98
Brazil,South America,2021-08-06,212559409,12370.86,3764585.68,152.63,45410.34,445373.85,124390378.82
Brazil,South America,2021-08-07,212559409,11904.21,3776489.89,138.41,45548.75,442200.69,124832579.51
Brazil,South America,2021-08-08,212559409,12477.69,3788967.58,152.82,45701.57,439016.69,125271596.2
Brazil,South America,2021-08-09,212559409,12273.4,3801240.98,147.51,45849.08,435822.64,125707418.85
Brazil,South America,2021-08-10,212559409,12469.3,3813710.28,147.2,45996.28,432619.34,126140038.18
Brazil,South America,2021-08-11,212559409,12400.63,3826110.91,146.18,46142.46,429407.57,126569445.75
Brazil,South America,2021-08-12,212559409,12710.56,3838821.48,148.46,46290.92,426188.1,126995633.85
Brazil,South America,2021-08-13,212559409,13527.4,3852348.88,149.16,46440.08,422961.7,127418595.55
Brazil,South America,2021-08-14,212559409,13447.62,3865796.49,164.43,46604.52,419729.14,127838324.69
Brazil,South America,2021-08-15,212559409,13181.18,3878977.68,160.03,46764.54,416491.15,128254815.84
Brazil,South America,2021-08-16,212559409,13140.01,3892117.68,164.48,46929.02,413248.48,128668064.32
Brazil,South America,2021-08-17,212559409,13533.48,3905651.16,158.15,47087.17,410001.86,129078066.19
Brazil,South America,2021-08-18,212559409,13719.99,3919371.15,179.8,47266.97,406752.01,129484818.2
Brazil,South America,2021-08-19,212559409,13117.84,3932488.99,154.38,47421.35,403499.63,129888317.83
Brazil,South America,2021-08-20,212559409,13462.17,3945951.17,154.55,47575.9,400245.43,130288563.26
Brazil,South America,2021-08-21,212559409,12929.75,3958880.92,147.21,47723.1,396990.09,130685553.35
Brazil,South America,2021-08-22,212559409,14035.79,3972916.71,154.56,47877.66,393734.28,131079287.63
Brazil,South America,2021-08-23,212559409,14437.78,3987354.49,185.51,48063.18,390478.69,131469766.32
Brazil,South America,2021-08-24,212559409,13812.38,4001166.87,176.72,48239.89,387223.95,131856990.28
Brazil,South America,2021-08-25,212559409,13106.86,4014273.73,162.09,48401.98,383970.73,132240961.0
Brazil,South America,2021-08-26,212559409,14126.9,4028400.63,162.35,48564.34,380719.64,132621680.64
Brazil,South America,2021-08-27,212559409,13657.38,4042058.01,178.38,48742.71,377471.31,132999151.94
Brazil,South America,2021-08-28,212559409,13798.47,4055856.48,162.77,48905.48,374226.35,133373378.29
Brazil,South America,2021-08-29,212559409,14303.55,4070160.03,169.49,49074.97,370985.36,133744363.65
Brazil,South America,2021-08-30,212559409,14223.67,4084383.7,182.18,49257.15,367748.93,134112112.58
Brazil,South America,2021-08-31,212559409,14010.76,4098394.46,173.4,49430.55,364517.63,134476630.21
Brazil,South America,2021-09-01,212559409,13997.91,4112392.37,185.58,49616.14,361292.03,134837922.24
Brazil,South America,2021-09-02,212559409,14309.62,4126701.99,173.71,49789.84,358072.68,135195994.92
Brazil,South America,2021-09-03,212559409,14159.15,4140861.14,166.73,49956.58,354860.11,135550855.03
Brazil,South America,2021-09-04,212559409,13947.69,4154808.83,162.48,50119.05,351654.86,135902509.89
Brazil,South America,2021-09-05,212559409,14249.52,4169058.35,156.22,50275.27,348457.45,136250967.34
Brazil,South America,2021-09-06,212559409,14511.29,4183569.63,171.91,50447.18,345268.38,136596235.72
Brazil,South America,2021-09-07,212559409,14353.1,4197922.74,181.39,50628.57,342088.13,136938323.85
Brazil,South America,2021-09-08,212559409,13940.2,4211862.94,172.07,50800.65,338917.2,137277241.05
Brazil,South America,2021-09-09,212559409,14797.06,4226660.0,177.73,50978.37,335756.05,137612997.11
Brazil,South America,2021-09-10,212559409,13504.71,4240164.71,154.1,51132.47,332605.14,137945602.25
Brazil,South America,2021-09-11,212559409,14315.92,4254480.62,173.61,51306.08,329464.92,138275067.17
Brazil,South America,2021-09-12,212559409,14260.36,4268740.98,179.23,51485.3,326335.81,138601402.99
Brazil,South America,2021-09-13,212559409,14531.01,4283271.99,177.82,51663.12,323218.25,138924621.24
Brazil,South America,2021-09-14,212559409,14673.88,4297945.87,177.42,51840.54,320112.64,139244733.88
Brazil,South America,2021-09-15,212559409,14866.24,4312812.11,172.02,52012.56,317019.38,139561753.26
Brazil,South America,2021-09-16,212559409,14213.54,4327025.65,177.5,52190.06,313938.86,139875692.11
Brazil,South America,2021-09-17,212559409,14655.64,4341681.29,150.81,52340.87,310871.45,140186563.56
Brazil,South America,2021-09-18,212559409,14502.78,4356184.07,177.1,52517.97,307817.52,140494381.09
Brazil,South America,2021-09-19,212559409,13815.57,4369999.65,186.35,52704.32,304777.43,140799158.52
Brazil,South America,2021-09-20,212559409,15056.64,4385056.29,168.61,52872.93,301751.51,141100910.03
Brazil,South America,2021-09-21,212559409,13861.21,4398917.5,164.4,53037.34,298740.1,141399650.13
Brazil,South America,2021-09-22,212559409,14481.46,4413398.96,173.71,53211.05,295743.52,141695393.64
Brazil,South America,2021-09-23,212559409,14437.5,4427836.46,169.55,53380.6,292762.07,141988155.71
Brazil,South America,2021-09-24,212559409,14360.43,4442196.89,180.62,53561.22,289796.06,142277951.77
Brazil,South America,2021-09-25,212559409,14050.38,4456247.26,172.38,53733.6,286845.77,142564797.54
Brazil,South America,2021-09-26,212559409,14469.16,4470716.42,174.85,53908.45,283911.48,142848709.03
Brazil,South America,2021-09-27,212559409,13586.28,4484302.7,169.41,54077.86,280993.47,143129702.49
Brazil,South America,2021-09-28,212559409,14058.84,4498361.54,168.84,54246.7,278091.97,143407794.47
Brazil,South America,2021-09-29,212559409,13830.71,4512192.25,191.41,54438.11,275207.25,143683001.71
Brazil,South America,2021-09-30,212559409,13733.96,4525926.21,166.02,54604.13,272339.53,143955341.24
Brazil,South America,2021-10-01,212559409,14060.82,4539987.03,170.29,54774.42,269489.05,144224830.3
Brazil,South America,2021-10-02,212559409,14224.46,4554211.48,157.01,54931.43,266656.02,144491486.31
Brazil,South America,2021-10-03,212559409,13660.67,4567872.16,159.58,55091.01,263840.65,144755326.96
Brazil,South America,2021-10-04,212559409,13984.46,4581856.61,176.99,55268.0,261043.13,145016370.09
Brazil,South America,2021-10-05,212559409,13656.02,4595512.63,153.19,55421.19,258263.66,145274633.75
Brazil,South America,2021-10-06,212559409,13250.58,4608763.21,141.75,55562.94,255502.41,145530136.16
Brazil,South America,2021-10-07,212559409,13394.27,4622157.49,160.99,55723.93,252759.55,145782895.7
Brazil,South America,2021-10-08,212559409,13298.4,4635455.88,170.55,55894.47,250035.24,146032930.95
Brazil,South America,2021-10-09,212559409,13075.25,4648531.13,157.24,56051.72,247329.65,146280260.59
Brazil,South America,2021-10-10,212559409,13382.18,4661913.31,157.9,56209.61,244642.9,146524903.49
Brazil,South America,2021-10-11,212559409,13224.78,4675138.09,143.83,56353.44,241975.13,146766878.62
Brazil,South America,2021-10-12,212559409,12493.76,4687631.85,153.54,56506.99,239326.48,147006205.1
Brazil,South America,2021-10-13,212559409,12377.73,4700009.58,153.82,56660.81,236697.06,147242902.16
Brazil,South America,2021-10-14,212559409,13007.2,4713016.78,141.83,56802.64,234086.97,147476989.13
Brazil,South America,2021-10-15,212559409,12473.58,4725490.36,158.76,56961.4,231496.33,147708485.47
Brazil,South America,2021-10-16,212559409,12762.66,4738253.02,159.28,57120.68,228925.23,147937410.7
Brazil,South America,2021-10-17,212559409,12826.0,4751079.02,162.97,57283.65,226373.75,148163784.45
Brazil,South America,2021-10-18,212559409,12001.36,4763080.39,148.68,57432.33,223841.98,148387626.43
Brazil,South America,2021-10-19,212559409,11843.54,4774923.92,147.35,57579.68,221329.98,148608956.41
Brazil,South America,2021-10-20,212559409,12812.93,4787736.85,157.92,57737.61,218837.83,148827794.24
Brazil,South America,2021-10-21,212559409,12237.24,4799974.09,153.79,57891.4,216365.58,149044159.83
Brazil,South America,2021-10-22,212559409,11852.83,4811826.92,127.68,58019.08,213913.28,149258073.11
Brazil,South America,2021-10-23,212559409,11556.22,4823383.14,126.67,58145.75,211480.98,149469554.09
Brazil,South America,2021-10-24,212559409,11586.21,4834969.35,133.15,58278.9,209068.72,149678622.81
Brazil,South America,2021-10-25,212559409,11228.22,4846197.57,133.7,58412.6,206676.53,149885299.34
Brazil,South America,2021-10-26,212559409,11832.55,4858030.12,145.1,58557.69,204304.43,150089603.77
Brazil,South America,2021-10-27,212559409,11128.38,4869158.5,136.14,58693.83,201952.45,150291556.22
Brazil,South America,2021-10-28,212559409,11658.4,4880816.9,148.84,58842.67,199620.59,150491176.81
Brazil,South America,2021-10-29,212559409,11009.48,4891826.38,141.3,58983.97,197308.87,150688485.68
Brazil,South America,2021-10-30,212559409,10657.24,4902483.62,120.91,59104.88,195017.3,150883502.98
Brazil,South America,2021-10-31,212559409,10744.69,4913228.31,130.84,59235.72,192745.86,151076248.84
Brazil,South America,2021-11-01,212559409,9845.75,4923074.06,111.37,59347.09,190494.54,151266743.38
Brazil,South America,2021-11-02,212559409,10591.18,4933665.23,125.59,59472.68,188263.35,151455006.73
Brazil,South America,2021-11-03,212559409,10442.14,4944107.37,127.88,59600.56,186052.25,151641058.97
Brazil,South America,2021-11-04,212559409,10657.64,4954765.01,100.62,59701.18,183861.22,151824920.19
Brazil,South America,2021-11-05,212559409,9575.23,4964340.24,134.19,59835.37,181690.24,152006610.43
Brazil,South America,2021-11-06,212559409,10507.77,4974848.01,130.62,59966.0,179539.27,152186149.71
Brazil,South America,2021-11-07,212559409,10253.31,4985101.32,118.27,60084.27,177408.28,152363557.99
Brazil,South America,2021-11-08,212559409,10268.67,4995369.99,138.64,60222.91,175297.22,152538855.21
Brazil,South America,2021-11-09,212559409,9675.81,5005045.8,113.33,60336.24,173206.05,152712061.26
Brazil,South America,2021-11-10,212559409,9912.47,5014958.27,120.01,60456.25,171134.72,152883195.97
Brazil,South America,2021-11-11,212559409,8905.6,5023863.87,102.97,60559.22,169083.17,153052279.14
Brazil,South America,2021-11-12,212559409,9532.72,5033396.59,127.61,60686.83,167051.34,153219330.49
Brazil,South America,2021-11-13,212559409,8875.6,5042272.19,105.67,60792.5,165039.19,153384369.67
Brazil,South America,2021-11-14,212559409,8429.69,5050701.88,102.35,60894.85,163046.63,153547416.3
Brazil,South America,2021-11-15,212559409,8476.29,5059178.17,111.35,61006.2,161073.6,153708489.9
Brazil,South America,2021-11-16,212559409,8733.69,5067911.86,109.49,61115.68,159120.03,153867609.93
Brazil,South America,2021-11-17,212559409,8305.29,5076217.15,99.23,61214.91,157185.84,154024795.77
Brazil,South America,2021-11-18,212559409,8587.55,5084804.7,111.93,61326.85,155270.96,154180066.74
Brazil,South America,2021-11-19,212559409,7685.33,5092490.03,112.53,61439.38,153375.3,154333442.04
Brazil,South America,2021-11-20,212559409,7436.24,5099926.27,91.77,61531.15,151498.79,154484940.83
Brazil,South America,2021-11-21,212559409,8523.86,5108450.13,103.22,61634.37,149641.32,154634582.15
Brazil,South America,2021-11-22,212559409,8223.0,5116673.13,100.04,61734.41,147802.81,154782384.96
Brazil,South America,2021-11-23,212559409,7402.97,5124076.1,99.32,61833.73,145983.18,154928368.14
Brazil,South America,2021-11-24,212559409,7633.2,5131709.31,86.8,61920.54,144182.32,155072550.46
Brazil,South America,2021-11-25,212559409,7855.63,5139564.94,92.04,62012.58,142400.14,155214950.6
Brazil,South America,2021-11-26,212559409,7510.66,5147075.6,77.83,62090.41,140636.53,155355587.13
Brazil,South America,2021-11-27,212559409,7281.6,5154357.2,77.91,62168.31,138891.4,155494478.53
Brazil,South America,2021-11-28,212559409,7479.5,5161836.7,85.61,62253.93,137164.64,155631643.18
Brazil,South America,2021-11-29,212559409,6707.66,5168544.36,80.04,62333.97,135456.15,155767099.33
Brazil,South America,2021-11-30,212559409,6842.34,5175386.7,96.26,62430.23,133765.82,155900865.14
Brazil,South America,2021-12-01,212559409,6694.04,5182080.74,84.62,62514.85,132093.53,156032958.68
Brazil,South America,2021-12-02,212559409,6474.58,5188555.33,70.4,62585.25,130439.18,156163397.86
Brazil,South America,2021-12-03,212559409,6304.32,5194859.64,69.83,62655.07,128802.66,156292200.52
Brazil,South America,2021-12-04,212559409,6337.94,5201197.58,87.05,62742.13,127183.84,156419384.36
Brazil,South America,2021-12-05,212559409,6197.19,5207394.77,83.38,62825.51,125582.62,156544966.98
Brazil,South America,2021-12-06,212559409,5691.98,5213086.76,68.53,62894.04,123998.87,156668965.85
Brazil,South America,2021-12-07,212559409,6214.46,5219301.21,71.03,62965.07,122432.48,156791398.33
Brazil,South America,2021-12-08,212559409,5468.14,5224769.35,74.62,63039.69,120883.33,156912281.66
Brazil,South America,2021-12-09,212559409,5610.72,5230380.07,59.38,63099.07,119351.29,157031632.95
Brazil,South America,2021-12-10,212559409,5462.2,5235842.26,68.68,63167.75,117836.24,157149469.19
Brazil,South America,2021-12-11,212559409,5570.59,5241412.85,85.03,63252.78,116338.07,157265807.26
Brazil,South America,2021-12-12,212559409,4584.55,5245997.4,56.66,63309.44,114856.64,157380663.9
Brazil,South America,2021-12-13,212559409,5520.36,5251517.75,60.04,63369.48,113391.82,157494055.72
Brazil,South America,2021-12-14,212559409,4855.24,5256372.99,61.55,63431.02,111943.51,157605999.23
Brazil,South America,2021-12-15,212559409,5404.18,5261777.17,61.09,63492.11,110511.56,157716510.78
Brazil,South America,2021-12-16,212559409,4696.25,5266473.42,45.2,63537.31,109095.84,157825606.63
Brazil,South America,2021-12-17,212559409,4734.34,5271207.77,62.42,63599.73,107696.24,157933302.87
Brazil,South America,2021-12-18,212559409,5310.53,5276518.3,72.67,63672.4,106312.63,158039615.5
Brazil,South America,2021-12-19,212559409,4434.37,5280952.67,50.73,63723.13,104944.86,158144560.36
Brazil,South America,2021-12-20,212559409,4857.25,5285809.92,55.27,63778.4,103592.82,158248153.18
Brazil,South America,2021-12-21,212559409,4331.03,5290140.95,44.28,63822.68,102256.37,158350409.56
Brazil,South America,2021-12-22,212559409,4357.98,5294498.93,51.1,63873.77,100935.39,158451344.95
Brazil,South America,2021-12-23,212559409,4133.82,5298632.76,45.11,63918.88,99629.74,158550974.68
Brazil,South America,2021-12-24,212559409,4304.38,5302937.13,43.56,63962.44,98339.28,158649313.97
Brazil,South America,2021-12-25,212559409,3667.54,5306604.67,59.15,64021.59,97063.9,158746377.87
Brazil,South America,2021-12-26,212559409,3464.47,5310069.14,45.31,64066.9,95803.46,158842181.32
Brazil,South America,2021-12-27,212559409,3488.36,5313557.5,46.44,64113.34,94557.82,158936739.14
Brazil,South America,2021-12-28,212559409,3651.32,5317208.82,50.88,64164.22,93326.86,159030066.0
Brazil,South America,2021-12-29,212559409,3445.27,5320654.09,47.51,64211.73,92110.44,159122176.44
Brazil,South America,2021-12-30,212559409,3678.89,5324332.98,40.84,64252.57,90908.43,159213084.86
Brazil,South America,2021-12-31,212559409,3796.27,5328129.24,47.74,64300.31,89720.7,159302805.57
Brazil,South America,2022-01-01,212559409,2908.98,5331038.23,32.76,64333.06,88547.12,159391352.69
Brazil,South America,2022-01-02,212559409,2906.16,5333944.39,38.38,64371.45,87387.56,159478740.25
Brazil,South America,2022-01-03,212559409,2574.46,5336518.85,33.63,64405.07,86241.89,159564982.13
Brazil,South America,2022-01-04,212559409,3703.48,5340222.33,41.38,64446.45,85109.96,159650092.1
Brazil,South America,2022-01-05,212559409,3016.77,5343239.1,25.57,64472.02,83991.67,159734083.77
Brazil,South America,2022-01-06,212559409,2996.95,5346236.04,37.13,64509.15,82886.87,159816970.63
Brazil,South America,2022-01-07,212559409,2280.4,5348516.44,25.73,64534.88,81795.43,159898766.06
Brazil,South America,2022-01-08,212559409,2671.1,5351187.55,16.93,64551.82,80717.23,159979483.29
Brazil,South America,2022-01-09,212559409,2773.36,5353960.9,37.34,64589.16,79652.13,160059135.42
Brazil,South America,2022-01-10,212559409,2431.82,5356392.73,36.9,64626.06,78600.0,160137735.42
Brazil,South America,2022-01-11,212559409,2823.51,5359216.23,54.11,64680.17,77560.73,160215296.14
Brazil,South America,2022-01-12,212559409,3184.42,5362400.65,35.08,64715.25,76534.17,160291830.31
Brazil,South America,2022-01-13,212559409,1973.6,5364374.25,19.37,64734.63,75520.2,160367350.51
Brazil,South America,2022-01-14,212559409,1878.67,5366252.92,13.67,64748.3,74518.7,160441869.21
Brazil,South America,2022-01-15,212559409,1862.02,5368114.94,24.01,64772.31,73529.53,160515398.74
Brazil,South America,2022-01-16,212559409,2665.73,5370780.67,33.61,64805.92,72552.57,160587951.31
Brazil,South America,2022-01-17,212559409,2404.2,5373184.87,22.36,64828.28,71587.7,160659539.01
Brazil,South America,2022-01-18,212559409,1929.23,5375114.1,21.75,64850.03,70634.79,160730173.81
Brazil,South America,2022-01-19,212559409,1928.2,5377042.3,7.31,64857.34,69693.72,160799867.53
Brazil,South America,2022-01-20,212559409,1569.8,5378612.1,26.25,64883.59,68764.36,160868631.89
Brazil,South America,2022-01-21,212559409,2108.7,5380720.8,19.14,64902.72,67846.59,160936478.47
Brazil,South America,2022-01-22,212559409,1607.24,5382328.04,19.01,64921.73,66940.28,161003418.75
Brazil,South America,2022-01-23,212559409,1593.58,5383921.62,7.71,64929.44,66045.32,161069464.07
Brazil,South America,2022-01-24,212559409,1843.46,5385765.08,17.46,64946.91,65161.58,161134625.65
Brazil,South America,2022-01-25,212559409,1511.72,5387276.8,15.9,64962.81,64288.94,161198914.59
Brazil,South America,2022-01-26,212559409,1443.75,5388720.56,17.23,64980.04,63427.29,161262341.89
Brazil,South America,2022-01-27,212559409,1479.48,5390200.04,21.59,65001.64,62576.51,161324918.39
Brazil,South America,2022-01-28,212559409,1705.25,5391905.29,31.98,65033.61,61736.47,161386654.86
Brazil,South America,2022-01-29,212559409,1955.51,5393860.8,29.33,65062.94,60907.05,161447561.91
Brazil,South America,2022-01-30,212559409,1537.79,5395398.59,26.15,65089.09,60088.15,161507650.06
Brazil,South America,2022-01-31,212559409,1568.9,5396967.5,30.4,65119.49,59279.65,161566929.71
Canada,North America,2020-02-01,37742157,5.8,5.8,6.89,6.89,0.0,0.0
Canada,North America,2020-02-02,37742157,0.0,5.8,0.0,6.89,0.0,0.0
Canada,North America,2020-02-03,37742157,12.15,17.95,0.0,6.89,0.0,0.0
Canada,North America,2020-02-04,37742157,75.92,93.88,0.0,6.89,0.0,0.0
Canada,North America,2020-02-05,37742157,44.73,138.61,16.08,22.96,0.0,0.0
Canada,North America,2020-02-06,37742157,72.65,211.26,0.0,22.96,0.0,0.0
Canada,North America,2020-02-07,37742157,0.0,211.26,0.0,22.96,0.0,0.0
Canada,North America,2020-02-08,37742157,0.0,211.26,8.24,31.2,0.0,0.0
Canada,North America,2020-02-09,37742157,0.0,211.26,12.0,43.21,0.0,0.0
Canada,North America,2020-02-10,37742157,8.96,220.22,13.38,56.59,0.0,0.0
Canada,North America,2020-02-11,37742157,201.22,421.44,10.72,67.31,0.0,0.0
Canada,North America,2020-02-12,37742157,0.0,421.44,9.61,76.92,0.0,0.0
Canada,North America,2020-02-13,37742157,30.84,452.28,0.79,77.72,0.0,0.0
Canada,North America,2020-02-14,37742157,13.11,465.38,0.0,77.72,0.0,0.0
Canada,North America,2020-02-15,37742157,0.0,465.38,0.22,77.94,0.0,0.0
Canada,North America,2020-02-16,37742157,188.37,653.75,7.23,85.17,0.0,0.0
Canada,North America,2020-02-17,37742157,0.0,653.75,0.0,85.17,0.0,0.0
Canada,North America,2020-02-18,37742157,0.0,653.75,0.0,85.17,0.0,0.0
Canada,North America,2020-02-19,37742157,545.66,1199.41,0.0,85.17,0.0,0.0
Canada,North America,2020-02-20,37742157,341.77,1541.18,0.0,85.17,0.0,0.0
Canada,North America,2020-02-21,37742157,233.96,1775.14,17.51,102.69,0.0,0.0
Canada,North America,2020-02-22,37742157,189.19,1964.33,17.27,119.95,0.0,0.0
Canada,North America,2020-02-23,37742157,26.25,1990.58,0.29,120.24,0.0,0.0
Canada,North America,2020-02-24,37742157,759.59,2750.17,11.37,131.61,0.0,0.0
Canada,North America,2020-02-25,37742157,377.1,3127.27,0.0,131.61,0.0,0.0
Canada,North America,2020-02-26,37742157,0.0,3127.27,5.14,136.75,0.0,0.0
Canada,North America,2020-02-27,37742157,0.0,3127.27,14.08,150.83,0.0,0.0
Canada,North America,2020-02-28,37742157,311.98,3439.25,0.0,150.83,0.0,0.0
Canada,North America,2020-02-29,37742157,100.34,3539.59,4.92,155.74,0.0,0.0
Canada,North America,2020-03-01,37742157,0.0,3539.59,4.31,160.06,0.0,0.0
Canada,North America,2020-03-02,37742157,283.44,3823.03,7.62,167.68,0.0,0.0
Canada,North America,2020-03-03,37742157,46.52,3869.54,13.7,181.38,0.0,0.0
Canada,North America,2020-03-04,37742157,333.98,4203.53,20.3,201.68,0.0,0.0
Canada,North America,2020-03-05,37742157,310.78,4514.31,1.86,203.54,0.0,0.0
Canada,North America,2020-03-06,37742157,0.0,4514.31,5.39,208.92,0.0,0.0
Canada,North America,2020-03-07,37742157,394.59,4908.89,5.41,214.33,0.0,0.0
Canada,North America,2020-03-08,37742157,7.85,4916.74,0.0,214.33,0.0,0.0
Canada,North America,2020-03-09,37742157,40.02,4956.76,2.65,216.98,0.0,0.0
Canada,North America,2020-03-10,37742157,15.06,4971.81,5.55,222.53,0.0,0.0
Canada,North America,2020-03-11,37742157,607.43,5579.24,9.02,231.56,0.0,0.0
Canada,North America,2020-03-12,37742157,124.06,5703.3,0.0,231.56,0.0,0.0
Canada,North America,2020-03-13,37742157,713.72,6417.02,4.86,236.41,0.0,0.0
Canada,North America,2020-03-14,37742157,869.15,7286.18,6.78,243.19,0.0,0.0
Canada,North America,2020-03-15,37742157,0.0,7286.18,0.0,243.19,0.0,0.0
Canada,North America,2020-03-16,37742157,0.0,7286.18,2.51,245.7,0.0,0.0
Canada,North America,2020-03-17,37742157,648.07,7934.25,11.12,256.82,0.0,0.0
Canada,North America,2020-03-18,37742157,176.32,8110.57,9.95,266.78,0.0,0.0
Canada,North America,2020-03-19,37742157,6.88,8117.45,0.0,266.78,0.0,0.0
Canada,North America,2020-03-20,37742157,118.57,8236.02,0.0,266.78,0.0,0.0
Canada,North America,2020-03-21,37742157,194.55,8430.57,14.77,281.55,0.0,0.0
Canada,North America,2020-03-22,37742157,809.43,9240.0,8.4,289.94,0.0,0.0
Canada,North America,2020-03-23,37742157,427.63,9667.63,5.37,295.32,0.0,0.0
Canada,North America,2020-03-24,37742157,837.75,10505.38,8.65,303.97,0.0,0.0
Canada,North America,2020-03-25,37742157,578.9,11084.27,16.01,319.98,0.0,0.0
Canada,North America,2020-03-26,37742157,315.73,11400.0,13.16,333.14,0.0,0.0
Canada,North America,2020-03-27,37742157,305.99,11705.99,12.58,345.72,0.0,0.0
Canada,North America,2020-03-28,37742157,658.47,12364.46,8.11,353.84,0.0,0.0
Canada,North America,2020-03-29,37742157,768.99,13133.45,2.25,356.08,0.0,0.0
Canada,North America,2020-03-30,37742157,851.31,13984.76,25.62,381.7,0.0,0.0
Canada,North America,2020-03-31,37742157,432.15,14416.91,12.04,393.74,0.0,0.0
Canada,North America,2020-04-01,37742157,606.95,15023.86,3.63,397.37,0.0,0.0
Canada,North America,2020-04-02,37742157,772.66,15796.51,20.66,418.03,0.0,0.0
Canada,North America,2020-04-03,37742157,457.17,16253.69,1.2,419.23,0.0,0.0
Canada,North America,2020-04-04,37742157,218.36,16472.04,13.91,433.14,0.0,0.0
Canada,North America,2020-04-05,37742157,358.13,16830.17,16.12,449.26,0.0,0.0
Canada,North America,2020-04-06,37742157,581.42,17411.59,0.0,449.26,0.0,0.0
Canada,North America,2020-04-07,37742157,923.74,18335.33,15.74,465.0,0.0,0.0
Canada,North America,2020-04-08,37742157,1159.54,19494.88,20.17,485.17,0.0,0.0
Canada,North America,2020-04-09,37742157,271.95,19766.83,24.18,509.35,0.0,0.0
Canada,North America,2020-04-10,37742157,565.92,20332.75,0.85,510.21,0.0,0.0
Canada,North America,2020-04-11,37742157,678.91,21011.66,19.61,529.81,0.0,0.0
Canada,North America,2020-04-12,37742157,1112.25,22123.91,13.49,543.3,0.0,0.0
Canada,North America,2020-04-13,37742157,679.95,22803.86,0.0,543.3,0.0,0.0
Canada,North America,2020-04-14,37742157,745.84,23549.7,7.99,551.29,0.0,0.0
Canada,North America,2020-04-15,37742157,434.27,23983.97,5.23,556.52,0.0,0.0
Canada,North America,2020-04-16,37742157,1130.65,25114.63,5.1,561.62,0.0,0.0
Canada,North America,2020-04-17,37742157,938.73,26053.35,13.76,575.38,0.0,0.0
Canada,North America,2020-04-18,37742157,800.82,26854.18,17.27,592.65,0.0,0.0
Canada,North America,2020-04-19,37742157,974.2,27828.37,13.6,606.25,0.0,0.0
Canada,North America,2020-04-20,37742157,1495.52,29323.89,13.61,619.86,0.0,0.0
Canada,North America,2020-04-21,37742157,786.16,30110.06,8.25,628.11,0.0,0.0
Canada,North America,2020-04-22,37742157,880.85,30990.9,10.53,638.64,0.0,0.0
Canada,North America,2020-04-23,37742157,1652.02,32642.92,21.56,660.2,0.0,0.0
Canada,North America,2020-04-24,37742157,1279.28,33922.2,24.23,684.43,0.0,0.0
Canada,North America,2020-04-25,37742157,1526.94,35449.15,20.5,704.93,0.0,0.0
Canada,North America,2020-04-26,37742157,1473.63,36922.77,6.46,711.39,0.0,0.0
Canada,North America,2020-04-27,37742157,1361.84,38284.61,11.84,723.24,0.0,0.0
Canada,North America,2020-04-28,37742157,1294.19,39578.81,16.86,740.1,0.0,0.0
Canada,North America,2020-04-29,37742157,1749.72,41328.52,29.99,770.09,0.0,0.0
Canada,North America,2020-04-30,37742157,1908.73,43237.25,33.29,803.37,0.0,0.0
Canada,North America,2020-05-01,37742157,1925.27,45162.53,37.3,840.67,0.0,0.0
Canada,North America,2020-05-02,37742157,1175.42,46337.95,15.15,855.82,0.0,0.0
Canada,North America,2020-05-03,37742157,2092.2,48430.15,31.21,887.04,0.0,0.0
Canada,North America,2020-05-04,37742157,1555.95,49986.11,7.04,894.07,0.0,0.0
Canada,North America,2020-05-05,37742157,1463.29,51449.4,21.0,915.07,0.0,0.0
Canada,North America,2020-05-06,37742157,1715.16,53164.56,11.98,927.05,0.0,0.0
Canada,North America,2020-05-07,37742157,2112.73,55277.29,24.85,951.9,0.0,0.0
Canada,North America,2020-05-08,37742157,2058.91,57336.21,48.95,1000.85,0.0,0.0
Canada,North America,2020-05-09,37742157,1828.76,59164.97,24.37,1025.22,0.0,0.0
Canada,North America,2020-05-10,37742157,2260.18,61425.15,20.21,1045.43,0.0,0.0
Canada,North America,2020-05-11,37742157,2065.22,63490.37,28.04,1073.48,0.0,0.0
Canada,North America,2020-05-12,37742157,1865.4,65355.76,18.25,1091.73,0.0,0.0
Canada,North America,2020-05-13,37742157,1868.16,67223.92,14.73,1106.46,0.0,0.0
Canada,North America,2020-05-14,37742157,2309.92,69533.84,44.54,1151.0,0.0,0.0
Canada,North America,2020-05-15,37742157,2188.12,71721.95,34.79,1185.79,0.0,0.0
Canada,North America,2020-05-16,37742157,1786.5,73508.45,24.2,1210.0,0.0,0.0
Canada,North America,2020-05-17,37742157,2615.59,76124.04,28.25,1238.25,0.0,0.0
Canada,North America,2020-05-18,37742157,2202.34,78326.38,23.94,1262.19,0.0,0.0
Canada,North America,2020-05-19,37742157,2979.18,81305.56,48.09,1310.28,0.0,0.0
Canada,North America,2020-05-20,37742157,1982.51,83288.07,26.24,1336.52,0.0,0.0
Canada,North America,2020-05-21,37742157,2462.01,85750.09,4.88,1341.41,0.0,0.0
Canada,North America,2020-05-22,37742157,2332.0,88082.09,47.35,1388.76,0.0,0.0
Canada,North America,2020-05-23,37742157,2287.33,90369.42,28.91,1417.67,0.0,0.0
Canada,North America,2020-05-24,37742157,2510.04,92879.46,32.87,1450.54,0.0,0.0
Canada,North America,2020-05-25,37742157,3351.71,96231.17,48.91,1499.45,0.0,0.0
Canada,North America,2020-05-26,37742157,2833.65,99064.82,37.73,1537.18,0.0,0.0
Canada,North America,2020-05-27,37742157,2557.67,101622.49,36.67,1573.85,0.0,0.0
Canada,North America,2020-05-28,37742157,2245.81,103868.3,23.56,1597.41,0.0,0.0
Canada,North America,2020-05-29,37742157,2334.16,106202.46,18.17,1615.58,0.0,0.0
Canada,North America,2020-05-30,37742157,2799.36,109001.82,35.83,1651.41,0.0,0.0
Canada,North America,2020-05-31,37742157,2815.47,111817.29,45.24,1696.65,0.0,0.0
Canada,North America,2020-06-01,37742157,3008.57,114825.86,30.92,1727.57,0.0,0.0
Canada,North America,2020-06-02,37742157,2341.01,117166.87,22.27,1749.84,0.0,0.0
Canada,North America,2020-06-03,37742157,3152.97,120319.85,47.6,1797.44,0.0,0.0
Canada,North America,2020-06-04,37742157,3593.01,123912.86,39.46,1836.9,0.0,0.0
Canada,North America,2020-06-05,37742157,3848.96,127761.82,42.9,1879.8,0.0,0.0
Canada,North America,2020-06-06,37742157,2664.93,130426.76,28.99,1908.8,0.0,0.0
Canada,North America,2020-06-07,37742157,3093.85,133520.6,36.61,1945.4,0.0,0.0
Canada,North America,2020-06-08,37742157,3120.97,136641.57,24.86,1970.27,0.0,0.0
Canada,North America,2020-06-09,37742157,3515.8,140157.37,37.87,2008.14,0.0,0.0
Canada,North America,2020-06-10,37742157,3081.91,143239.28,38.83,2046.97,0.0,0.0
Canada,North America,2020-06-11,37742157,4140.79,147380.07,51.48,2098.44,0.0,0.0
Canada,North America,2020-06-12,37742157,3609.5,150989.57,52.58,2151.02,0.0,0.0
Canada,North America,2020-06-13,37742157,3592.48,154582.05,57.82,2208.85,0.0,0.0
Canada,North America,2020-06-14,37742157,4233.36,158815.41,62.9,2271.75,0.0,0.0
Canada,North America,2020-06-15,37742157,3709.59,162525.0,51.83,2323.58,0.0,0.0
Canada,North America,2020-06-16,37742157,3893.54,166418.53,45.53,2369.11,0.0,0.0
Canada,North America,2020-06-17,37742157,3527.76,169946.3,37.35,2406.46,0.0,0.0
Canada,North America,2020-06-18,37742157,3346.83,173293.13,40.3,2446.76,0.0,0.0
Canada,North America,2020-06-19,37742157,3647.66,176940.78,48.46,2495.22,0.0,0.0
Canada,North America,2020-06-20,37742157,4660.28,181601.06,62.5,2557.72,0.0,0.0
Canada,North America,2020-06-21,37742157,4148.69,185749.74,54.77,2612.49,0.0,0.0
Canada,North America,2020-06-22,37742157,4054.22,189803.96,47.68,2660.17,0.0,0.0
Canada,North America,2020-06-23,37742157,3646.08,193450.05,50.05,2710.22,0.0,0.0
Canada,North America,2020-06-24,37742157,4335.08,197785.13,62.11,2772.33,0.0,0.0
Canada,North America,2020-06-25,37742157,3567.9,201353.03,49.86,2822.18,0.0,0.0
Canada,North America,2020-06-26,37742157,3520.16,204873.19,41.99,2864.17,0.0,0.0
Canada,North America,2020-06-27,37742157,3897.12,208770.31,40.09,2904.26,0.0,0.0
Canada,North America,2020-06-28,37742157,4799.45,213569.76,50.73,2954.99,0.0,0.0
Canada,North America,2020-06-29,37742157,4800.81,218370.57,52.16,3007.15,0.0,0.0
Canada,North America,2020-06-30,37742157,3998.29,222368.86,50.04,3057.19,0.0,0.0
Canada,North America,2020-07-01,37742157,3938.4,226307.26,51.42,3108.61,0.0,0.0
Canada,North America,2020-07-02,37742157,3616.87,229924.13,32.09,3140.7,0.0,0.0
Canada,North America,2020-07-03,37742157,4233.38,234157.51,46.77,3187.46,0.0,0.0
Canada,North America,2020-07-04,37742157,4276.29,238433.8,53.26,3240.73,0.0,0.0
Canada,North America,2020-07-05,37742157,4507.88,242941.69,46.9,3287.62,0.0,0.0
Canada,North America,2020-07-06,37742157,4560.66,247502.35,58.2,3345.82,0.0,0.0
Canada,North America,2020-07-07,37742157,4181.61,251683.96,47.72,3393.54,0.0,0.0
Canada,North America,2020-07-08,37742157,4452.54,256136.5,47.64,3441.19,0.0,0.0
Canada,North America,2020-07-09,37742157,4018.33,260154.83,48.65,3489.83,0.0,0.0
Canada,North America,2020-07-10,37742157,4455.57,264610.4,56.61,3546.44,0.0,0.0
Canada,North America,2020-07-11,37742157,4092.54,268702.94,42.32,3588.76,0.0,0.0
Canada,North America,2020-07-12,37742157,4431.78,273134.72,51.24,3640.0,0.0,0.0
Canada,North America,2020-07-13,37742157,4402.77,277537.49,56.57,3696.57,0.0,0.0
Canada,North America,2020-07-14,37742157,4292.15,281829.64,45.41,3741.98,0.0,0.0
Canada,North America,2020-07-15,37742157,4542.38,286372.02,41.25,3783.23,0.0,0.0
Canada,North America,2020-07-16,37742157,3709.35,290081.37,32.22,3815.45,0.0,0.0
Canada,North America,2020-07-17,37742157,3879.46,293960.83,43.21,3858.66,0.0,0.0
Canada,North America,2020-07-18,37742157,4149.35,298110.18,39.24,3897.9,0.0,0.0
Canada,North America,2020-07-19,37742157,3728.95,301839.13,41.97,3939.87,0.0,0.0
Canada,North America,2020-07-20,37742157,4080.45,305919.58,62.28,4002.15,0.0,0.0
Canada,North America,2020-07-21,37742157,4079.08,309998.66,37.92,4040.07,0.0,0.0
Canada,North America,2020-07-22,37742157,4654.53,314653.19,53.59,4093.67,0.0,0.0
Canada,North America,2020-07-23,37742157,4230.6,318883.78,67.83,4161.49,0.0,0.0
Canada,North America,2020-07-24,37742157,4524.24,323408.02,57.56,4219.05,0.0,0.0
Canada,North America,2020-07-25,37742157,4251.45,327659.47,48.08,4267.12,0.0,0.0
Canada,North America,2020-07-26,37742157,3939.03,331598.5,46.01,4313.14,0.0,0.0
Canada,North America,2020-07-27,37742157,4152.72,335751.22,53.27,4366.41,0.0,0.0
Canada,North America,2020-07-28,37742157,4339.43,340090.65,65.64,4432.04,0.0,0.0
Canada,North America,2020-07-29,37742157,4478.87,344569.52,49.5,4481.54,0.0,0.0
Canada,North America,2020-07-30,37742157,3990.8,348560.32,41.83,4523.37,0.0,0.0
Canada,North America,2020-07-31,37742157,3435.33,351995.65,30.19,4553.57,0.0,0.0
Canada,North America,2020-08-01,37742157,3384.54,355380.2,41.44,4595.01,0.0,0.0
Canada,North America,2020-08-02,37742157,3844.36,359224.56,34.89,4629.89,0.0,0.0
Canada,North America,2020-08-03,37742157,3112.22,362336.77,33.64,4663.53,0.0,0.0
Canada,North America,2020-08-04,37742157,4529.75,366866.52,47.09,4710.62,0.0,0.0
Canada,North America,2020-08-05,37742157,4080.53,370947.05,57.56,4768.18,0.0,0.0
Canada,North America,2020-08-06,37742157,3618.45,374565.5,39.35,4807.53,0.0,0.0
Canada,North America,2020-08-07,37742157,3421.14,377986.65,44.23,4851.76,0.0,0.0
Canada,North America,2020-08-08,37742157,4137.25,382123.9,36.81,4888.57,0.0,0.0
Canada,North America,2020-08-09,37742157,3354.87,385478.77,41.31,4929.88,0.0,0.0
Canada,North America,2020-08-10,37742157,3354.91,388833.68,30.63,4960.52,0.0,0.0
Canada,North America,2020-08-11,37742157,3409.31,392242.99,37.51,4998.02,0.0,0.0
Canada,North America,2020-08-12,37742157,3682.94,395925.93,61.88,5059.91,0.0,0.0
Canada,North America,2020-08-13,37742157,3825.46,399751.39,53.36,5113.27,0.0,0.0
Canada,North America,2020-08-14,37742157,3990.41,403741.81,46.86,5160.13,0.0,0.0
Canada,North America,2020-08-15,37742157,3903.19,407645.0,72.43,5232.56,0.0,0.0
Canada,North America,2020-08-16,37742157,3501.91,411146.91,34.7,5267.26,0.0,0.0
Canada,North America,2020-08-17,37742157,3822.8,414969.71,55.2,5322.46,0.0,0.0
Canada,North America,2020-08-18,37742157,3194.58,418164.29,26.07,5348.53,0.0,0.0
Canada,North America,2020-08-19,37742157,2755.82,420920.11,31.12,5379.65,0.0,0.0
Canada,North America,2020-08-20,37742157,3121.87,424041.98,26.68,5406.33,0.0,0.0
Canada,North America,2020-08-21,37742157,3038.21,427080.18,38.52,5444.85,0.0,0.0
Canada,North America,2020-08-22,37742157,3062.89,430143.07,37.2,5482.05,0.0,0.0
Canada,North America,2020-08-23,37742157,2912.09,433055.16,32.48,5514.53,0.0,0.0
Canada,North America,2020-08-24,37742157,3050.41,436105.57,45.34,5559.87,0.0,0.0
Canada,North America,2020-08-25,37742157,3392.95,439498.52,36.18,5596.05,0.0,0.0
Canada,North America,2020-08-26,37742157,3740.67,443239.19,47.5,5643.55,0.0,0.0
Canada,North America,2020-08-27,37742157,2501.16,445740.35,36.58,5680.13,0.0,0.0
Canada,North America,2020-08-28,37742157,2619.37,448359.73,19.57,5699.7,0.0,0.0
Canada,North America,2020-08-29,37742157,2758.52,451118.25,27.11,5726.81,0.0,0.0
Canada,North America,2020-08-30,37742157,3269.43,454387.68,39.66,5766.48,0.0,0.0
Canada,North America,2020-08-31,37742157,2896.08,457283.76,39.79,5806.27,0.0,0.0
Canada,North America,2020-09-01,37742157,2681.3,459965.05,43.55,5849.82,0.0,0.0
Canada,North America,2020-09-02,37742157,3153.09,463118.15,36.11,5885.93,0.0,0.0
Canada,North America,2020-09-03,37742157,3205.1,466323.25,35.93,5921.86,0.0,0.0
Canada,North America,2020-09-04,37742157,2832.59,469155.83,27.01,5948.87,0.0,0.0
Canada,North America,2020-09-05,37742157,2522.97,471678.8,32.92,5981.78,0.0,0.0
Canada,North America,2020-09-06,37742157,2873.48,474552.28,32.1,6013.89,0.0,0.0
Canada,North America,2020-09-07,37742157,2668.24,477220.52,29.83,6043.71,0.0,0.0
Canada,North America,2020-09-08,37742157,2637.35,479857.87,30.9,6074.61,0.0,0.0
Canada,North America,2020-09-09,37742157,2515.04,482372.91,34.59,6109.21,0.0,0.0
Canada,North America,2020-09-10,37742157,2991.67,485364.58,31.39,6140.6,0.0,0.0
Canada,North America,2020-09-11,37742157,2729.84,488094.42,26.58,6167.18,0.0,0.0
Canada,North America,2020-09-12,37742157,2980.27,491074.69,39.22,6206.39,0.0,0.0
Canada,North America,2020-09-13,37742157,3061.84,494136.53,12.54,6218.93,0.0,0.0
Canada,North America,2020-09-14,37742157,2732.12,496868.65,27.96,6246.89,0.0,0.0
Canada,North America,2020-09-15,37742157,2372.58,499241.23,19.26,6266.15,0.0,0.0
Canada,North America,2020-09-16,37742157,2893.36,502134.59,44.35,6310.49,0.0,0.0
Canada,North America,2020-09-17,37742157,2672.68,504807.27,28.54,6339.04,0.0,0.0
Canada,North America,2020-09-18,37742157,3402.41,508209.68,36.34,6375.38,0.0,0.0
Canada,North America,2020-09-19,37742157,2582.4,510792.08,30.6,6405.98,0.0,0.0
Canada,North America,2020-09-20,37742157,2701.79,513493.87,27.66,6433.64,0.0,0.0
Canada,North America,2020-09-21,37742157,2544.11,516037.98,27.31,6460.95,0.0,0.0
Canada,North America,2020-09-22,37742157,2393.77,518431.75,29.5,6490.45,0.0,0.0
Canada,North America,2020-09-23,37742157,2325.02,520756.77,24.52,6514.97,0.0,0.0
Canada,North America,2020-09-24,37742157,2506.87,523263.65,26.65,6541.62,0.0,0.0
Canada,North America,2020-09-25,37742157,2575.76,525839.4,22.83,6564.45,0.0,0.0
Canada,North America,2020-09-26,37742157,2788.0,528627.4,24.23,6588.68,0.0,0.0
Canada,North America,2020-09-27,37742157,2483.85,531111.25,30.29,6618.97,0.0,0.0
Canada,North America,2020-09-28,37742157,2206.71,533317.96,28.93,6647.9,0.0,0.0
Canada,North America,2020-09-29,37742157,2248.45,535566.41,15.56,6663.46,0.0,0.0
Canada,North America,2020-09-30,37742157,1895.13,537461.54,28.82,6692.28,0.0,0.0
Canada,North America,2020-10-01,37742157,2936.05,540397.59,41.34,6733.62,0.0,0.0
Canada,North America,2020-10-02,37742157,2162.85,542560.43,33.75,6767.37,0.0,0.0
Canada,North America,2020-10-03,37742157,2689.65,545250.09,34.67,6802.05,0.0,0.0
Canada,North America,2020-10-04,37742157,2447.78,547697.87,34.47,6836.52,0.0,0.0
Canada,North America,2020-10-05,37742157,2458.38,550156.25,46.98,6883.5,0.0,0.0
Canada,North America,2020-10-06,37742157,2313.17,552469.42,25.35,6908.85,0.0,0.0
Canada,North America,2020-10-07,37742157,2081.88,554551.3,16.62,6925.46,0.0,0.0
Canada,North America,2020-10-08,37742157,2023.05,556574.35,12.0,6937.47,0.0,0.0
Canada,North America,2020-10-09,37742157,2972.52,559546.87,49.72,6987.18,0.0,0.0
Canada,North America,2020-10-10,37742157,2414.04,561960.9,43.12,7030.3,0.0,0.0
Canada,North America,2020-10-11,37742157,2775.64,564736.55,25.91,7056.21,0.0,0.0
Canada,North America,2020-10-12,37742157,2875.21,567611.75,28.68,7084.9,0.0,0.0
Canada,North America,2020-10-13,37742157,2256.4,569868.15,24.48,7109.38,0.0,0.0
Canada,North America,2020-10-14,37742157,2559.12,572427.27,40.5,7149.88,0.0,0.0
Canada,North America,2020-10-15,37742157,2438.32,574865.59,18.96,7168.85,0.0,0.0
Canada,North America,2020-10-16,37742157,2030.17,576895.76,8.63,7177.47,0.0,0.0
Canada,North America,2020-10-17,37742157,2383.83,579279.59,45.95,7223.42,0.0,0.0
Canada,North America,2020-10-18,37742157,2668.83,581948.42,34.52,7257.95,0.0,0.0
Canada,North America,2020-10-19,37742157,2303.87,584252.29,31.28,7289.23,0.0,0.0
Canada,North America,2020-10-20,37742157,2381.02,586633.31,26.93,7316.16,0.0,0.0
Canada,North America,2020-10-21,37742157,2451.03,589084.34,33.14,7349.3,0.0,0.0
Canada,North America,2020-10-22,37742157,3268.53,592352.87,27.11,7376.41,0.0,0.0
Canada,North America,2020-10-23,37742157,1906.13,594259.01,16.15,7392.55,0.0,0.0
Canada,North America,2020-10-24,37742157,2742.91,597001.91,33.76,7426.31,0.0,0.0
Canada,North America,2020-10-25,37742157,2498.64,599500.55,11.82,7438.12,0.0,0.0
Canada,North America,2020-10-26,37742157,2383.73,601884.29,26.18,7464.31,0.0,0.0
Canada,North America,2020-10-27,37742157,2531.99,604416.28,27.47,7491.78,0.0,0.0
Canada,North America,2020-10-28,37742157,2884.72,607300.99,32.2,7523.98,0.0,0.0
Canada,North America,2020-10-29,37742157,2927.17,610228.17,30.72,7554.69,0.0,0.0
Canada,North America,2020-10-30,37742157,2761.69,612989.85,25.17,7579.87,0.0,0.0
Canada,North America,2020-10-31,37742157,3102.53,616092.39,22.65,7602.52,0.0,0.0
Canada,North America,2020-11-01,37742157,3188.13,619280.52,39.42,7641.94,0.0,0.0
Canada,North America,2020-11-02,37742157,3054.15,622334.67,34.25,7676.18,0.0,0.0
Canada,North America,2020-11-03,37742157,2602.04,624936.71,20.22,7696.41,0.0,0.0
Canada,North America,2020-11-04,37742157,2991.41,627928.12,36.4,7732.8,0.0,0.0
Canada,North America,2020-11-05,37742157,3018.54,630946.66,33.86,7766.67,0.0,0.0
Canada,North America,2020-11-06,37742157,2584.1,633530.76,27.32,7793.99,0.0,0.0
Canada,North America,2020-11-07,37742157,2346.28,635877.04,10.9,7804.89,0.0,0.0
Canada,North America,2020-11-08,37742157,2213.83,638090.86,32.03,7836.92,0.0,0.0
Canada,North America,2020-11-09,37742157,2972.65,641063.51,25.81,7862.72,0.0,0.0
Canada,North America,2020-11-10,37742157,3079.05,644142.57,37.45,7900.18,0.0,0.0
Canada,North America,2020-11-11,37742157,2587.76,646730.33,24.59,7924.76,0.0,0.0
Canada,North America,2020-11-12,37742157,3394.21,650124.54,37.62,7962.39,0.0,0.0
Canada,North America,2020-11-13,37742157,3108.13,653232.67,46.52,8008.9,0.0,0.0
Canada,North America,2020-11-14,37742157,3553.9,656786.57,46.9,8055.8,0.0,0.0
Canada,North America,2020-11-15,37742157,3237.99,660024.56,47.9,8103.7,0.0,0.0
Canada,North America,2020-11-16,37742157,2761.71,662786.27,35.78,8139.48,0.0,0.0
Canada,North America,2020-11-17,37742157,3321.85,666108.12,43.03,8182.51,0.0,0.0
Canada,North America,2020-11-18,37742157,3422.37,669530.49,26.82,8209.33,0.0,0.0
Canada,North America,2020-11-19,37742157,3022.35,672552.84,33.73,8243.06,0.0,0.0
Canada,North America,2020-11-20,37742157,2735.27,675288.11,31.02,8274.08,0.0,0.0
Canada,North America,2020-11-21,37742157,3300.84,678588.95,49.4,8323.48,0.0,0.0
Canada,North America,2020-11-22,37742157,2940.89,681529.84,31.24,8354.72,0.0,0.0
Canada,North America,2020-11-23,37742157,3708.63,685238.47,46.62,8401.35,0.0,0.0
Canada,North America,2020-11-24,37742157,3198.59,688437.07,40.19,8441.54,0.0,0.0
Canada,North America,2020-11-25,37742157,3969.12,692406.19,56.89,8498.43,0.0,0.0
Canada,North America,2020-11-26,37742157,2646.05,695052.24,30.68,8529.11,0.0,0.0
Canada,North America,2020-11-27,37742157,3460.24,698512.48,48.15,8577.25,0.0,0.0
Canada,North America,2020-11-28,37742157,3936.43,702448.91,33.6,8610.85,0.0,0.0
Canada,North America,2020-11-29,37742157,3147.11,705596.02,24.85,8635.71,0.0,0.0
Canada,North America,2020-11-30,37742157,3425.04,709021.06,22.83,8658.54,0.0,0.0
Canada,North America,2020-12-01,37742157,3361.18,712382.24,46.62,8705.16,0.0,0.0
Canada,North America,2020-12-02,37742157,3283.83,715666.07,44.8,8749.96,0.0,0.0
Canada,North America,2020-12-03,37742157,3629.05,719295.12,50.72,8800.68,0.0,0.0
Canada,North America,2020-12-04,37742157,3109.68,722404.79,31.9,8832.58,0.0,0.0
Canada,North America,2020-12-05,37742157,3543.21,725948.0,38.01,8870.59,0.0,0.0
Canada,North America,2020-12-06,37742157,3780.94,729728.94,44.4,8914.99,0.0,0.0
Canada,North America,2020-12-07,37742157,3542.63,733271.57,54.06,8969.05,0.0,0.0
Canada,North America,2020-12-08,37742157,3284.68,736556.25,52.97,9022.02,0.0,0.0
Canada,North America,2020-12-09,37742157,4011.39,740567.64,54.49,9076.51,0.0,0.0
Canada,North America,2020-12-10,37742157,3921.72,744489.36,49.71,9126.21,0.0,0.0
Canada,North America,2020-12-11,37742157,3316.21,747805.57,50.48,9176.69,0.0,0.0
Canada,North America,2020-12-12,37742157,3241.37,751046.95,36.85,9213.54,0.0,0.0
Canada,North America,2020-12-13,37742157,3373.98,754420.93,37.36,9250.9,0.0,0.0
Canada,North America,2020-12-14,37742157,3909.99,758330.93,45.89,9296.79,0.0,0.0
Canada,North America,2020-12-15,37742157,3826.72,762157.65,38.09,9334.88,0.0,0.0
Canada,North America,2020-12-16,37742157,4017.03,766174.68,46.8,9381.68,0.0,0.0
Canada,North America,2020-12-17,37742157,3635.69,769810.37,34.69,9416.37,0.0,0.0
Canada,North America,2020-12-18,37742157,3434.61,773244.98,49.42,9465.79,0.0,0.0
Canada,North America,2020-12-19,37742157,4087.36,777332.33,53.4,9519.19,0.0,0.0
Canada,North America,2020-12-20,37742157,3578.61,780910.95,54.38,9573.57,0.0,0.0
Canada,North America,2020-12-21,37742157,3843.23,784754.18,33.08,9606.65,0.0,0.0
Canada,North America,2020-12-22,37742157,3240.12,787994.29,54.09,9660.75,3091099.88,3091099.88
Canada,North America,2020-12-23,37742157,3586.85,791581.14,30.46,9691.21,39745.5,3130845.38
Canada,North America,2020-12-24,37742157,4142.29,795723.44,40.12,9731.33,40195.04,3171040.42
Canada,North America,2020-12-25,37742157,3540.05,799263.49,37.51,9768.84,40648.08,3211688.5
Canada,North America,2020-12-26,37742157,4076.58,803340.07,59.38,9828.22,41104.61,3252793.1
Canada,North America,2020-12-27,37742157,2975.42,806315.49,37.51,9865.73,41564.6,3294357.71
Canada,North America,2020-12-28,37742157,3594.27,809909.77,41.18,9906.91,42028.05,3336385.76
Canada,North America,2020-12-29,37742157,3727.87,813637.64,38.39,9945.31,42494.93,3378880.69
Canada,North America,2020-12-30,37742157,4394.53,818032.17,41.73,9987.04,42965.23,3421845.91
Canada,North America,2020-12-31,37742157,3371.27,821403.45,49.52,10036.55,43438.92,3465284.83
Canada,North America,2021-01-01,37742157,4010.1,825413.55,54.51,10091.06,43915.98,3509200.81
Canada,North America,2021-01-02,37742157,4139.0,829552.55,60.49,10151.55,44396.39,3553597.2
Canada,North America,2021-01-03,37742157,3509.38,833061.93,45.29,10196.84,44880.11,3598477.31
Canada,North America,2021-01-04,37742157,3623.01,836684.94,22.34,10219.18,45367.14,3643844.45
Canada,North America,2021-01-05,37742157,3794.18,840479.12,35.57,10254.75,45857.43,3689701.87
Canada,North America,2021-01-06,37742157,3215.99,843695.11,42.31,10297.06,46350.95,3736052.83
Canada,North America,2021-01-07,37742157,3564.15,847259.25,39.81,10336.87,46847.68,3782900.51
Canada,North America,2021-01-08,37742157,4158.04,851417.29,45.43,10382.3,47347.58,3830248.08
Canada,North America,2021-01-09,37742157,3881.34,855298.64,37.75,10420.05,47850.61,3878098.7
Canada,North America,2021-01-10,37742157,3629.63,858928.26,51.14,10471.18,48356.75,3926455.44
Canada,North America,2021-01-11,37742157,3709.21,862637.47,48.16,10519.34,48865.94,3975321.38
Canada,North America,2021-01-12,37742157,3857.18,866494.65,50.3,10569.64,49378.15,4024699.53
Canada,North America,2021-01-13,37742157,3907.52,870402.17,41.82,10611.46,49893.34,4074592.88
Canada,North America,2021-01-14,37742157,3424.85,873827.02,42.51,10653.97,50411.47,4125004.35
Canada,North America,2021-01-15,37742157,4138.29,877965.31,38.96,10692.93,50932.48,4175936.83
Canada,North America,2021-01-16,37742157,4042.53,882007.85,47.47,10740.4,51456.34,4227393.16
Canada,North America,2021-01-17,37742157,3798.67,885806.52,25.36,10765.76,51982.98,4279376.14
Canada,North America,2021-01-18,37742157,3245.58,889052.1,26.4,10792.16,52512.37,4331888.51
Canada,North America,2021-01-19,37742157,3161.71,892213.81,35.36,10827.52,53044.44,4384932.96
Canada,North America,2021-01-20,37742157,3381.84,895595.65,59.58,10887.11,53579.15,4438512.11
Canada,North America,2021-01-21,37742157,3494.0,899089.65,27.52,10914.63,54116.44,4492628.55
Canada,North America,2021-01-22,37742157,2829.58,901919.23,24.01,10938.64,54656.24,4547284.78
Canada,North America,2021-01-23,37742157,3596.76,905515.99,44.9,10983.53,55198.49,4602483.28
Canada,North America,2021-01-24,37742157,3848.57,909364.56,60.34,11043.87,55743.14,4658226.42
Canada,North America,2021-01-25,37742157,3573.36,912937.93,44.5,11088.37,56290.12,4714516.54
Canada,North America,2021-01-26,37742157,3107.93,916045.86,42.91,11131.28,56839.36,4771355.91
Canada,North America,2021-01-27,37742157,3038.79,919084.65,33.76,11165.04,57390.8,4828746.7
Canada,North America,2021-01-28,37742157,3393.43,922478.08,36.64,11201.68,57944.35,4886691.06
Canada,North America,2021-01-29,37742157,3205.85,925683.93,39.13,11240.81,58499.96,4945191.02
Canada,North America,2021-01-30,37742157,3385.0,929068.93,35.35,11276.16,59057.54,5004248.55
Canada,North America,2021-01-31,37742157,3410.39,932479.32,46.72,11322.88,59617.02,5063865.57
Canada,North America,2021-02-01,37742157,3551.25,936030.57,29.76,11352.64,60178.31,5124043.88
Canada,North America,2021-02-02,37742157,2741.62,938772.19,40.02,11392.66,60741.34,5184785.22
Canada,North America,2021-02-03,37742157,3183.71,941955.9,38.52,11431.18,61306.03,5246091.25
Canada,North America,2021-02-04,37742157,2946.72,944902.62,33.64,11464.83,61872.28,5307963.54
Canada,North America,2021-02-05,37742157,3006.76,947909.37,22.94,11487.76,62440.02,5370403.55
Canada,North America,2021-02-06,37742157,3310.73,951220.11,31.89,11519.65,63009.14,5433412.7
Canada,North America,2021-02-07,37742157,3315.29,954535.4,49.37,11569.03,63579.57,5496992.26
Canada,North America,2021-02-08,37742157,3430.29,957965.69,39.49,11608.52,64151.2,5561143.46
Canada,North America,2021-02-09,37742157,3055.57,961021.26,38.89,11647.42,64723.94,5625867.4
Canada,North America,2021-02-10,37742157,2833.55,963854.81,26.97,11674.38,65297.69,5691165.08
Canada,North America,2021-02-11,37742157,2748.7,966603.51,32.75,11707.13,65872.35,5757037.43
Canada,North America,2021-02-12,37742157,2194.92,968798.43,15.36,11722.5,66447.82,5823485.25
Canada,North America,2021-02-13,37742157,3235.61,972034.05,39.63,11762.12,67024.0,5890509.25
Canada,North America,2021-02-14,37742157,2618.44,974652.48,34.39,11796.51,67600.77,5958110.02
Canada,North America,2021-02-15,37742157,2872.37,977524.85,37.03,11833.54,68178.04,6026288.06
Canada,North America,2021-02-16,37742157,2896.98,980421.83,27.54,11861.08,68755.68,6095043.74
Canada,North America,2021-02-17,37742157,2187.35,982609.17,23.51,11884.59,69333.59,6164377.34
Canada,North America,2021-02-18,37742157,2263.79,984872.97,31.46,11916.05,69911.66,6234289.0
Canada,North America,2021-02-19,37742157,3092.08,987965.05,35.41,11951.46,70489.76,6304778.76
Canada,North America,2021-02-20,37742157,2615.87,990580.91,29.09,11980.56,71067.78,6375846.54
Canada,North America,2021-02-21,37742157,2274.55,992855.46,42.52,12023.08,71645.6,6447492.14
Canada,North America,2021-02-22,37742157,2397.06,995252.52,21.16,12044.24,72223.09,6519715.24
Canada,North America,2021-02-23,37742157,2784.99,998037.51,42.06,12086.3,72800.14,6592515.38
Canada,North America,2021-02-24,37742157,2695.37,1000732.89,23.11,12109.41,73376.61,6665891.99
Canada,North America,2021-02-25,37742157,1818.84,1002551.73,27.06,12136.47,73952.38,6739844.37
Canada,North America,2021-02-26,37742157,2867.66,1005419.39,40.08,12176.55,74527.32,6814371.69
Canada,North America,2021-02-27,37742157,2597.6,1008016.99,27.09,12203.64,75101.3,6889472.99
Canada,North America,2021-02-28,37742157,2170.0,1010186.99,16.3,12219.94,75674.18,6965147.16
Canada,North America,2021-03-01,37742157,1770.32,1011957.31,5.48,12225.42,76245.83,7041392.99
Canada,North America,2021-03-02,37742157,2520.56,1014477.88,25.33,12250.74,76816.11,7118209.1
Canada,North America,2021-03-03,37742157,2282.84,1016760.72,31.6,12282.35,77384.89,7195593.99
Canada,North America,2021-03-04,37742157,1570.51,1018331.23,10.23,12292.57,77952.03,7273546.02
Canada,North America,2021-03-05,37742157,1964.4,1020295.62,24.35,12316.92,78517.38,7352063.4
Canada,North America,2021-03-06,37742157,3104.93,1023400.55,25.45,12342.37,79080.81,7431144.2
Canada,North America,2021-03-07,37742157,1981.98,1025382.53,21.91,12364.28,79642.16,7510786.37
Canada,North America,2021-03-08,37742157,1682.24,1027064.78,11.01,12375.29,80201.31,7590987.67
Canada,North America,2021-03-09,37742157,1555.02,1028619.79,18.04,12393.33,80758.09,7671745.76
Canada,North America,2021-03-10,37742157,2494.63,1031114.42,25.93,12419.25,81312.36,7753058.12
Canada,North America,2021-03-11,37742157,2137.88,1033252.3,16.13,12435.39,81863.98,7834922.1
Canada,North America,2021-03-12,37742157,2300.92,1035553.22,22.34,12457.73,82412.79,7917334.89
Canada,North America,2021-03-13,37742157,1862.73,1037415.95,14.88,12472.61,82958.64,8000293.54
Canada,North America,2021-03-14,37742157,2182.75,1039598.7,15.68,12488.29,83501.39,8083794.93
Canada,North America,2021-03-15,37742157,1415.35,1041014.05,25.65,12513.93,84040.88,8167835.81
Canada,North America,2021-03-16,37742157,1738.04,1042752.09,17.98,12531.91,84576.95,8252412.76
Canada,North America,2021-03-17,37742157,1750.95,1044503.05,3.39,12535.3,85109.46,8337522.22
Canada,North America,2021-03-18,37742157,2104.18,1046607.23,20.26,12555.57,85638.24,8423160.46
Canada,North America,2021-03-19,37742157,1702.27,1048309.5,27.74,12583.31,86163.15,8509323.62
Canada,North America,2021-03-20,37742157,1342.62,1049652.13,10.02,12593.33,86684.03,8596007.65
Canada,North America,2021-03-21,37742157,1555.4,1051207.52,30.65,12623.98,87200.72,8683208.37
Canada,North America,2021-03-22,37742157,918.2,1052125.72,4.17,12628.14,87713.07,8770921.43
Canada,North America,2021-03-23,37742157,665.15,1052790.87,12.01,12640.15,88220.91,8859142.35
Canada,North America,2021-03-24,37742157,1741.59,1054532.46,29.19,12669.34,88724.1,8947866.45
Canada,North America,2021-03-25,37742157,1293.19,1055825.64,19.12,12688.46,89222.48,9037088.93
Canada,North America,2021-03-26,37742157,1307.19,1057132.84,4.69,12693.15,89715.88,9126804.81
Canada,North America,2021-03-27,37742157,1664.49,1058797.32,12.43,12705.59,90204.16,9217008.97
Canada,North America,2021-03-28,37742157,1838.22,1060635.54,31.42,12737.01,90687.16,9307696.14
Canada,North America,2021-03-29,37742157,1512.59,1062148.13,11.71,12748.72,91164.72,9398860.86
Canada,North America,2021-03-30,37742157,1977.27,1064125.4,31.53,12780.25,91636.69,9490497.55
Canada,North America,2021-03-31,37742157,1455.98,1065581.38,14.03,12794.28,92102.91,9582600.46
Canada,North America,2021-04-01,37742157,1364.09,1066945.47,17.5,12811.78,92563.23,9675163.69
Canada,North America,2021-04-02,37742157,1321.43,1068266.9,4.77,12816.55,93017.49,9768181.17
Canada,North America,2021-04-03,37742157,767.06,1069033.96,4.34,12820.89,93465.54,9861646.71
Canada,North America,2021-04-04,37742157,1531.98,1070565.94,11.38,12832.27,93907.23,9955553.94
Canada,North America,2021-04-05,37742157,322.6,1070888.54,5.68,12837.95,94342.41,10049896.35
Canada,North America,2021-04-06,37742157,955.18,1071843.72,12.21,12850.16,94770.93,10144667.28
Canada,North America,2021-04-07,37742157,1151.0,1072994.72,17.51,12867.67,95192.64,10239859.92
Canada,North America,2021-04-08,37742157,849.92,1073844.64,6.27,12873.94,95607.39,10335467.31
Canada,North America,2021-04-09,37742157,952.34,1074796.98,3.99,12877.93,96015.04,10431482.35
Canada,North America,2021-04-10,37742157,1739.12,1076536.11,22.33,12900.26,96415.44,10527897.8
Canada,North America,2021-04-11,37742157,1467.41,1078003.52,9.37,12909.63,96808.46,10624706.25
Canada,North America,2021-04-12,37742157,827.41,1078830.93,18.56,12928.19,97193.94,10721900.2
Canada,North America,2021-04-13,37742157,890.34,1079721.27,9.77,12937.96,97571.76,10819471.95
Canada,North America,2021-04-14,37742157,595.77,1080317.03,4.54,12942.5,97941.76,10917413.72
Canada,North America,2021-04-15,37742157,1278.3,1081595.33,19.04,12961.54,98303.83,11015717.55
Canada,North America,2021-04-16,37742157,933.78,1082529.11,10.59,12972.13,98657.82,11114375.37
Canada,North America,2021-04-17,37742157,323.38,1082852.49,0.0,12972.13,99003.61,11213378.98
Canada,North America,2021-04-18,37742157,1038.19,1083890.67,3.97,12976.1,99341.06,11312720.05
Canada,North America,2021-04-19,37742157,1148.65,1085039.32,22.25,12998.34,99670.06,11412390.1
Canada,North America,2021-04-20,37742157,1325.02,1086364.35,16.57,13014.91,99990.47,11512380.57
Canada,North America,2021-04-21,37742157,956.0,1087320.35,0.0,13014.91,100302.17,11612682.74
Canada,North America,2021-04-22,37742157,845.83,1088166.17,12.97,13027.88,100605.06,11713287.8
Canada,North America,2021-04-23,37742157,1666.88,1089833.06,15.53,13043.41,100899.0,11814186.8
Canada,North America,2021-04-24,37742157,970.26,1090803.32,4.65,13048.06,101183.9,11915370.7
Canada,North America,2021-04-25,37742157,1216.91,1092020.23,5.44,13053.5,101459.64,12016830.34
Canada,North America,2021-04-26,37742157,774.19,1092794.42,17.29,13070.79,101726.11,12118556.45
Canada,North America,2021-04-27,37742157,1203.31,1093997.73,0.0,13070.79,101983.21,12220539.66
Canada,North America,2021-04-28,37742157,452.03,1094449.76,0.0,13070.79,102230.84,12322770.5
Canada,North America,2021-04-29,37742157,800.3,1095250.06,10.56,13081.35,102468.91,12425239.41
Canada,North America,2021-04-30,37742157,540.5,1095790.55,19.11,13100.47,102697.32,12527936.73
Canada,North America,2021-05-01,37742157,753.89,1096544.44,13.48,13113.94,102915.98,12630852.7
Canada,North America,2021-05-02,37742157,1406.38,1097950.82,10.11,13124.05,103124.8,12733977.5
Canada,North America,2021-05-03,37742157,758.36,1098709.18,21.34,13145.39,103323.7,12837301.21
Canada,North America,2021-05-04,37742157,1228.87,1099938.05,3.91,13149.29,103512.61,12940813.82
Canada,North America,2021-05-05,37742157,1514.2,1101452.25,20.29,13169.59,103691.45,13044505.27
Canada,North America,2021-05-06,37742157,980.04,1102432.28,15.66,13185.25,103860.14,13148365.41
Canada,North America,2021-05-07,37742157,1344.9,1103777.18,9.09,13194.34,104018.63,13252384.04
Canada,North America,2021-05-08,37742157,1191.22,1104968.4,19.88,13214.21,104166.83,13356550.87
Canada,North America,2021-05-09,37742157,1055.2,1106023.6,8.55,13222.77,104304.71,13460855.58
Canada,North America,2021-05-10,37742157,1287.03,1107310.64,21.01,13243.77,104432.19,13565287.77
Canada,North America,2021-05-11,37742157,1679.23,1108989.87,5.43,13249.21,104549.23,13669837.01
Canada,North America,2021-05-12,37742157,823.9,1109813.77,12.57,13261.77,104655.79,13774492.79
Canada,North America,2021-05-13,37742157,723.76,1110537.53,5.39,13267.16,104751.81,13879244.6
Canada,North America,2021-05-14,37742157,716.61,1111254.14,17.8,13284.96,104837.26,13984081.87
Canada,North America,2021-05-15,37742157,1435.17,1112689.31,16.87,13301.83,104912.11,14088993.98
Canada,North America,2021-05-16,37742157,1497.49,1114186.8,27.96,13329.79,104976.32,14193970.3
Canada,North America,2021-05-17,37742157,930.18,1115116.99,15.22,13345.01,105029.87,14299000.17
Canada,North America,2021-05-18,37742157,387.32,1115504.3,3.63,13348.64,105072.74,14404072.9
Canada,North America,2021-05-19,37742157,916.37,1116420.68,17.3,13365.94,105104.9,14509177.8
Canada,North America,2021-05-20,37742157,1362.73,1117783.41,22.71,13388.65,105126.35,14614304.15
Canada,North America,2021-05-21,37742157,1166.91,1118950.32,17.78,13406.42,105137.08,14719441.23
Canada,North America,2021-05-22,37742157,1273.49,1120223.81,0.0,13406.42,105137.08,14824578.31
Canada,North America,2021-05-23,37742157,1048.12,1121271.93,4.72,13411.14,105126.35,14929704.66
Canada,North America,2021-05-24,37742157,1607.96,1122879.89,30.37,13441.51,105104.9,15034809.56
Canada,North America,2021-05-25,37742157,1395.69,1124275.58,6.7,13448.21,105072.74,15139882.29
Canada,North America,2021-05-26,37742157,1504.19,1125779.78,25.11,13473.32,105029.87,15244912.16
Canada,North America,2021-05-27,37742157,1378.75,1127158.53,22.2,13495.52,104976.32,15349888.48
Canada,North America,2021-05-28,37742157,1531.55,1128690.08,12.57,13508.09,104912.11,15454800.59
Canada,North America,2021-05-29,37742157,1534.25,1130224.33,2.45,13510.54,104837.26,15559637.86
Canada,North America,2021-05-30,37742157,1075.43,1131299.76,8.35,13518.89,104751.81,15664389.67
Canada,North America,2021-05-31,37742157,1558.1,1132857.87,35.32,13554.21,104655.79,15769045.45
Canada,North America,2021-06-01,37742157,1732.59,1134590.46,13.88,13568.1,104549.23,15873594.69
Canada,North America,2021-06-02,37742157,1888.65,1136479.11,16.31,13584.41,104432.19,15978026.88
Canada,North America,2021-06-03,37742157,1659.53,1138138.64,11.93,13596.34,104304.71,16082331.59
Canada,North America,2021-06-04,37742157,1206.32,1139344.96,24.19,13620.54,104166.83,16186498.42
Canada,North America,2021-06-05,37742157,1291.19,1140636.15,13.55,13634.09,104018.63,16290517.05
Canada,North America,2021-06-06,37742157,1454.56,1142090.72,12.45,13646.53,103860.14,16394377.19
Canada,North America,2021-06-07,37742157,1705.59,1143796.31,31.77,13678.31,103691.45,16498068.64
Canada,North America,2021-06-08,37742157,1629.61,1145425.92,24.19,13702.5,103512.61,16601581.25
Canada,North America,2021-06-09,37742157,1312.88,1146738.8,8.4,13710.9,103323.7,16704904.96
Canada,North America,2021-06-10,37742157,1345.25,1148084.05,6.35,13717.25,103124.8,16808029.76
Canada,North America,2021-06-11,37742157,1041.29,1149125.34,21.76,13739.02,102915.98,16910945.73
Canada,North America,2021-06-12,37742157,719.73,1149845.08,8.77,13747.79,102697.32,17013643.05
Canada,North America,2021-06-13,37742157,1801.83,1151646.91,9.23,13757.02,102468.91,17116111.96
Canada,North America,2021-06-14,37742157,2697.06,1154343.97,18.1,13775.12,102230.84,17218342.8
Canada,North America,2021-06-15,37742157,2551.48,1156895.45,21.69,13796.81,101983.21,17320326.01
Canada,North America,2021-06-16,37742157,1618.45,1158513.9,9.51,13806.31,101726.11,17422052.12
Canada,North America,2021-06-17,37742157,2052.1,1160566.01,8.26,13814.57,101459.64,17523511.76
Canada,North America,2021-06-18,37742157,1526.39,1162092.4,9.52,13824.09,101183.9,17624695.66
Canada,North America,2021-06-19,37742157,1619.67,1163712.06,12.08,13836.17,100899.0,17725594.66
Canada,North America,2021-06-20,37742157,1700.22,1165412.29,16.7,13852.87,100605.06,17826199.72
Canada,North America,2021-06-21,37742157,2081.36,1167493.65,38.52,13891.39,100302.17,17926501.89
Canada,North America,2021-06-22,37742157,2137.87,1169631.53,23.52,13914.91,99990.47,18026492.36
Canada,North America,2021-06-23,37742157,2332.1,1171963.63,26.64,13941.56,99670.06,18126162.41
Canada,North America,2021-06-24,37742157,2518.16,1174481.79,34.29,13975.85,99341.06,18225503.48
Canada,North America,2021-06-25,37742157,2210.95,1176692.74,24.63,14000.48,99003.61,18324507.09
Canada,North America,2021-06-26,37742157,2384.77,1179077.51,31.82,14032.3,98657.82,18423164.91
Canada,North America,2021-06-27,37742157,2032.91,1181110.42,26.64,14058.94,98303.83,18521468.74
Canada,North America,2021-06-28,37742157,1989.2,1183099.62,24.85,14083.79,97941.76,18619410.51
Canada,North America,2021-06-29,37742157,1979.52,1185079.14,45.89,14129.68,97571.76,18716982.26
Canada,North America,2021-06-30,37742157,2776.13,1187855.27,40.6,14170.28,97193.94,18814176.21
Canada,North America,2021-07-01,37742157,2475.67,1190330.94,21.05,14191.33,96808.46,18910984.66
Canada,North America,2021-07-02,37742157,1984.39,1192315.33,26.77,14218.11,96415.44,19007400.11
Canada,North America,2021-07-03,37742157,2662.82,1194978.15,25.62,14243.73,96015.04,19103415.15
Canada,North America,2021-07-04,37742157,2293.69,1197271.85,31.09,14274.82,95607.39,19199022.54
Canada,North America,2021-07-05,37742157,3358.02,1200629.86,29.29,14304.12,95192.64,19294215.18
Canada,North America,2021-07-06,37742157,2620.6,1203250.47,22.59,14326.7,94770.93,19388986.11
Canada,North America,2021-07-07,37742157,3108.21,1206358.68,40.05,14366.75,94342.41,19483328.52
Canada,North America,2021-07-08,37742157,3297.47,1209656.15,47.55,14414.3,93907.23,19577235.75
Canada,North America,2021-07-09,37742157,2628.89,1212285.04,35.57,14449.87,93465.54,19670701.29
Canada,North America,2021-07-10,37742157,3036.63,1215321.66,43.27,14493.14,93017.49,19763718.77
Canada,North America,2021-07-11,37742157,3250.7,1218572.36,42.0,14535.14,92563.23,19856282.0
Canada,North America,2021-07-12,37742157,3144.46,1221716.82,39.11,14574.26,92102.91,19948384.91
Canada,North America,2021-07-13,37742157,3277.47,1224994.29,35.3,14609.56,91636.69,20040021.6
Canada,North America,2021-07-14,37742157,2732.79,1227727.08,39.3,14648.85,91164.72,20131186.32
Canada,North America,2021-07-15,37742157,3439.12,1231166.2,49.47,14698.32,90687.16,20221873.49
Canada,North America,2021-07-16,37742157,3122.05,1234288.25,36.96,14735.28,90204.16,20312077.65
Canada,North America,2021-07-17,37742157,3461.45,1237749.7,40.6,14775.88,89715.88,20401793.53
Canada,North America,2021-07-18,37742157,3707.97,1241457.67,57.23,14833.11,89222.48,20491016.01
Canada,North America,2021-07-19,37742157,3666.75,1245124.42,43.84,14876.95,88724.1,20579740.11
Canada,North America,2021-07-20,37742157,3601.27,1248725.69,43.82,14920.77,88220.91,20667961.03
Canada,North America,2021-07-21,37742157,3750.32,1252476.01,48.88,14969.65,87713.07,20755674.09
Canada,North America,2021-07-22,37742157,3812.67,1256288.68,44.97,15014.62,87200.72,20842874.81
Canada,North America,2021-07-23,37742157,4141.06,1260429.74,43.13,15057.75,86684.03,20929558.84
Canada,North America,2021-07-24,37742157,3651.36,1264081.1,46.84,15104.59,86163.15,21015722.0
Canada,North America,2021-07-25,37742157,3766.01,1267847.11,44.88,15149.47,85638.24,21101360.24
Canada,North America,2021-07-26,37742157,4079.87,1271926.98,63.7,15213.16,85109.46,21186469.7
Canada,North America,2021-07-27,37742157,3626.69,1275553.67,49.83,15262.99,84576.95,21271046.65
Canada,North America,2021-07-28,37742157,3375.27,1278928.94,35.74,15298.73,84040.88,21355087.53
Canada,North America,2021-07-29,37742157,4059.13,1282988.07,54.54,15353.27,83501.39,21438588.92
Canada,North America,2021-07-30,37742157,3857.84,1286845.91,48.76,15402.03,82958.64,21521547.57
Canada,North America,2021-07-31,37742157,3550.3,1290396.21,53.08,15455.11,82412.79,21603960.36
Canada,North America,2021-08-01,37742157,4190.62,1294586.83,46.09,15501.2,81863.98,21685824.34
Canada,North America,2021-08-02,37742157,4558.3,1299145.13,56.21,15557.41,81312.36,21767136.7
Canada,North America,2021-08-03,37742157,3528.42,1302673.55,41.55,15598.96,80758.09,21847894.79
Canada,North America,2021-08-04,37742157,4497.5,1307171.04,54.44,15653.4,80201.31,21928096.09
Canada,North America,2021-08-05,37742157,3291.96,1310463.0,32.42,15685.82,79642.16,22007738.26
Canada,North America,2021-08-06,37742157,4079.45,1314542.45,53.56,15739.38,79080.81,22086819.06
Canada,North America,2021-08-07,37742157,4902.7,1319445.16,62.18,15801.56,78517.38,22165336.44
Canada,North America,2021-08-08,37742157,4181.89,1323627.05,60.46,15862.02,77952.03,22243288.47
Canada,North America,2021-08-09,37742157,4365.86,1327992.91,52.31,15914.33,77384.89,22320673.36
Canada,North America,2021-08-10,37742157,4638.23,1332631.14,52.36,15966.69,76816.11,22397489.47
Canada,North America,2021-08-11,37742157,3806.55,1336437.69,51.99,16018.69,76245.83,22473735.3
Canada,North America,2021-08-12,37742157,4467.85,1340905.54,47.26,16065.95,75674.18,22549409.47
Canada,North America,2021-08-13,37742157,4499.58,1345405.12,62.67,16128.62,75101.3,22624510.77
Canada,North America,2021-08-14,37742157,5162.58,1350567.7,70.61,16199.24,74527.32,22699038.09
Canada,North America,2021-08-15,37742157,4111.06,1354678.76,59.39,16258.63,73952.38,22772990.47
Canada,North America,2021-08-16,37742157,4441.96,1359120.71,56.32,16314.94,73376.61,22846367.08
Canada,North America,2021-08-17,37742157,4281.59,1363402.31,47.49,16362.43,72800.14,22919167.22
Canada,North America,2021-08-18,37742157,4274.57,1367676.88,52.17,16414.6,72223.09,22991390.32
Canada,North America,2021-08-19,37742157,5060.36,1372737.23,63.76,16478.36,71645.6,23063035.92
Canada,North America,2021-08-20,37742157,4703.28,1377440.51,51.96,16530.32,71067.78,23134103.7
Canada,North America,2021-08-21,37742157,4526.7,1381967.21,64.99,16595.31,70489.76,23204593.46
Canada,North America,2021-08-22,37742157,4566.09,1386533.31,59.43,16654.74,69911.66,23274505.12
Canada,North America,2021-08-23,37742157,4575.38,1391108.68,47.77,16702.51,69333.59,23343838.72
Canada,North America,2021-08-24,37742157,4630.8,1395739.48,70.63,16773.14,68755.68,23412594.4
Canada,North America,2021-08-25,37742157,4377.13,1400116.62,53.3,16826.45,68178.04,23480772.44
Canada,North America,2021-08-26,37742157,4751.12,1404867.73,48.26,16874.71,67600.77,23548373.21
Canada,North America,2021-08-27,37742157,4736.84,1409604.57,50.2,16924.91,67024.0,23615397.21
Canada,North America,2021-08-28,37742157,4617.11,1414221.67,67.31,16992.21,66447.82,23681845.03
Canada,North America,2021-08-29,37742157,4955.25,1419176.93,74.06,17066.28,65872.35,23747717.38
Canada,North America,2021-08-30,37742157,5002.46,1424179.39,68.11,17134.38,65297.69,23813015.06
Canada,North America,2021-08-31,37742157,4740.04,1428919.43,67.43,17201.82,64723.94,23877739.0
Canada,North America,2021-09-01,37742157,4899.61,1433819.04,68.53,17270.35,64151.2,23941890.2
Canada,North America,2021-09-02,37742157,5719.6,1439538.64,73.09,17343.44,63579.57,24005469.76
Canada,North America,2021-09-03,37742157,5719.07,1445257.72,71.26,17414.7,63009.14,24068478.91
Canada,North America,2021-09-04,37742157,4619.63,1449877.35,59.75,17474.45,62440.02,24130918.92
Canada,North America,2021-09-05,37742157,4678.95,1454556.29,62.04,17536.49,61872.28,24192791.21
Canada,North America,2021-09-06,37742157,4637.44,1459193.73,49.72,17586.2,61306.03,24254097.24
Canada,North America,2021-09-07,37742157,5386.2,1464579.93,70.49,17656.69,60741.34,24314838.58
Canada,North America,2021-09-08,37742157,4883.53,1469463.47,70.27,17726.96,60178.31,24375016.89
Canada,North America,2021-09-09,37742157,5112.45,1474575.92,59.7,17786.66,59617.02,24434633.91
Canada,North America,2021-09-10,37742157,5731.82,1480307.75,66.28,17852.94,59057.54,24493691.44
Canada,North America,2021-09-11,37742157,5032.3,1485340.05,64.2,17917.14,58499.96,24552191.4
Canada,North America,2021-09-12,37742157,5284.99,1490625.04,58.22,17975.36,57944.35,24610135.76
Canada,North America,2021-09-13,37742157,5220.55,1495845.59,52.11,18027.47,57390.8,24667526.55
Canada,North America,2021-09-14,37742157,4831.88,1500677.47,67.16,18094.64,56839.36,24724365.92
Canada,North America,2021-09-15,37742157,5406.58,1506084.05,61.27,18155.91,56290.12,24780656.04
Canada,North America,2021-09-16,37742157,4735.35,1510819.4,56.97,18212.88,55743.14,24836399.18
Canada,North America,2021-09-17,37742157,5497.34,1516316.74,61.09,18273.97,55198.49,24891597.68
Canada,North America,2021-09-18,37742157,4817.17,1521133.91,68.02,18341.99,54656.24,24946253.91
Canada,North America,2021-09-19,37742157,4848.66,1525982.57,65.01,18407.0,54116.44,25000370.35
Canada,North America,2021-09-20,37742157,4626.92,1530609.48,53.6,18460.59,53579.15,25053949.5
Canada,North America,2021-09-21,37742157,4675.12,1535284.6,46.66,18507.26,53044.44,25106993.95
Canada,North America,2021-09-22,37742157,4838.75,1540123.35,55.29,18562.55,52512.37,25159506.32
Canada,North America,2021-09-23,37742157,4125.45,1544248.79,54.07,18616.61,51982.98,25211489.3
Canada,North America,2021-09-24,37742157,4881.85,1549130.65,60.09,18676.7,51456.34,25262945.63
Canada,North America,2021-09-25,37742157,4771.65,1553902.29,58.13,18734.84,50932.48,25313878.11
Canada,North America,2021-09-26,37742157,5210.68,1559112.97,64.22,18799.06,50411.47,25364289.58
Canada,North America,2021-09-27,37742157,5065.79,1564178.76,66.86,18865.92,49893.34,25414182.93
Canada,North America,2021-09-28,37742157,4652.49,1568831.25,55.5,18921.41,49378.15,25463561.08
Canada,North America,2021-09-29,37742157,4720.95,1573552.2,60.25,18981.67,48865.94,25512427.02
Canada,North America,2021-09-30,37742157,4779.47,1578331.67,49.46,19031.12,48356.75,25560783.76
Canada,North America,2021-10-01,37742157,5360.7,1583692.37,84.76,19115.88,47850.61,25608634.38
Canada,North America,2021-10-02,37742157,4530.74,1588223.11,52.1,19167.98,47347.58,25655981.95
Canada,North America,2021-10-03,37742157,4543.48,1592766.59,56.15,19224.13,46847.68,25702829.63
Canada,North America,2021-10-04,37742157,4376.18,1597142.77,57.05,19281.18,46350.95,25749180.59
Canada,North America,2021-10-05,37742157,4227.2,1601369.97,47.44,19328.62,45857.43,25795038.01
Canada,North America,2021-10-06,37742157,4827.07,1606197.04,57.99,19386.6,45367.14,25840405.15
Canada,North America,2021-10-07,37742157,4763.32,1610960.37,57.13,19443.73,44880.11,25885285.26
Canada,North America,2021-10-08,37742157,5112.97,1616073.34,54.04,19497.77,44396.39,25929681.65
Canada,North America,2021-10-09,37742157,4999.22,1621072.56,63.5,19561.27,43915.98,25973597.63
Canada,North America,2021-10-10,37742157,5443.49,1626516.05,52.13,19613.4,43438.92,26017036.55
Canada,North America,2021-10-11,37742157,4547.48,1631063.53,68.59,19681.99,42965.23,26060001.77
Canada,North America,2021-10-12,37742157,4450.08,1635513.6,59.74,19741.74,42494.93,26102496.7
Canada,North America,2021-10-13,37742157,4053.22,1639566.83,53.75,19795.49,42028.05,26144524.75
Canada,North America,2021-10-14,37742157,4718.28,1644285.11,42.73,19838.21,41564.6,26186089.36
Canada,North America,2021-10-15,37742157,4481.29,1648766.4,47.44,19885.65,41104.61,26227193.96
Canada,North America,2021-10-16,37742157,4632.26,1653398.66,66.7,19952.35,40648.08,26267842.04
Canada,North America,2021-10-17,37742157,3969.34,1657368.01,80.84,20033.19,40195.04,26308037.08
Canada,North America,2021-10-18,37742157,4454.05,1661822.05,63.01,20096.2,39745.5,26347782.58
Canada,North America,2021-10-19,37742157,4365.01,1666187.06,60.68,20156.88,39299.46,26387082.04
Canada,North America,2021-10-20,37742157,4303.33,1670490.39,55.84,20212.72,38856.96,26425939.0
Canada,North America,2021-10-21,37742157,3976.31,1674466.7,40.94,20253.65,38417.98,26464356.98
Canada,North America,2021-10-22,37742157,4591.83,1679058.53,63.06,20316.71,37982.55,26502339.54
Canada,North America,2021-10-23,37742157,4852.65,1683911.18,49.42,20366.14,37550.67,26539890.21
Canada,North America,2021-10-24,37742157,3705.27,1687616.45,34.78,20400.92,37122.35,26577012.56
Canada,North America,2021-10-25,37742157,4304.31,1691920.76,41.46,20442.38,36697.59,26613710.15
Canada,North America,2021-10-26,37742157,3002.61,1694923.37,43.84,20486.22,36276.4,26649986.54
Canada,North America,2021-10-27,37742157,4201.03,1699124.41,49.95,20536.17,35858.78,26685845.32
Canada,North America,2021-10-28,37742157,3269.11,1702393.52,40.04,20576.21,35444.73,26721290.06
Canada,North America,2021-10-29,37742157,3696.09,1706089.61,44.23,20620.43,35034.26,26756324.32
Canada,North America,2021-10-30,37742157,3375.98,1709465.6,31.51,20651.94,34627.37,26790951.69
Canada,North America,2021-10-31,37742157,3715.35,1713180.95,39.22,20691.16,34224.05,26825175.74
Canada,North America,2021-11-01,37742157,4039.27,1717220.22,43.51,20734.67,33824.31,26859000.05
Canada,North America,2021-11-02,37742157,3050.13,1720270.35,25.36,20760.03,33428.14,26892428.19
Canada,North America,2021-11-03,37742157,3528.52,1723798.87,38.31,20798.34,33035.53,26925463.72
Canada,North America,2021-11-04,37742157,3428.48,1727227.35,32.49,20830.83,32646.49,26958110.21
Canada,North America,2021-11-05,37742157,4115.06,1731342.41,54.0,20884.83,32261.01,26990371.22
Canada,North America,2021-11-06,37742157,3666.07,1735008.48,49.28,20934.11,31879.08,27022250.31
Canada,North America,2021-11-07,37742157,3055.94,1738064.42,26.32,20960.43,31500.7,27053751.01
Canada,North America,2021-11-08,37742157,3255.81,1741320.24,36.7,20997.13,31125.86,27084876.88
Canada,North America,2021-11-09,37742157,3918.01,1745238.25,61.86,21058.99,30754.55,27115631.43
Canada,North America,2021-11-10,37742157,3575.85,1748814.1,35.06,21094.06,30386.77,27146018.2
Canada,North America,2021-11-11,37742157,2956.75,1751770.84,38.89,21132.95,30022.49,27176040.69
Canada,North America,2021-11-12,37742157,3136.84,1754907.69,38.49,21171.44,29661.72,27205702.41
Canada,North America,2021-11-13,37742157,3100.13,1758007.82,45.94,21217.38,29304.44,27235006.86
Canada,North America,2021-11-14,37742157,2946.17,1760953.99,37.72,21255.1,28950.64,27263957.5
Canada,North America,2021-11-15,37742157,2487.89,1763441.87,26.4,21281.5,28600.31,27292557.81
Canada,North America,2021-11-16,37742157,2801.28,1766243.15,34.15,21315.65,28253.43,27320811.24
Canada,North America,2021-11-17,37742157,3476.66,1769719.81,42.37,21358.02,27910.0,27348721.24
Canada,North America,2021-11-18,37742157,2809.06,1772528.87,32.98,21391.0,27569.99,27376291.23
Canada,North America,2021-11-19,37742157,2858.4,1775387.28,23.75,21414.75,27233.4,27403524.63
Canada,North America,2021-11-20,37742157,2895.88,1778283.16,44.7,21459.44,26900.2,27430424.83
Canada,North America,2021-11-21,37742157,3575.31,1781858.47,51.44,21510.88,26570.39,27456995.22
Canada,North America,2021-11-22,37742157,2754.44,1784612.91,24.7,21535.58,26243.94,27483239.16
Canada,North America,2021-11-23,37742157,3086.74,1787699.65,34.64,21570.21,25920.85,27509160.01
Canada,North America,2021-11-24,37742157,2447.18,1790146.82,27.57,21597.78,25601.09,27534761.1
Canada,North America,2021-11-25,37742157,2518.62,1792665.44,20.97,21618.75,25284.64,27560045.74
Canada,North America,2021-11-26,37742157,2566.87,1795232.32,15.87,21634.62,24971.49,27585017.23
Canada,North America,2021-11-27,37742157,2244.83,1797477.14,21.57,21656.19,24661.63,27609678.86
Canada,North America,2021-11-28,37742157,2398.01,1799875.15,25.92,21682.12,24355.02,27634033.89
Canada,North America,2021-11-29,37742157,2733.92,1802609.07,21.28,21703.39,24051.66,27658085.55
Canada,North America,2021-11-30,37742157,2097.05,1804706.12,26.58,21729.97,23751.53,27681837.08
Canada,North America,2021-12-01,37742157,2331.58,1807037.7,37.28,21767.25,23454.59,27705291.67
Canada,North America,2021-12-02,37742157,2534.28,1809571.98,37.15,21804.4,23160.85,27728452.52
Canada,North America,2021-12-03,37742157,1952.67,1811524.64,22.42,21826.82,22870.27,27751322.78
Canada,North America,2021-12-04,37742157,2579.97,1814104.62,16.24,21843.06,22582.83,27773905.61
Canada,North America,2021-12-05,37742157,2177.8,1816282.41,31.86,21874.92,22298.51,27796204.13
Canada,North America,2021-12-06,37742157,2050.57,1818332.98,25.78,21900.7,22017.3,27818221.43
Canada,North America,2021-12-07,37742157,1361.98,1819694.97,19.74,21920.43,21739.17,27839960.6
Canada,North America,2021-12-08,37742157,1890.93,1821585.9,38.18,21958.61,21464.11,27861424.71
Canada,North America,2021-12-09,37742157,2109.03,1823694.93,18.71,21977.32,21192.08,27882616.78
Canada,North America,2021-12-10,37742157,2547.55,1826242.48,7.57,21984.9,20923.06,27903539.85
Canada,North America,2021-12-11,37742157,2093.58,1828336.06,16.7,22001.59,20657.05,27924196.89
Canada,North America,2021-12-12,37742157,2247.58,1830583.65,30.86,22032.45,20394.0,27944590.9
Canada,North America,2021-12-13,37742157,1389.26,1831972.91,16.89,22049.34,20133.91,27964724.81
Canada,North America,2021-12-14,37742157,1727.57,1833700.48,11.01,22060.34,19876.75,27984601.55
Canada,North America,2021-12-15,37742157,2159.21,1835859.69,14.55,22074.9,19622.49,28004224.04
Canada,North America,2021-12-16,37742157,1381.71,1837241.4,13.74,22088.64,19371.11,28023595.15
Canada,North America,2021-12-17,37742157,1991.22,1839232.62,13.93,22102.57,19122.6,28042717.75
Canada,North America,2021-12-18,37742157,1871.52,1841104.14,26.62,22129.19,18876.92,28061594.68
Canada,North America,2021-12-19,37742157,1672.99,1842777.13,16.78,22145.97,18634.06,28080228.74
Canada,North America,2021-12-20,37742157,1424.28,1844201.41,12.07,22158.05,18393.99,28098622.74
Canada,North America,2021-12-21,37742157,1157.14,1845358.54,7.82,22165.87,18156.69,28116779.43
Canada,North America,2021-12-22,37742157,2087.26,1847445.81,27.15,22193.02,17922.14,28134701.57
Canada,North America,2021-12-23,37742157,1651.11,1849096.91,20.15,22213.17,17690.31,28152391.88
Canada,North America,2021-12-24,37742157,1513.78,1850610.69,19.78,22232.95,17461.17,28169853.05
Canada,North America,2021-12-25,37742157,1215.21,1851825.9,16.02,22248.98,17234.72,28187087.76
Canada,North America,2021-12-26,37742157,1338.66,1853164.56,15.49,22264.46,17010.91,28204098.67
Canada,North America,2021-12-27,37742157,1349.29,1854513.85,7.93,22272.39,16789.73,28220888.41
Canada,North America,2021-12-28,37742157,1398.39,1855912.24,10.94,22283.33,16571.16,28237459.57
Canada,North America,2021-12-29,37742157,1482.79,1857395.02,14.64,22297.96,16355.18,28253814.75
Canada,North America,2021-12-30,37742157,919.8,1858314.82,27.56,22325.52,16141.75,28269956.5
Canada,North America,2021-12-31,37742157,648.8,1858963.62,0.0,22325.52,15930.85,28285887.35
Canada,North America,2022-01-01,37742157,1160.61,1860124.22,10.58,22336.1,15722.47,28301609.82
Canada,North America,2022-01-02,37742157,489.14,1860613.36,6.66,22342.75,15516.58,28317126.4
Canada,North America,2022-01-03,37742157,957.49,1861570.85,9.06,22351.82,15313.15,28332439.56
Canada,North America,2022-01-04,37742157,863.22,1862434.08,18.95,22370.77,15112.17,28347551.72
Canada,North America,2022-01-05,37742157,1184.77,1863618.85,11.75,22382.52,14913.6,28362465.33
Canada,North America,2022-01-06,37742157,1678.34,1865297.19,18.26,22400.78,14717.43,28377182.76
Canada,North America,2022-01-07,37742157,276.15,1865573.33,9.83,22410.61,14523.64,28391706.4
Canada,North America,2022-01-08,37742157,1725.59,1867298.92,35.19,22445.8,14332.19,28406038.59
Canada,North America,2022-01-09,37742157,821.46,1868120.39,21.12,22466.92,14143.07,28420181.66
Canada,North America,2022-01-10,37742157,998.73,1869119.12,10.89,22477.81,13956.26,28434137.92
Canada,North America,2022-01-11,37742157,356.31,1869475.43,3.88,22481.69,13771.72,28447909.64
Canada,North America,2022-01-12,37742157,1175.45,1870650.88,14.48,22496.17,13589.45,28461499.09
Canada,North America,2022-01-13,37742157,816.63,1871467.5,10.98,22507.15,13409.41,28474908.49
Canada,North America,2022-01-14,37742157,756.7,1872224.2,2.3,22509.45,13231.58,28488140.07
Canada,North America,2022-01-15,37742157,76.76,1872300.96,8.41,22517.86,13055.94,28501196.01
Canada,North America,2022-01-16,37742157,757.82,1873058.78,10.75,22528.61,12882.47,28514078.48
Canada,North America,2022-01-17,37742157,1005.7,1874064.48,11.71,22540.32,12711.15,28526789.63
Canada,North America,2022-01-18,37742157,605.13,1874669.61,0.0,22540.32,12541.95,28539331.58
Canada,North America,2022-01-19,37742157,1077.49,1875747.1,13.43,22553.75,12374.85,28551706.44
Canada,North America,2022-01-20,37742157,1042.21,1876789.31,0.0,22553.75,12209.83,28563916.27
Canada,North America,2022-01-21,37742157,401.0,1877190.31,0.16,22553.91,12046.87,28575963.14
Canada,North America,2022-01-22,37742157,1163.84,1878354.15,9.46,22563.37,11885.95,28587849.09
Canada,North America,2022-01-23,37742157,602.06,1878956.2,9.52,22572.89,11727.04,28599576.13
Canada,North America,2022-01-24,37742157,584.75,1879540.95,22.06,22594.94,11570.12,28611146.26
Canada,North America,2022-01-25,37742157,583.58,1880124.54,11.58,22606.52,11415.18,28622561.44
Canada,North America,2022-01-26,37742157,555.27,1880679.81,18.25,22624.77,11262.18,28633823.62
Canada,North America,2022-01-27,37742157,0.0,1880679.81,5.16,22629.93,11111.12,28644934.73
Canada,North America,2022-01-28,37742157,431.59,1881111.4,14.18,22644.11,10961.96,28655896.69
Canada,North America,2022-01-29,37742157,2.56,1881113.96,14.89,22659.0,10814.69,28666711.38
Canada,North America,2022-01-30,37742157,1033.03,1882146.98,6.54,22665.54,10669.28,28677380.66
Canada,North America,2022-01-31,37742157,1003.23,1883150.22,5.66,22671.21,10525.72,28687906.39
France,Europe,2020-02-01,67839115,11.46,11.46,4.05,4.05,0.0,0.0
France,Europe,2020-02-02,67839115,1.71,13.17,0.0,4.05,0.0,0.0
France,Europe,2020-02-03,67839115,50.02,63.19,0.0,4.05,0.0,0.0
France,Europe,2020-02-04,67839115,69.5,132.69,2.13,6.19,0.0,0.0
France,Europe,2020-02-05,67839115,55.35,188.04,3.99,10.17,0.0,0.0
France,Europe,2020-02-06,67839115,0.0,188.04,0.0,10.17,0.0,0.0
France,Europe,2020-02-07,67839115,0.0,188.04,0.0,10.17,0.0,0.0
France,Europe,2020-02-08,67839115,0.0,188.04,6.76,16.93,0.0,0.0
France,Europe,2020-02-09,67839115,118.29,306.33,3.7,20.63,0.0,0.0
France,Europe,2020-02-10,67839115,18.46,324.8,0.0,20.63,0.0,0.0
France,Europe,2020-02-11,67839115,202.49,527.29,2.73,23.36,0.0,0.0
France,Europe,2020-02-12,67839115,252.49,779.78,6.1,29.46,0.0,0.0
France,Europe,2020-02-13,67839115,253.71,1033.49,16.79,46.25,0.0,0.0
France,Europe,2020-02-14,67839115,276.33,1309.82,9.61,55.86,0.0,0.0
France,Europe,2020-02-15,67839115,0.0,1309.82,9.72,65.57,0.0,0.0
France,Europe,2020-02-16,67839115,157.7,1467.52,0.0,65.57,0.0,0.0
France,Europe,2020-02-17,67839115,0.0,1467.52,0.0,65.57,0.0,0.0
France,Europe,2020-02-18,67839115,0.0,1467.52,0.0,65.57,0.0,0.0
France,Europe,2020-02-19,67839115,0.0,1467.52,0.0,65.57,0.0,0.0
France,Europe,2020-02-20,67839115,448.93,1916.44,0.0,65.57,0.0,0.0
France,Europe,2020-02-21,67839115,221.33,2137.77,12.78,78.36,0.0,0.0
France,Europe,2020-02-22,67839115,717.25,2855.03,15.67,94.03,0.0,0.0
France,Europe,2020-02-23,67839115,162.03,3017.06,0.0,94.03,0.0,0.0
France,Europe,2020-02-24,67839115,938.56,3955.62,16.4,110.43,0.0,0.0
France,Europe,2020-02-25,67839115,189.55,4145.17,4.06,114.48,0.0,0.0
France,Europe,2020-02-26,67839115,142.53,4287.69,7.47,121.95,0.0,0.0
France,Europe,2020-02-27,67839115,0.0,4287.69,0.0,121.95,0.0,0.0
France,Europe,2020-02-28,67839115,538.92,4826.62,5.3,127.26,0.0,0.0
France,Europe,2020-02-29,67839115,0.0,4826.62,0.0,127.26,0.0,0.0
France,Europe,2020-03-01,67839115,0.0,4826.62,4.99,132.24,0.0,0.0
France,Europe,2020-03-02,67839115,624.91,5451.52,2.47,134.72,0.0,0.0
France,Europe,2020-03-03,67839115,591.43,6042.96,0.0,134.72,0.0,0.0
France,Europe,2020-03-04,67839115,592.29,6635.25,0.0,134.72,0.0,0.0
France,Europe,2020-03-05,67839115,79.78,6715.03,0.47,135.18,0.0,0.0
France,Europe,2020-03-06,67839115,199.65,6914.69,2.91,138.09,0.0,0.0
France,Europe,2020-03-07,67839115,207.98,7122.66,15.97,154.06,0.0,0.0
France,Europe,2020-03-08,67839115,514.74,7637.41,10.84,164.9,0.0,0.0
France,Europe,2020-03-09,67839115,797.06,8434.47,10.22,175.11,0.0,0.0
France,Europe,2020-03-10,67839115,395.16,8829.63,4.48,179.6,0.0,0.0
France,Europe,2020-03-11,67839115,971.06,9800.68,20.49,200.08,0.0,0.0
France,Europe,2020-03-12,67839115,607.97,10408.65,2.57,202.66,0.0,0.0
France,Europe,2020-03-13,67839115,226.47,10635.12,1.6,204.25,0.0,0.0
France,Europe,2020-03-14,67839115,614.0,11249.12,0.0,204.25,0.0,0.0
France,Europe,2020-03-15,67839115,936.94,12186.06,22.59,226.85,0.0,0.0
France,Europe,2020-03-16,67839115,1055.82,13241.88,15.81,242.66,0.0,0.0
France,Europe,2020-03-17,67839115,789.03,14030.91,3.81,246.46,0.0,0.0
France,Europe,2020-03-18,67839115,400.49,14431.4,3.89,250.35,0.0,0.0
France,Europe,2020-03-19,67839115,334.22,14765.62,8.09,258.44,0.0,0.0
France,Europe,2020-03-20,67839115,630.96,15396.58,5.57,264.01,0.0,0.0
France,Europe,2020-03-21,67839115,1035.22,16431.81,8.15,272.16,0.0,0.0
France,Europe,2020-03-22,67839115,621.88,17053.69,2.23,274.38,0.0,0.0
France,Europe,2020-03-23,67839115,650.64,17704.33,10.52,284.9,0.0,0.0
France,Europe,2020-03-24,67839115,531.8,18236.13,3.52,288.42,0.0,0.0
France,Europe,2020-03-25,67839115,422.1,18658.24,1.44,289.86,0.0,0.0
France,Europe,2020-03-26,67839115,503.97,19162.21,0.0,289.86,0.0,0.0
France,Europe,2020-03-27,67839115,632.8,19795.01,8.21,298.07,0.0,0.0
France,Europe,2020-03-28,67839115,1212.25,21007.26,13.1,311.17,0.0,0.0
France,Europe,2020-03-29,67839115,553.38,21560.64,4.07,315.23,0.0,0.0
France,Europe,2020-03-30,67839115,682.93,22243.56,9.79,325.02,0.0,0.0
France,Europe,2020-03-31,67839115,389.74,22633.31,10.66,335.68,0.0,0.0
France,Europe,2020-04-01,67839115,972.46,23605.76,17.28,352.96,0.0,0.0
France,Europe,2020-04-02,67839115,1229.89,24835.66,19.18,372.14,0.0,0.0
France,Europe,2020-04-03,67839115,1350.97,26186.62,14.29,386.43,0.0,0.0
France,Europe,2020-04-04,67839115,885.34,27071.97,6.09,392.52,0.0,0.0
France,Europe,2020-04-05,67839115,1047.91,28119.88,4.22,396.74,0.0,0.0
France,Europe,2020-04-06,67839115,826.81,28946.69,5.18,401.92,0.0,0.0
France,Europe,2020-04-07,67839115,1100.0,30046.69,13.36,415.28,0.0,0.0
France,Europe,2020-04-08,67839115,1060.7,31107.39,6.44,421.71,0.0,0.0
France,Europe,2020-04-09,67839115,1007.8,32115.19,12.86,434.58,0.0,0.0
France,Europe,2020-04-10,67839115,1073.21,33188.4,5.15,439.73,0.0,0.0
France,Europe,2020-04-11,67839115,1221.75,34410.15,1.37,441.1,0.0,0.0
France,Europe,2020-04-12,67839115,1000.21,35410.36,18.56,459.66,0.0,0.0
France,Europe,2020-04-13,67839115,1058.89,36469.25,8.91,468.57,0.0,0.0
France,Europe,2020-04-14,67839115,1782.94,38252.2,14.7,483.27,0.0,0.0
France,Europe,2020-04-15,67839115,2176.68,40428.87,17.37,500.64,0.0,0.0
France,Europe,2020-04-16,67839115,850.09,41278.96,13.59,514.23,0.0,0.0
France,Europe,2020-04-17,67839115,875.45,42154.41,21.5,535.73,0.0,0.0
France,Europe,2020-04-18,67839115,1026.92,43181.33,9.1,544.83,0.0,0.0
France,Europe,2020-04-19,67839115,1372.44,44553.78,14.74,559.57,0.0,0.0
France,Europe,2020-04-20,67839115,1769.79,46323.57,29.81,589.38,0.0,0.0
France,Europe,2020-04-21,67839115,1711.88,48035.45,6.06,595.44,0.0,0.0
France,Europe,2020-04-22,67839115,1614.82,49650.27,35.11,630.56,0.0,0.0
France,Europe,2020-04-23,67839115,1790.39,51440.66,41.04,671.59,0.0,0.0
France,Europe,2020-04-24,67839115,1414.66,52855.32,0.0,671.59,0.0,0.0
France,Europe,2020-04-25,67839115,1624.04,54479.36,18.71,690.3,0.0,0.0
France,Europe,2020-04-26,67839115,1756.0,56235.36,15.32,705.62,0.0,0.0
France,Europe,2020-04-27,67839115,1263.04,57498.4,13.04,718.66,0.0,0.0
France,Europe,2020-04-28,67839115,1466.46,58964.86,14.25,732.91,0.0,0.0
France,Europe,2020-04-29,67839115,1536.68,60501.54,24.93,757.85,0.0,0.0
France,Europe,2020-04-30,67839115,2253.85,62755.39,26.15,783.99,0.0,0.0
France,Europe,2020-05-01,67839115,2130.34,64885.73,18.28,802.27,0.0,0.0
France,Europe,2020-05-02,67839115,2317.24,67202.97,26.43,828.7,0.0,0.0
France,Europe,2020-05-03,67839115,1519.2,68722.17,22.35,851.05,0.0,0.0
France,Europe,2020-05-04,67839115,1704.33,70426.5,10.98,862.03,0.0,0.0
France,Europe,2020-05-05,67839115,2516.97,72943.47,17.03,879.06,0.0,0.0
France,Europe,2020-05-06,67839115,1374.31,74317.78,32.43,911.5,0.0,0.0
France,Europe,2020-05-07,67839115,2838.16,77155.94,28.92,940.41,0.0,0.0
France,Europe,2020-05-08,67839115,1834.75,78990.7,20.92,961.33,0.0,0.0
France,Europe,2020-05-09,67839115,2832.09,81822.79,30.8,992.14,0.0,0.0
France,Europe,2020-05-10,67839115,2290.52,84113.31,31.87,1024.01,0.0,0.0
France,Europe,2020-05-11,67839115,3033.81,87147.13,50.59,1074.59,0.0,0.0
France,Europe,2020-05-12,67839115,3855.24,91002.37,50.9,1125.5,0.0,0.0
France,Europe,2020-05-13,67839115,2002.95,93005.32,11.89,1137.39,0.0,0.0
France,Europe,2020-05-14,67839115,3108.55,96113.88,26.23,1163.62,0.0,0.0
France,Europe,2020-05-15,67839115,2299.32,98413.2,24.4,1188.02,0.0,0.0
France,Europe,2020-05-16,67839115,3148.91,101562.11,35.64,1223.66,0.0,0.0
France,Europe,2020-05-17,67839115,2994.83,104556.93,22.16,1245.82,0.0,0.0
France,Europe,2020-05-18,67839115,3180.54,107737.47,44.72,1290.54,0.0,0.0
France,Europe,2020-05-19,67839115,2884.14,110621.61,25.92,1316.46,0.0,0.0
France,Europe,2020-05-20,67839115,3544.7,114166.31,54.48,1370.94,0.0,0.0
France,Europe,2020-05-21,67839115,2832.96,116999.27,48.56,1419.5,0.0,0.0
France,Europe,2020-05-22,67839115,3842.88,120842.16,44.13,1463.63,0.0,0.0
France,Europe,2020-05-23,67839115,3333.49,124175.65,43.51,1507.14,0.0,0.0
France,Europe,2020-05-24,67839115,3054.15,127229.8,26.79,1533.94,0.0,0.0
France,Europe,2020-05-25,67839115,4171.56,131401.36,55.05,1588.99,0.0,0.0
France,Europe,2020-05-26,67839115,3657.83,135059.19,39.91,1628.9,0.0,0.0
France,Europe,2020-05-27,67839115,4416.9,139476.09,44.3,1673.2,0.0,0.0
France,Europe,2020-05-28,67839115,4244.25,143720.34,48.62,1721.82,0.0,0.0
France,Europe,2020-05-29,67839115,3604.61,147324.95,39.53,1761.35,0.0,0.0
France,Europe,2020-05-30,67839115,3921.0,151245.95,44.45,1805.8,0.0,0.0
France,Europe,2020-05-31,67839115,4059.41,155305.36,56.31,1862.11,0.0,0.0
France,Europe,2020-06-01,67839115,4617.03,159922.4,49.12,1911.23,0.0,0.0
France,Europe,2020-06-02,67839115,4301.14,164223.53,65.49,1976.72,0.0,0.0
France,Europe,2020-06-03,67839115,4274.24,168497.77,40.69,2017.41,0.0,0.0
France,Europe,2020-06-04,67839115,4206.38,172704.15,63.4,2080.81,0.0,0.0
France,Europe,2020-06-05,67839115,4321.68,177025.83,43.73,2124.54,0.0,0.0
France,Europe,2020-06-06,67839115,4858.18,181884.01,58.29,2182.83,0.0,0.0
France,Europe,2020-06-07,67839115,4464.16,186348.17,49.65,2232.48,0.0,0.0
France,Europe,2020-06-08,67839115,4384.95,190733.12,49.87,2282.35,0.0,0.0
France,Europe,2020-06-09,67839115,4384.93,195118.05,59.03,2341.38,0.0,0.0
France,Europe,2020-06-10,67839115,4446.93,199564.97,65.36,2406.74,0.0,0.0
France,Europe,2020-06-11,67839115,4207.11,203772.08,60.01,2466.75,0.0,0.0
France,Europe,2020-06-12,67839115,4491.11,208263.19,50.65,2517.41,0.0,0.0
France,Europe,2020-06-13,67839115,5332.83,213596.02,65.47,2582.87,0.0,0.0
France,Europe,2020-06-14,67839115,4789.41,218385.43,51.22,2634.09,0.0,0.0
France,Europe,2020-06-15,67839115,5160.24,223545.67,53.99,2688.08,0.0,0.0
France,Europe,2020-06-16,67839115,4096.69,227642.36,39.99,2728.07,0.0,0.0
France,Europe,2020-06-17,67839115,5212.24,232854.6,59.05,2787.12,0.0,0.0
France,Europe,2020-06-18,67839115,5004.43,237859.03,62.05,2849.17,0.0,0.0
France,Europe,2020-06-19,67839115,4938.39,242797.42,43.97,2893.13,0.0,0.0
France,Europe,2020-06-20,67839115,5214.61,248012.02,62.2,2955.34,0.0,0.0
France,Europe,2020-06-21,67839115,5020.45,253032.47,72.37,3027.71,0.0,0.0
France,Europe,2020-06-22,67839115,4491.63,257524.1,62.87,3090.59,0.0,0.0
France,Europe,2020-06-23,67839115,5597.03,263121.14,62.48,3153.07,0.0,0.0
France,Europe,2020-06-24,67839115,5396.77,268517.91,53.59,3206.65,0.0,0.0
France,Europe,2020-06-25,67839115,5237.47,273755.38,66.53,3273.18,0.0,0.0
France,Europe,2020-06-26,67839115,5042.97,278798.35,41.98,3315.16,0.0,0.0
France,Europe,2020-06-27,67839115,4898.56,283696.91,67.66,3382.82,0.0,0.0
France,Europe,2020-06-28,67839115,5521.33,289218.23,64.55,3447.37,0.0,0.0
France,Europe,2020-06-29,67839115,6035.66,295253.9,87.08,3534.45,0.0,0.0
France,Europe,2020-06-30,67839115,5568.08,300821.98,53.0,3587.45,0.0,0.0
France,Europe,2020-07-01,67839115,5037.02,305859.0,67.79,3655.24,0.0,0.0
France,Europe,2020-07-02,67839115,5621.76,311480.76,66.66,3721.9,0.0,0.0
France,Europe,2020-07-03,67839115,5544.24,317025.0,63.88,3785.78,0.0,0.0
France,Europe,2020-07-04,67839115,5883.2,322908.2,59.64,3845.42,0.0,0.0
France,Europe,2020-07-05,67839115,5808.95,328717.15,74.47,3919.89,0.0,0.0
France,Europe,2020-07-06,67839115,4565.28,333282.43,60.19,3980.08,0.0,0.0
France,Europe,2020-07-07,67839115,5812.79,339095.21,84.03,4064.12,0.0,0.0
France,Europe,2020-07-08,67839115,5280.28,344375.49,71.43,4135.55,0.0,0.0
France,Europe,2020-07-09,67839115,5141.33,349516.82,56.94,4192.49,0.0,0.0
France,Europe,2020-07-10,67839115,5578.33,355095.15,58.91,4251.4,0.0,0.0
France,Europe,2020-07-11,67839115,5791.4,360886.55,58.55,4309.95,0.0,0.0
France,Europe,2020-07-12,67839115,5074.48,365961.03,72.68,4382.63,0.0,0.0
France,Europe,2020-07-13,67839115,5894.45,371855.48,64.51,4447.14,0.0,0.0
France,Europe,2020-07-14,67839115,5912.07,377767.55,82.79,4529.92,0.0,0.0
France,Europe,2020-07-15,67839115,5656.36,383423.91,72.08,4602.0,0.0,0.0
France,Europe,2020-07-16,67839115,5329.24,388753.15,66.59,4668.59,0.0,0.0
France,Europe,2020-07-17,67839115,5281.11,394034.26,60.92,4729.51,0.0,0.0
France,Europe,2020-07-18,67839115,5971.98,400006.24,76.95,4806.46,0.0,0.0
France,Europe,2020-07-19,67839115,5071.04,405077.28,60.73,4867.19,0.0,0.0
France,Europe,2020-07-20,67839115,5957.67,411034.95,68.54,4935.72,0.0,0.0
France,Europe,2020-07-21,67839115,5510.55,416545.5,71.69,5007.42,0.0,0.0
France,Europe,2020-07-22,67839115,5516.23,422061.73,65.04,5072.46,0.0,0.0
France,Europe,2020-07-23,67839115,4931.54,426993.26,52.79,5125.25,0.0,0.0
France,Europe,2020-07-24,67839115,5455.84,432449.1,70.27,5195.52,0.0,0.0
France,Europe,2020-07-25,67839115,5698.03,438147.13,67.86,5263.39,0.0,0.0
France,Europe,2020-07-26,67839115,4989.94,443137.07,63.79,5327.18,0.0,0.0
France,Europe,2020-07-27,67839115,5604.97,448742.05,63.63,5390.81,0.0,0.0
France,Europe,2020-07-28,67839115,5432.79,454174.84,55.52,5446.33,0.0,0.0
France,Europe,2020-07-29,67839115,5145.96,459320.8,75.63,5521.96,0.0,0.0
France,Europe,2020-07-30,67839115,5638.58,464959.38,80.04,5602.0,0.0,0.0
France,Europe,2020-07-31,67839115,4535.39,469494.77,61.49,5663.49,0.0,0.0
France,Europe,2020-08-01,67839115,5392.89,474887.66,61.61,5725.1,0.0,0.0
France,Europe,2020-08-02,67839115,5802.41,480690.07,67.23,5792.33,0.0,0.0
France,Europe,2020-08-03,67839115,5702.4,486392.46,79.49,5871.82,0.0,0.0
France,Europe,2020-08-04,67839115,5296.47,491688.94,60.73,5932.54,0.0,0.0
France,Europe,2020-08-05,67839115,5014.95,496703.89,55.12,5987.66,0.0,0.0
France,Europe,2020-08-06,67839115,4857.45,501561.34,73.27,6060.93,0.0,0.0
France,Europe,2020-08-07,67839115,4932.41,506493.76,58.81,6119.74,0.0,0.0
France,Europe,2020-08-08,67839115,5186.3,511680.05,76.38,6196.12,0.0,0.0
France,Europe,2020-08-09,67839115,4670.1,516350.15,44.85,6240.97,0.0,0.0
France,Europe,2020-08-10,67839115,5173.62,521523.77,66.23,6307.2,0.0,0.0
France,Europe,2020-08-11,67839115,5610.29,527134.06,83.89,6391.09,0.0,0.0
France,Europe,2020-08-12,67839115,4796.55,531930.61,57.8,6448.89,0.0,0.0
France,Europe,2020-08-13,67839115,4301.61,536232.22,49.51,6498.4,0.0,0.0
France,Europe,2020-08-14,67839115,4254.93,540487.15,41.72,6540.12,0.0,0.0
France,Europe,2020-08-15,67839115,4950.39,545437.54,68.06,6608.18,0.0,0.0
France,Europe,2020-08-16,67839115,4610.33,550047.87,49.16,6657.34,0.0,0.0
France,Europe,2020-08-17,67839115,4890.48,554938.35,57.93,6715.27,0.0,0.0
France,Europe,2020-08-18,67839115,4348.96,559287.31,42.31,6757.58,0.0,0.0
France,Europe,2020-08-19,67839115,4778.43,564065.74,69.8,6827.38,0.0,0.0
France,Europe,2020-08-20,67839115,4384.22,568449.96,61.85,6889.23,0.0,0.0
France,Europe,2020-08-21,67839115,4135.15,572585.11,49.37,6938.6,0.0,0.0
France,Europe,2020-08-22,67839115,4203.15,576788.26,41.2,6979.8,0.0,0.0
France,Europe,2020-08-23,67839115,3876.63,580664.89,58.81,7038.61,0.0,0.0
France,Europe,2020-08-24,67839115,4944.18,585609.06,56.4,7095.01,0.0,0.0
France,Europe,2020-08-25,67839115,4166.74,589775.8,41.16,7136.17,0.0,0.0
France,Europe,2020-08-26,67839115,4378.96,594154.76,38.45,7174.62,0.0,0.0
France,Europe,2020-08-27,67839115,3918.78,598073.54,41.86,7216.48,0.0,0.0
France,Europe,2020-08-28,67839115,3692.28,601765.82,32.67,7249.15,0.0,0.0
France,Europe,2020-08-29,67839115,3932.9,605698.72,42.21,7291.36,0.0,0.0
France,Europe,2020-08-30,67839115,4355.07,610053.79,58.22,7349.58,0.0,0.0
France,Europe,2020-08-31,67839115,3742.94,613796.73,41.91,7391.49,0.0,0.0
France,Europe,2020-09-01,67839115,3576.76,617373.5,45.77,7437.26,0.0,0.0
France,Europe,2020-09-02,67839115,3892.88,621266.38,40.93,7478.18,0.0,0.0
France,Europe,2020-09-03,67839115,3970.97,625237.36,48.17,7526.36,0.0,0.0
France,Europe,2020-09-04,67839115,4330.03,629567.39,67.33,7593.68,0.0,0.0
France,Europe,2020-09-05,67839115,3838.5,633405.89,43.27,7636.96,0.0,0.0
France,Europe,2020-09-06,67839115,3900.71,637306.6,49.88,7686.84,0.0,0.0
France,Europe,2020-09-07,67839115,3888.72,641195.32,34.14,7720.98,0.0,0.0
France,Europe,2020-09-08,67839115,3196.15,644391.48,50.51,7771.5,0.0,0.0
France,Europe,2020-09-09,67839115,3226.39,647617.87,34.9,7806.4,0.0,0.0
France,Europe,2020-09-10,67839115,3149.21,650767.08,46.19,7852.59,0.0,0.0
France,Europe,2020-09-11,67839115,3028.54,653795.61,35.36,7887.95,0.0,0.0
France,Europe,2020-09-12,67839115,3740.65,657536.26,49.78,7937.73,0.0,0.0
France,Europe,2020-09-13,67839115,3532.49,661068.75,47.76,7985.49,0.0,0.0
France,Europe,2020-09-14,67839115,3428.84,664497.59,37.53,8023.01,0.0,0.0
France,Europe,2020-09-15,67839115,2464.95,666962.54,38.31,8061.33,0.0,0.0
France,Europe,2020-09-16,67839115,4064.57,671027.11,42.7,8104.03,0.0,0.0
France,Europe,2020-09-17,67839115,3006.31,674033.42,42.3,8146.33,0.0,0.0
France,Europe,2020-09-18,67839115,4013.02,678046.44,45.03,8191.36,0.0,0.0
France,Europe,2020-09-19,67839115,2764.67,680811.11,35.97,8227.34,0.0,0.0
France,Europe,2020-09-20,67839115,2966.06,683777.17,31.9,8259.23,0.0,0.0
France,Europe,2020-09-21,67839115,2459.38,686236.55,29.91,8289.15,0.0,0.0
France,Europe,2020-09-22,67839115,3338.6,689575.14,31.47,8320.61,0.0,0.0
France,Europe,2020-09-23,67839115,2809.4,692384.54,35.69,8356.3,0.0,0.0
France,Europe,2020-09-24,67839115,2803.81,695188.35,34.0,8390.3,0.0,0.0
France,Europe,2020-09-25,67839115,2685.03,697873.39,27.9,8418.2,0.0,0.0
France,Europe,2020-09-26,67839115,3425.08,701298.47,40.66,8458.86,0.0,0.0
France,Europe,2020-09-27,67839115,3391.16,704689.64,41.77,8500.63,0.0,0.0
France,Europe,2020-09-28,67839115,3767.05,708456.69,40.27,8540.9,0.0,0.0
France,Europe,2020-09-29,67839115,2885.09,711341.78,33.59,8574.49,0.0,0.0
France,Europe,2020-09-30,67839115,3195.46,714537.23,30.3,8604.8,0.0,0.0
France,Europe,2020-10-01,67839115,2662.94,717200.17,50.72,8655.52,0.0,0.0
France,Europe,2020-10-02,67839115,2993.81,720193.98,44.4,8699.92,0.0,0.0
France,Europe,2020-10-03,67839115,2927.88,723121.86,37.32,8737.23,0.0,0.0
France,Europe,2020-10-04,67839115,3271.95,726393.82,48.64,8785.88,0.0,0.0
France,Europe,2020-10-05,67839115,3466.78,729860.6,25.77,8811.64,0.0,0.0
France,Europe,2020-10-06,67839115,3460.62,733321.22,21.07,8832.71,0.0,0.0
France,Europe,2020-10-07,67839115,2823.16,736144.38,30.68,8863.39,0.0,0.0
France,Europe,2020-10-08,67839115,3473.47,739617.86,30.65,8894.05,0.0,0.0
France,Europe,2020-10-09,67839115,3115.88,742733.74,35.5,8929.54,0.0,0.0
France,Europe,2020-10-10,67839115,3026.42,745760.16,37.96,8967.51,0.0,0.0
France,Europe,2020-10-11,67839115,2902.17,748662.32,42.19,9009.69,0.0,0.0
France,Europe,2020-10-12,67839115,2965.66,751627.98,26.48,9036.18,0.0,0.0
France,Europe,2020-10-13,67839115,3784.28,755412.27,48.61,9084.78,0.0,0.0
France,Europe,2020-10-14,67839115,3296.22,758708.48,39.67,9124.45,0.0,0.0
France,Europe,2020-10-15,67839115,3265.18,761973.66,41.96,9166.42,0.0,0.0
France,Europe,2020-10-16,67839115,3128.98,765102.64,33.39,9199.81,0.0,0.0
France,Europe,2020-10-17,67839115,4094.78,769197.43,60.2,9260.01,0.0,0.0
France,Europe,2020-10-18,67839115,3714.56,772911.99,43.75,9303.76,0.0,0.0
France,Europe,2020-10-19,67839115,3025.71,775937.7,50.5,9354.26,0.0,0.0
France,Europe,2020-10-20,67839115,3203.72,779141.42,32.12,9386.38,0.0,0.0
France,Europe,2020-10-21,67839115,3246.98,782388.39,44.91,9431.29,0.0,0.0
France,Europe,2020-10-22,67839115,3396.55,785784.94,40.28,9471.57,0.0,0.0
France,Europe,2020-10-23,67839115,3124.6,788909.54,34.87,9506.44,0.0,0.0
France,Europe,2020-10-24,67839115,3549.11,792458.65,47.65,9554.09,0.0,0.0
France,Europe,2020-10-25,67839115,3930.18,796388.83,44.77,9598.86,0.0,0.0
France,Europe,2020-10-26,67839115,2989.49,799378.33,14.58,9613.43,0.0,0.0
France,Europe,2020-10-27,67839115,3082.56,802460.89,12.49,9625.92,0.0,0.0
France,Europe,2020-10-28,67839115,3337.26,805798.15,50.23,9676.15,0.0,0.0
France,Europe,2020-10-29,67839115,3383.19,809181.34,50.44,9726.59,0.0,0.0
France,Europe,2020-10-30,67839115,4265.94,813447.28,66.29,9792.88,0.0,0.0
France,Europe,2020-10-31,67839115,3948.14,817395.42,47.24,9840.12,0.0,0.0
France,Europe,2020-11-01,67839115,3959.75,821355.17,37.18,9877.29,0.0,0.0
France,Europe,2020-11-02,67839115,3568.96,824924.13,39.47,9916.76,0.0,0.0
France,Europe,2020-11-03,67839115,3594.06,828518.19,43.22,9959.98,0.0,0.0
France,Europe,2020-11-04,67839115,3219.43,831737.62,30.58,9990.56,0.0,0.0
France,Europe,2020-11-05,67839115,4034.82,835772.44,61.61,10052.17,0.0,0.0
France,Europe,2020-11-06,67839115,3967.14,839739.58,65.52,10117.69,0.0,0.0
France,Europe,2020-11-07,67839115,4279.77,844019.34,55.18,10172.87,0.0,0.0
France,Europe,2020-11-08,67839115,3790.56,847809.9,45.4,10218.27,0.0,0.0
France,Europe,2020-11-09,67839115,3849.64,851659.53,35.84,10254.11,0.0,0.0
France,Europe,2020-11-10,67839115,3993.88,855653.41,60.3,10314.41,0.0,0.0
France,Europe,2020-11-11,67839115,4281.77,859935.18,51.99,10366.4,0.0,0.0
France,Europe,2020-11-12,67839115,3490.36,863425.54,39.57,10405.97,0.0,0.0
France,Europe,2020-11-13,67839115,4297.93,867723.48,55.42,10461.39,0.0,0.0
France,Europe,2020-11-14,67839115,4068.51,871791.99,44.14,10505.53,0.0,0.0
France,Europe,2020-11-15,67839115,3740.49,875532.48,46.06,10551.59,0.0,0.0
France,Europe,2020-11-16,67839115,3416.62,878949.1,29.46,10581.05,0.0,0.0
France,Europe,2020-11-17,67839115,4133.54,883082.64,58.3,10639.35,0.0,0.0
France,Europe,2020-11-18,67839115,4722.89,887805.53,55.84,10695.19,0.0,0.0
France,Europe,2020-11-19,67839115,4836.98,892642.5,67.31,10762.5,0.0,0.0
France,Europe,2020-11-20,67839115,4409.58,897052.08,51.31,10813.81,0.0,0.0
France,Europe,2020-11-21,67839115,5005.93,902058.01,58.98,10872.79,0.0,0.0
France,Europe,2020-11-22,67839115,4337.86,906395.87,42.36,10915.15,0.0,0.0
France,Europe,2020-11-23,67839115,4719.79,911115.66,62.72,10977.86,0.0,0.0
France,Europe,2020-11-24,67839115,4260.98,915376.65,44.13,11021.99,0.0,0.0
France,Europe,2020-11-25,67839115,4271.09,919647.73,47.36,11069.35,0.0,0.0
France,Europe,2020-11-26,67839115,4245.8,923893.54,50.96,11120.31,0.0,0.0
France,Europe,2020-11-27,67839115,3792.9,927686.43,46.48,11166.79,0.0,0.0
France,Europe,2020-11-28,67839115,4995.09,932681.52,46.29,11213.08,0.0,0.0
France,Europe,2020-11-29,67839115,4349.89,937031.41,50.35,11263.44,0.0,0.0
France,Europe,2020-11-30,67839115,4323.12,941354.53,58.24,11321.67,0.0,0.0
France,Europe,2020-12-01,67839115,4219.05,945573.58,47.6,11369.28,0.0,0.0
France,Europe,2020-12-02,67839115,4588.15,950161.74,53.26,11422.54,0.0,0.0
France,Europe,2020-12-03,67839115,5303.73,955465.46,64.94,11487.48,0.0,0.0
France,Europe,2020-12-04,67839115,5445.31,960910.77,64.34,11551.82,0.0,0.0
France,Europe,2020-12-05,67839115,4156.28,965067.06,41.63,11593.45,0.0,0.0
France,Europe,2020-12-06,67839115,4637.72,969704.77,55.36,11648.81,0.0,0.0
France,Europe,2020-12-07,67839115,4422.99,974127.76,61.03,11709.84,0.0,0.0
France,Europe,2020-12-08,67839115,5153.2,979280.97,53.43,11763.27,0.0,0.0
France,Europe,2020-12-09,67839115,4928.86,984209.83,56.15,11819.42,0.0,0.0
France,Europe,2020-12-10,67839115,4625.99,988835.81,44.46,11863.88,0.0,0.0
France,Europe,2020-12-11,67839115,4893.37,993729.18,66.25,11930.13,0.0,0.0
France,Europe,2020-12-12,67839115,4718.97,998448.15,55.89,11986.02,0.0,0.0
France,Europe,2020-12-13,67839115,5468.04,1003916.18,58.81,12044.83,0.0,0.0
France,Europe,2020-12-14,67839115,5110.35,1009026.53,62.06,12106.89,0.0,0.0
France,Europe,2020-12-15,67839115,5168.06,1014194.59,52.39,12159.28,0.0,0.0
France,Europe,2020-12-16,67839115,4013.74,1018208.32,39.9,12199.18,0.0,0.0
France,Europe,2020-12-17,67839115,4936.13,1023144.45,47.55,12246.73,0.0,0.0
France,Europe,2020-12-18,67839115,5699.77,1028844.22,59.86,12306.59,0.0,0.0
France,Europe,2020-12-19,67839115,5444.71,1034288.92,76.2,12382.79,0.0,0.0
France,Europe,2020-12-20,67839115,4342.76,1038631.68,46.25,12429.04,0.0,0.0
France,Europe,2020-12-21,67839115,4886.96,1043518.64,62.37,12491.41,0.0,0.0
France,Europe,2020-12-22,67839115,4582.29,1048100.93,48.3,12539.71,5556054.47,5556054.47
France,Europe,2020-12-23,67839115,5606.59,1053707.52,73.36,12613.06,71439.99,5627494.46
France,Europe,2020-12-24,67839115,5096.8,1058804.32,52.95,12666.02,72248.01,5699742.48
France,Europe,2020-12-25,67839115,4744.88,1063549.2,57.25,12723.27,73062.33,5772804.8
France,Europe,2020-12-26,67839115,5026.57,1068575.76,60.74,12784.01,73882.9,5846687.71
France,Europe,2020-12-27,67839115,4101.73,1072677.49,67.84,12851.85,74709.72,5921397.42
France,Europe,2020-12-28,67839115,4632.96,1077310.45,60.64,12912.49,75542.73,5996940.16
France,Europe,2020-12-29,67839115,5022.53,1082332.98,55.53,12968.02,76381.92,6073322.08
France,Europe,2020-12-30,67839115,5301.52,1087634.5,69.1,13037.12,77227.25,6150549.33
France,Europe,2020-12-31,67839115,4320.52,1091955.02,68.95,13106.07,78078.68,6228628.01
France,Europe,2021-01-01,67839115,4859.71,1096814.73,45.28,13151.35,78936.16,6307564.17
France,Europe,2021-01-02,67839115,5338.33,1102153.06,57.32,13208.67,79799.67,6387363.84
France,Europe,2021-01-03,67839115,4467.45,1106620.51,51.71,13260.38,80669.14,6468032.98
France,Europe,2021-01-04,67839115,5044.88,1111665.39,57.2,13317.58,81544.53,6549577.51
France,Europe,2021-01-05,67839115,4975.68,1116641.07,57.05,13374.63,82425.79,6632003.3
France,Europe,2021-01-06,67839115,5539.26,1122180.33,56.04,13430.67,83312.87,6715316.17
France,Europe,2021-01-07,67839115,4844.03,1127024.36,69.36,13500.03,84205.71,6799521.88
France,Europe,2021-01-08,67839115,4848.6,1131872.96,46.8,13546.83,85104.25,6884626.13
France,Europe,2021-01-09,67839115,5190.72,1137063.68,60.69,13607.52,86008.42,6970634.55
France,Europe,2021-01-10,67839115,4408.85,1141472.53,61.27,13668.79,86918.16,7057552.71
France,Europe,2021-01-11,67839115,4776.11,1146248.65,57.07,13725.86,87833.4,7145386.11
France,Europe,2021-01-12,67839115,4673.06,1150921.7,48.24,13774.1,88754.07,7234140.18
France,Europe,2021-01-13,67839115,4761.87,1155683.58,46.35,13820.46,89680.1,7323820.28
France,Europe,2021-01-14,67839115,5084.19,1160767.77,59.17,13879.63,90611.39,7414431.67
France,Europe,2021-01-15,67839115,4956.79,1165724.55,53.43,13933.05,91547.88,7505979.55
France,Europe,2021-01-16,67839115,4475.23,1170199.78,55.34,13988.4,92489.48,7598469.02
France,Europe,2021-01-17,67839115,4758.43,1174958.21,45.89,14034.29,93436.09,7691905.11
France,Europe,2021-01-18,67839115,5204.45,1180162.66,68.96,14103.24,94387.63,7786292.74
France,Europe,2021-01-19,67839115,4362.94,1184525.59,53.28,14156.52,95344.0,7881636.74
France,Europe,2021-01-20,67839115,4674.79,1189200.38,57.62,14214.14,96305.1,7977941.84
France,Europe,2021-01-21,67839115,4525.4,1193725.78,65.83,14279.97,97270.83,8075212.68
France,Europe,2021-01-22,67839115,4538.97,1198264.74,50.97,14330.94,98241.09,8173453.77
France,Europe,2021-01-23,67839115,3957.31,1202222.06,41.68,14372.62,99215.76,8272669.53
France,Europe,2021-01-24,67839115,4987.88,1207209.94,55.47,14428.09,100194.74,8372864.27
France,Europe,2021-01-25,67839115,4188.22,1211398.15,48.72,14476.81,101177.9,8474042.17
France,Europe,2021-01-26,67839115,4782.59,1216180.75,56.66,14533.47,102165.12,8576207.29
France,Europe,2021-01-27,67839115,4169.33,1220350.08,43.39,14576.86,103156.29,8679363.58
France,Europe,2021-01-28,67839115,4130.39,1224480.47,33.38,14610.24,104151.27,8783514.85
France,Europe,2021-01-29,67839115,4735.58,1229216.05,52.34,14662.58,105149.94,8888664.79
France,Europe,2021-01-30,67839115,4619.74,1233835.79,58.32,14720.9,106152.15,8994816.94
France,Europe,2021-01-31,67839115,4305.04,1238140.83,52.75,14773.65,107157.78,9101974.72
France,Europe,2021-02-01,67839115,4457.81,1242598.64,63.09,14836.74,108166.67,9210141.39
France,Europe,2021-02-02,67839115,4049.12,1246647.76,64.23,14900.97,109178.68,9319320.07
France,Europe,2021-02-03,67839115,4105.22,1250752.99,55.34,14956.31,110193.67,9429513.74
France,Europe,2021-02-04,67839115,3833.99,1254586.98,57.07,15013.37,111211.47,9540725.21
France,Europe,2021-02-05,67839115,4338.79,1258925.77,58.2,15071.57,112231.94,9652957.15
France,Europe,2021-02-06,67839115,3735.91,1262661.68,58.51,15130.08,113254.91,9766212.06
France,Europe,2021-02-07,67839115,4454.12,1267115.79,68.26,15198.34,114280.21,9880492.26
France,Europe,2021-02-08,67839115,3778.97,1270894.77,52.96,15251.3,115307.68,9995799.94
France,Europe,2021-02-09,67839115,3851.43,1274746.2,51.87,15303.17,116337.14,10112137.08
France,Europe,2021-02-10,67839115,4064.12,1278810.31,47.13,15350.29,117368.42,10229505.5
France,Europe,2021-02-11,67839115,3760.82,1282571.13,44.8,15395.09,118401.34,10347906.84
France,Europe,2021-02-12,67839115,3601.74,1286172.87,40.52,15435.61,119435.71,10467342.55
France,Europe,2021-02-13,67839115,3648.71,1289821.58,48.75,15484.37,120471.35,10587813.9
France,Europe,2021-02-14,67839115,3924.97,1293746.55,41.34,15525.7,121508.07,10709321.97
France,Europe,2021-02-15,67839115,3332.78,1297079.33,38.46,15564.17,122545.67,10831867.63
France,Europe,2021-02-16,67839115,3473.02,1300552.35,22.83,15587.0,123583.95,10955451.58
France,Europe,2021-02-17,67839115,3473.03,1304025.38,55.46,15642.46,124622.71,11080074.28
France,Europe,2021-02-18,67839115,3724.1,1307749.48,42.93,15685.39,125661.74,11205736.02
France,Europe,2021-02-19,67839115,3338.49,1311087.96,43.71,15729.09,126700.84,11332436.87
France,Europe,2021-02-20,67839115,3958.18,1315046.14,59.16,15788.26,127739.8,11460176.66
France,Europe,2021-02-21,67839115,3222.27,1318268.41,41.07,15829.32,128778.39,11588955.05
France,Europe,2021-02-22,67839115,3145.62,1321414.04,49.3,15878.63,129816.4,11718771.45
France,Europe,2021-02-23,67839115,3120.71,1324534.75,27.51,15906.14,130853.6,11849625.05
France,Europe,2021-02-24,67839115,2671.55,1327206.3,51.24,15957.38,131889.77,11981514.82
France,Europe,2021-02-25,67839115,2721.39,1329927.69,41.35,15998.73,132924.68,12114439.5
France,Europe,2021-02-26,67839115,2850.49,1332778.18,35.88,16034.61,133958.09,12248397.59
France,Europe,2021-02-27,67839115,3385.87,1336164.05,52.03,16086.64,134989.78,12383387.37
France,Europe,2021-02-28,67839115,2929.01,1339093.05,25.8,16112.44,136019.49,12519406.86
France,Europe,2021-03-01,67839115,2723.44,1341816.5,30.37,16142.81,137047.0,12656453.86
France,Europe,2021-03-02,67839115,3275.05,1345091.55,50.85,16193.67,138072.05,12794525.91
France,Europe,2021-03-03,67839115,3341.63,1348433.18,25.16,16218.83,139094.39,12933620.31
France,Europe,2021-03-04,67839115,3191.35,1351624.53,42.78,16261.61,140113.79,13073734.09
France,Europe,2021-03-05,67839115,2406.94,1354031.47,33.14,16294.75,141129.97,13214864.06
France,Europe,2021-03-06,67839115,2486.09,1356517.56,45.59,16340.34,142142.7,13357006.76
France,Europe,2021-03-07,67839115,3248.51,1359766.08,26.32,16366.66,143151.7,13500158.46
France,Europe,2021-03-08,67839115,2652.78,1362418.86,44.71,16411.37,144156.72,13644315.18
France,Europe,2021-03-09,67839115,2429.82,1364848.68,24.68,16436.05,145157.5,13789472.68
France,Europe,2021-03-10,67839115,2730.48,1367579.16,29.19,16465.24,146153.77,13935626.46
France,Europe,2021-03-11,67839115,2787.66,1370366.82,23.68,16488.92,147145.27,14082771.73
France,Europe,2021-03-12,67839115,2191.65,1372558.47,17.6,16506.51,148131.72,14230903.45
France,Europe,2021-03-13,67839115,2425.55,1374984.02,32.33,16538.85,149112.86,14380016.31
France,Europe,2021-03-14,67839115,2630.69,1377614.71,22.67,16561.52,150088.42,14530104.73
France,Europe,2021-03-15,67839115,1858.52,1379473.23,28.22,16589.74,151058.11,14681162.84
France,Europe,2021-03-16,67839115,2227.77,1381701.0,21.43,16611.17,152021.67,14833184.5
France,Europe,2021-03-17,67839115,1792.88,1383493.88,11.81,16622.98,152978.81,14986163.31
France,Europe,2021-03-18,67839115,1798.78,1385292.65,17.36,16640.35,153929.27,15140092.59
France,Europe,2021-03-19,67839115,1906.73,1387199.38,25.57,16665.92,154872.76,15294965.35
France,Europe,2021-03-20,67839115,2232.29,1389431.67,24.57,16690.49,155809.01,15450774.35
France,Europe,2021-03-21,67839115,1914.78,1391346.46,23.25,16713.74,156737.72,15607512.07
France,Europe,2021-03-22,67839115,1763.48,1393109.93,26.73,16740.47,157658.63,15765170.7
France,Europe,2021-03-23,67839115,1972.16,1395082.09,32.33,16772.8,158571.45,15923742.16
France,Europe,2021-03-24,67839115,1517.14,1396599.23,15.72,16788.52,159475.9,16083218.06
France,Europe,2021-03-25,67839115,2033.91,1398633.14,16.05,16804.57,160371.7,16243589.76
France,Europe,2021-03-26,67839115,2245.88,1400879.01,27.56,16832.13,161258.57,16404848.33
France,Europe,2021-03-27,67839115,1789.06,1402668.08,25.23,16857.37,162136.22,16566984.55
France,Europe,2021-03-28,67839115,1713.6,1404381.67,8.88,16866.24,163004.38,16729988.93
France,Europe,2021-03-29,67839115,1883.83,1406265.5,15.48,16881.73,163862.76,16893851.69
France,Europe,2021-03-30,67839115,1012.63,1407278.13,6.4,16888.12,164711.09,17058562.78
France,Europe,2021-03-31,67839115,1880.85,1409158.98,20.91,16909.03,165549.09,17224111.88
France,Europe,2021-04-01,67839115,2749.9,1411908.88,26.91,16935.94,166376.48,17390488.36
France,Europe,2021-04-02,67839115,1593.5,1413502.38,24.78,16960.72,167192.99,17557681.35
France,Europe,2021-04-03,67839115,1567.87,1415070.25,5.97,16966.69,167998.33,17725679.68
France,Europe,2021-04-04,67839115,1843.91,1416914.16,9.49,16976.18,168792.24,17894471.92
France,Europe,2021-04-05,67839115,2134.55,1419048.71,22.94,16999.13,169574.45,18064046.38
France,Europe,2021-04-06,67839115,1875.93,1420924.65,21.11,17020.23,170344.69,18234391.06
France,Europe,2021-04-07,67839115,757.23,1421681.87,0.0,17020.23,171102.68,18405493.75
France,Europe,2021-04-08,67839115,1686.87,1423368.75,15.39,17035.62,171848.17,18577341.92
France,Europe,2021-04-09,67839115,2368.85,1425737.6,25.22,17060.84,172580.9,18749922.82
France,Europe,2021-04-10,67839115,1666.54,1427404.14,16.85,17077.69,173300.6,18923223.42
France,Europe,2021-04-11,67839115,1025.62,1428429.76,13.52,17091.21,174007.02,19097230.44
France,Europe,2021-04-12,67839115,1510.44,1429940.2,12.83,17104.05,174699.9,19271930.34
France,Europe,2021-04-13,67839115,946.68,1430886.88,23.18,17127.23,175379.0,19447309.33
France,Europe,2021-04-14,67839115,1810.57,1432697.45,25.63,17152.86,176044.06,19623353.4
France,Europe,2021-04-15,67839115,1029.76,1433727.2,5.9,17158.76,176694.85,19800048.25
France,Europe,2021-04-16,67839115,1376.6,1435103.8,17.28,17176.04,177331.13,19977379.38
France,Europe,2021-04-17,67839115,1037.76,1436141.57,13.45,17189.48,177952.66,20155332.04
France,Europe,2021-04-18,67839115,1135.18,1437276.75,23.34,17212.82,178559.21,20333891.26
France,Europe,2021-04-19,67839115,1836.14,1439112.89,17.23,17230.05,179150.56,20513041.81
France,Europe,2021-04-20,67839115,1342.83,1440455.72,22.25,17252.3,179726.47,20692768.29
France,Europe,2021-04-21,67839115,1102.63,1441558.35,13.57,17265.87,180286.75,20873055.03
France,Europe,2021-04-22,67839115,890.37,1442448.72,22.62,17288.49,180831.16,21053886.19
France,Europe,2021-04-23,67839115,630.05,1443078.77,17.89,17306.38,181359.51,21235245.7
France,Europe,2021-04-24,67839115,842.26,1443921.03,11.68,17318.06,181871.59,21417117.29
France,Europe,2021-04-25,67839115,1315.57,1445236.6,13.69,17331.75,182367.21,21599484.51
France,Europe,2021-04-26,67839115,1616.77,1446853.38,23.45,17355.2,182846.18,21782330.69
France,Europe,2021-04-27,67839115,1076.0,1447929.37,11.47,17366.67,183308.3,21965638.99
France,Europe,2021-04-28,67839115,1821.36,1449750.74,35.3,17401.97,183753.41,22149392.39
France,Europe,2021-04-29,67839115,1021.23,1450771.97,12.88,17414.85,184181.32,22333573.71
France,Europe,2021-04-30,67839115,1190.87,1451962.85,11.05,17425.9,184591.86,22518165.57
France,Europe,2021-05-01,67839115,899.28,1452862.12,7.11,17433.01,184984.89,22703150.46
France,Europe,2021-05-02,67839115,1627.98,1454490.11,9.83,17442.84,185360.24,22888510.7
France,Europe,2021-05-03,67839115,2020.57,1456510.68,28.7,17471.54,185717.76,23074228.45
France,Europe,2021-05-04,67839115,676.17,1457186.85,1.55,17473.1,186057.31,23260285.76
France,Europe,2021-05-05,67839115,1179.15,1458366.01,22.94,17496.03,186378.75,23446664.51
France,Europe,2021-05-06,67839115,1751.62,1460117.63,10.68,17506.71,186681.97,23633346.48
France,Europe,2021-05-07,67839115,812.3,1460929.93,10.77,17517.47,186966.83,23820313.32
France,Europe,2021-05-08,67839115,1527.99,1462457.92,27.54,17545.01,187233.23,24007546.54
France,Europe,2021-05-09,67839115,1769.22,1464227.14,4.01,17549.02,187481.04,24195027.59
France,Europe,2021-05-10,67839115,1382.27,1465609.41,32.73,17581.76,187710.19,24382737.77
France,Europe,2021-05-11,67839115,1561.81,1467171.22,15.34,17597.1,187920.57,24570658.34
France,Europe,2021-05-12,67839115,2000.99,1469172.21,25.14,17622.24,188112.09,24758770.43
France,Europe,2021-05-13,67839115,2083.21,1471255.42,29.57,17651.81,188284.68,24947055.11
France,Europe,2021-05-14,67839115,1397.29,1472652.71,22.58,17674.38,188438.28,25135493.39
France,Europe,2021-05-15,67839115,1251.48,1473904.2,17.21,17691.59,188572.81,25324066.2
France,Europe,2021-05-16,67839115,1135.78,1475039.98,21.61,17713.2,188688.23,25512754.43
France,Europe,2021-05-17,67839115,1820.79,1476860.77,26.0,17739.2,188784.48,25701538.91
France,Europe,2021-05-18,67839115,1020.92,1477881.68,26.34,17765.54,188861.53,25890400.44
France,Europe,2021-05-19,67839115,1435.93,1479317.62,21.41,17786.95,188919.34,26079319.78
France,Europe,2021-05-20,67839115,1584.68,1480902.29,34.73,17821.68,188957.9,26268277.67
France,Europe,2021-05-21,67839115,1398.18,1482300.47,23.99,17845.67,188977.18,26457254.85
France,Europe,2021-05-22,67839115,1698.76,1483999.23,5.94,17851.61,188977.18,26646232.03
France,Europe,2021-05-23,67839115,2526.07,1486525.3,51.2,17902.81,188957.9,26835189.92
France,Europe,2021-05-24,67839115,1614.68,1488139.99,14.78,17917.59,188919.34,27024109.26
France,Europe,2021-05-25,67839115,1534.67,1489674.66,30.38,17947.97,188861.53,27212970.79
France,Europe,2021-05-26,67839115,2073.32,1491747.98,25.09,17973.07,188784.48,27401755.27
France,Europe,2021-05-27,67839115,1833.75,1493581.73,30.49,18003.56,188688.23,27590443.5
France,Europe,2021-05-28,67839115,2286.65,1495868.38,21.93,18025.49,188572.81,27779016.31
France,Europe,2021-05-29,67839115,1874.55,1497742.93,27.5,18052.99,188438.28,27967454.59
France,Europe,2021-05-30,67839115,1765.02,1499507.95,19.15,18072.15,188284.68,28155739.27
France,Europe,2021-05-31,67839115,1263.73,1500771.68,27.8,18099.94,188112.09,28343851.36
France,Europe,2021-06-01,67839115,1358.21,1502129.89,19.81,18119.75,187920.57,28531771.93
France,Europe,2021-06-02,67839115,1320.7,1503450.59,23.34,18143.09,187710.19,28719482.11
France,Europe,2021-06-03,67839115,2135.02,1505585.62,8.31,18151.4,187481.04,28906963.16
France,Europe,2021-06-04,67839115,1565.5,1507151.12,18.1,18169.5,187233.23,29094196.38
France,Europe,2021-06-05,67839115,2522.74,1509673.85,33.56,18203.06,186966.83,29281163.22
France,Europe,2021-06-06,67839115,2135.81,1511809.66,27.42,18230.47,186681.97,29467845.19
France,Europe,2021-06-07,67839115,2082.63,1513892.29,32.68,18263.15,186378.75,29654223.94
France,Europe,2021-06-08,67839115,1916.54,1515808.84,20.07,18283.23,186057.31,29840281.25
France,Europe,2021-06-09,67839115,2474.38,1518283.21,30.08,18313.31,185717.76,30025999.0
France,Europe,2021-06-10,67839115,2020.6,1520303.81,33.7,18347.01,185360.24,30211359.24
France,Europe,2021-06-11,67839115,2003.74,1522307.55,5.82,18352.82,184984.89,30396344.13
France,Europe,2021-06-12,67839115,2811.86,1525119.41,38.46,18391.28,184591.86,30580935.99
France,Europe,2021-06-13,67839115,2568.2,1527687.61,28.15,18419.43,184181.32,30765117.31
France,Europe,2021-06-14,67839115,2410.83,1530098.45,21.63,18441.06,183753.41,30948870.71
France,Europe,2021-06-15,67839115,2767.33,1532865.77,35.9,18476.96,183308.3,31132179.01
France,Europe,2021-06-16,67839115,2596.51,1535462.28,40.98,18517.93,182846.18,31315025.19
France,Europe,2021-06-17,67839115,2778.75,1538241.04,41.66,18559.59,182367.21,31497392.41
France,Europe,2021-06-18,67839115,2410.86,1540651.9,27.85,18587.44,181871.59,31679264.0
France,Europe,2021-06-19,67839115,3474.18,1544126.07,48.7,18636.14,181359.51,31860623.51
France,Europe,2021-06-20,67839115,2600.15,1546726.23,38.15,18674.29,180831.16,32041454.67
France,Europe,2021-06-21,67839115,3401.78,1550128.01,40.12,18714.41,180286.75,32221741.41
France,Europe,2021-06-22,67839115,2845.89,1552973.9,28.61,18743.01,179726.47,32401467.89
France,Europe,2021-06-23,67839115,3249.92,1556223.82,33.92,18776.93,179150.56,32580618.44
France,Europe,2021-06-24,67839115,3280.47,1559504.28,46.07,18823.0,178559.21,32759177.66
France,Europe,2021-06-25,67839115,3481.52,1562985.81,41.44,18864.44,177952.66,32937130.32
France,Europe,2021-06-26,67839115,2843.1,1565828.91,25.75,18890.19,177331.13,33114461.45
France,Europe,2021-06-27,67839115,3571.51,1569400.42,29.38,18919.57,176694.85,33291156.3
France,Europe,2021-06-28,67839115,3899.53,1573299.95,53.45,18973.02,176044.06,33467200.37
France,Europe,2021-06-29,67839115,3221.44,1576521.38,34.28,19007.3,175379.0,33642579.36
France,Europe,2021-06-30,67839115,3383.29,1579904.67,43.24,19050.54,174699.9,33817279.26
France,Europe,2021-07-01,67839115,3247.51,1583152.18,48.89,19099.43,174007.02,33991286.28
France,Europe,2021-07-02,67839115,3369.44,1586521.62,29.96,19129.39,173300.6,34164586.88
France,Europe,2021-07-03,67839115,4150.03,1590671.65,49.44,19178.83,172580.9,34337167.78
France,Europe,2021-07-04,67839115,3260.22,1593931.87,37.76,19216.59,171848.17,34509015.95
France,Europe,2021-07-05,67839115,3342.94,1597274.81,43.15,19259.74,171102.68,34680118.64
France,Europe,2021-07-06,67839115,4297.74,1601572.55,61.49,19321.23,170344.69,34850463.32
France,Europe,2021-07-07,67839115,4014.01,1605586.56,37.53,19358.76,169574.45,35020037.78
France,Europe,2021-07-08,67839115,4599.24,1610185.8,59.75,19418.51,168792.24,35188830.02
France,Europe,2021-07-09,67839115,3761.34,1613947.14,53.39,19471.9,167998.33,35356828.35
France,Europe,2021-07-10,67839115,4025.21,1617972.35,46.81,19518.71,167192.99,35524021.34
France,Europe,2021-07-11,67839115,3811.9,1621784.25,44.64,19563.35,166376.48,35690397.82
France,Europe,2021-07-12,67839115,4155.5,1625939.75,53.21,19616.57,165549.09,35855946.92
France,Europe,2021-07-13,67839115,3546.66,1629486.41,45.32,19661.88,164711.09,36020658.01
France,Europe,2021-07-14,67839115,4469.58,1633956.0,58.29,19720.18,163862.76,36184520.77
France,Europe,2021-07-15,67839115,4405.3,1638361.29,57.35,19777.53,163004.38,36347525.15
France,Europe,2021-07-16,67839115,4334.1,1642695.39,44.15,19821.69,162136.22,36509661.37
France,Europe,2021-07-17,67839115,4279.69,1646975.08,59.28,19880.96,161258.57,36670919.94
France,Europe,2021-07-18,67839115,4165.09,1651140.17,59.32,19940.28,160371.7,36831291.64
France,Europe,2021-07-19,67839115,4794.72,1655934.89,59.03,19999.3,159475.9,36990767.54
France,Europe,2021-07-20,67839115,4191.7,1660126.58,38.35,20037.65,158571.45,37149339.0
France,Europe,2021-07-21,67839115,4842.06,1664968.64,57.19,20094.84,157658.63,37306997.63
France,Europe,2021-07-22,67839115,5449.99,1670418.63,66.96,20161.79,156737.72,37463735.35
France,Europe,2021-07-23,67839115,5304.58,1675723.21,54.5,20216.29,155809.01,37619544.35
France,Europe,2021-07-24,67839115,4318.22,1680041.43,48.94,20265.23,154872.76,37774417.11
France,Europe,2021-07-25,67839115,4717.14,1684758.57,45.33,20310.56,153929.27,37928346.39
France,Europe,2021-07-26,67839115,5112.05,1689870.62,66.2,20376.76,152978.81,38081325.2
France,Europe,2021-07-27,67839115,4999.03,1694869.65,61.32,20438.08,152021.67,38233346.86
France,Europe,2021-07-28,67839115,4592.41,1699462.06,41.94,20480.02,151058.11,38384404.97
France,Europe,2021-07-29,67839115,5275.11,1704737.17,66.11,20546.13,150088.42,38534493.39
France,Europe,2021-07-30,67839115,5194.21,1709931.38,61.88,20608.01,149112.86,38683606.25
France,Europe,2021-07-31,67839115,5924.58,1715855.96,75.23,20683.24,148131.72,38831737.97
France,Europe,2021-08-01,67839115,5222.14,1721078.09,59.53,20742.77,147145.27,38978883.24
France,Europe,2021-08-02,67839115,5775.08,1726853.18,62.89,20805.66,146153.77,39125037.02
France,Europe,2021-08-03,67839115,4977.59,1731830.77,53.56,20859.23,145157.5,39270194.52
France,Europe,2021-08-04,67839115,5115.3,1736946.07,57.08,20916.3,144156.72,39414351.24
France,Europe,2021-08-05,67839115,5780.92,1742726.99,69.52,20985.83,143151.7,39557502.94
France,Europe,2021-08-06,67839115,5960.05,1748687.04,72.7,21058.53,142142.7,39699645.64
France,Europe,2021-08-07,67839115,5297.19,1753984.23,62.04,21120.57,141129.97,39840775.61
France,Europe,2021-08-08,67839115,5691.34,1759675.57,64.91,21185.48,140113.79,39980889.39
France,Europe,2021-08-09,67839115,5249.06,1764924.64,60.18,21245.66,139094.39,40119983.79
France,Europe,2021-08-10,67839115,5717.92,1770642.55,88.68,21334.33,138072.05,40258055.84
France,Europe,2021-08-11,67839115,6121.99,1776764.55,67.3,21401.63,137047.0,40395102.84
France,Europe,2021-08-12,67839115,5723.52,1782488.07,64.22,21465.85,136019.49,40531122.33
France,Europe,2021-08-13,67839115,5834.22,1788322.29,96.36,21562.21,134989.78,40666112.11
France,Europe,2021-08-14,67839115,5570.47,1793892.76,70.21,21632.43,133958.09,40800070.2
France,Europe,2021-08-15,67839115,5782.36,1799675.11,58.35,21690.77,132924.68,40932994.88
France,Europe,2021-08-16,67839115,6666.84,1806341.96,86.74,21777.52,131889.77,41064884.65
France,Europe,2021-08-17,67839115,6118.06,1812460.01,66.14,21843.65,130853.6,41195738.25
France,Europe,2021-08-18,67839115,5781.53,1818241.55,76.65,21920.31,129816.4,41325554.65
France,Europe,2021-08-19,67839115,6060.73,1824302.28,71.04,21991.35,128778.39,41454333.04
France,Europe,2021-08-20,67839115,5649.08,1829951.35,64.27,22055.62,127739.8,41582072.83
France,Europe,2021-08-21,67839115,5889.19,1835840.54,83.54,22139.16,126700.84,41708773.68
France,Europe,2021-08-22,67839115,6754.91,1842595.45,85.59,22224.75,125661.74,41834435.42
France,Europe,2021-08-23,67839115,6262.2,1848857.65,82.93,22307.68,124622.71,41959058.12
France,Europe,2021-08-24,67839115,7005.73,1855863.38,87.55,22395.23,123583.95,42082642.07
France,Europe,2021-08-25,67839115,6341.1,1862204.49,72.54,22467.77,122545.67,42205187.73
France,Europe,2021-08-26,67839115,6390.96,1868595.44,81.58,22549.35,121508.07,42326695.8
France,Europe,2021-08-27,67839115,6655.49,1875250.93,89.54,22638.89,120471.35,42447167.15
France,Europe,2021-08-28,67839115,5521.92,1880772.85,67.34,22706.23,119435.71,42566602.86
France,Europe,2021-08-29,67839115,6553.73,1887326.58,93.06,22799.29,118401.34,42685004.2
France,Europe,2021-08-30,67839115,6488.02,1893814.6,84.66,22883.95,117368.42,42802372.62
France,Europe,2021-08-31,67839115,7046.92,1900861.52,86.26,22970.21,116337.14,42918709.76
France,Europe,2021-09-01,67839115,6884.54,1907746.06,84.63,23054.83,115307.68,43034017.44
France,Europe,2021-09-02,67839115,6168.66,1913914.72,75.12,23129.95,114280.21,43148297.64
France,Europe,2021-09-03,67839115,7017.18,1920931.9,74.2,23204.15,113254.91,43261552.55
France,Europe,2021-09-04,67839115,6506.02,1927437.91,77.35,23281.5,112231.94,43373784.49
France,Europe,2021-09-05,67839115,6295.07,1933732.99,77.31,23358.81,111211.47,43484995.96
France,Europe,2021-09-06,67839115,6692.82,1940425.81,76.99,23435.8,110193.67,43595189.63
France,Europe,2021-09-07,67839115,6563.46,1946989.26,81.46,23517.26,109178.68,43704368.31
France,Europe,2021-09-08,67839115,7181.86,1954171.12,86.35,23603.61,108166.67,43812534.98
France,Europe,2021-09-09,67839115,6769.96,1960941.08,87.43,23691.04,107157.78,43919692.76
France,Europe,2021-09-10,67839115,6728.43,1967669.51,86.05,23777.09,106152.15,44025844.91
France,Europe,2021-09-11,67839115,6975.75,1974645.25,85.05,23862.13,105149.94,44130994.85
France,Europe,2021-09-12,67839115,7045.46,1981690.71,73.61,23935.74,104151.27,44235146.12
France,Europe,2021-09-13,67839115,6938.01,1988628.72,97.58,24033.32,103156.29,44338302.41
France,Europe,2021-09-14,67839115,7159.7,1995788.42,84.78,24118.11,102165.12,44440467.53
France,Europe,2021-09-15,67839115,6873.44,2002661.86,81.83,24199.94,101177.9,44541645.43
France,Europe,2021-09-16,67839115,6714.94,2009376.79,77.84,24277.78,100194.74,44641840.17
France,Europe,2021-09-17,67839115,7084.2,2016460.99,81.1,24358.88,99215.76,44741055.93
France,Europe,2021-09-18,67839115,6611.26,2023072.26,91.69,24450.57,98241.09,44839297.02
France,Europe,2021-09-19,67839115,6645.68,2029717.93,90.84,24541.41,97270.83,44936567.86
France,Europe,2021-09-20,67839115,7225.94,2036943.87,90.27,24631.67,96305.1,45032872.96
France,Europe,2021-09-21,67839115,7178.79,2044122.65,85.29,24716.96,95344.0,45128216.96
France,Europe,2021-09-22,67839115,6594.37,2050717.03,84.09,24801.04,94387.63,45222604.59
France,Europe,2021-09-23,67839115,6423.02,2057140.05,77.67,24878.71,93436.09,45316040.68
France,Europe,2021-09-24,67839115,7076.82,2064216.86,83.4,24962.11,92489.48,45408530.15
France,Europe,2021-09-25,67839115,6826.22,2071043.09,84.62,25046.73,91547.88,45500078.03
France,Europe,2021-09-26,67839115,6636.35,2077679.44,76.11,25122.84,90611.39,45590689.42
France,Europe,2021-09-27,67839115,6391.51,2084070.95,78.72,25201.55,89680.1,45680369.52
France,Europe,2021-09-28,67839115,6597.0,2090667.95,80.8,25282.35,88754.07,45769123.59
France,Europe,2021-09-29,67839115,6448.55,2097116.49,82.21,25364.56,87833.4,45856956.99
France,Europe,2021-09-30,67839115,6197.37,2103313.86,69.42,25433.97,86918.16,45943875.15
France,Europe,2021-10-01,67839115,6447.32,2109761.18,83.05,25517.02,86008.42,46029883.57
France,Europe,2021-10-02,67839115,6465.87,2116227.04,70.34,25587.36,85104.25,46114987.82
France,Europe,2021-10-03,67839115,6210.96,2122438.01,69.95,25657.31,84205.71,46199193.53
France,Europe,2021-10-04,67839115,6626.66,2129064.66,75.29,25732.6,83312.87,46282506.4
France,Europe,2021-10-05,67839115,6727.99,2135792.66,72.16,25804.76,82425.79,46364932.19
France,Europe,2021-10-06,67839115,6581.59,2142374.25,87.1,25891.86,81544.53,46446476.72
France,Europe,2021-10-07,67839115,6109.32,2148483.56,65.56,25957.42,80669.14,46527145.86
France,Europe,2021-10-08,67839115,6433.11,2154916.67,71.61,26029.03,79799.67,46606945.53
France,Europe,2021-10-09,67839115,6157.13,2161073.8,83.93,26112.96,78936.16,46685881.69
France,Europe,2021-10-10,67839115,5657.35,2166731.16,63.32,26176.28,78078.68,46763960.37
France,Europe,2021-10-11,67839115,6284.11,2173015.26,73.9,26250.19,77227.25,46841187.62
France,Europe,2021-10-12,67839115,6057.38,2179072.64,64.59,26314.78,76381.92,46917569.54
France,Europe,2021-10-13,67839115,6870.38,2185943.02,89.11,26403.89,75542.73,46993112.28
France,Europe,2021-10-14,67839115,6427.94,2192370.96,83.91,26487.8,74709.72,47067821.99
France,Europe,2021-10-15,67839115,6120.95,2198491.91,79.36,26567.16,73882.9,47141704.9
France,Europe,2021-10-16,67839115,5912.32,2204404.23,75.25,26642.41,73062.33,47214767.22
France,Europe,2021-10-17,67839115,5834.43,2210238.66,70.6,26713.01,72248.01,47287015.24
France,Europe,2021-10-18,67839115,5376.83,2215615.49,60.33,26773.34,71439.99,47358455.23
France,Europe,2021-10-19,67839115,5069.48,2220684.97,54.31,26827.65,70638.28,47429093.5
France,Europe,2021-10-20,67839115,5321.79,2226006.76,74.18,26901.83,69842.9,47498936.4
France,Europe,2021-10-21,67839115,5558.62,2231565.37,72.82,26974.65,69053.87,47567990.27
France,Europe,2021-10-22,67839115,4785.63,2236351.0,51.88,27026.53,68271.21,47636261.48
France,Europe,2021-10-23,67839115,5278.45,2241629.45,63.66,27090.19,67494.93,47703756.41
France,Europe,2021-10-24,67839115,5327.88,2246957.34,61.53,27151.73,66725.05,47770481.46
France,Europe,2021-10-25,67839115,5283.95,2252241.28,54.38,27206.11,65961.57,47836443.03
France,Europe,2021-10-26,67839115,5071.8,2257313.08,62.28,27268.39,65204.51,47901647.54
France,Europe,2021-10-27,67839115,5127.21,2262440.29,58.2,27326.59,64453.86,47966101.4
France,Europe,2021-10-28,67839115,5792.77,2268233.06,61.89,27388.49,63709.64,48029811.04
France,Europe,2021-10-29,67839115,5363.18,2273596.24,52.53,27441.01,62971.85,48092782.9
France,Europe,2021-10-30,67839115,4876.74,2278472.98,46.01,27487.02,62240.49,48155023.38
France,Europe,2021-10-31,67839115,4989.78,2283462.76,56.91,27543.93,61515.55,48216538.93
France,Europe,2021-11-01,67839115,4944.11,2288406.87,58.65,27602.58,60797.03,48277335.96
France,Europe,2021-11-02,67839115,4625.05,2293031.92,48.5,27651.08,60084.94,48337420.9
France,Europe,2021-11-03,67839115,4564.0,2297595.92,59.97,27711.05,59379.26,48396800.15
France,Europe,2021-11-04,67839115,5125.81,2302721.72,60.99,27772.03,58679.98,48455480.14
France,Europe,2021-11-05,67839115,4563.74,2307285.46,59.38,27831.41,57987.11,48513467.24
France,Europe,2021-11-06,67839115,4265.7,2311551.15,49.73,27881.14,57300.62,48570767.86
France,Europe,2021-11-07,67839115,4571.6,2316122.76,48.56,27929.7,56620.5,48627388.37
France,Europe,2021-11-08,67839115,4565.58,2320688.33,55.7,27985.4,55946.75,48683335.12
France,Europe,2021-11-09,67839115,3771.15,2324459.48,35.15,28020.55,55279.35,48738614.46
France,Europe,2021-11-10,67839115,4384.44,2328843.92,56.93,28077.48,54618.27,48793232.73
France,Europe,2021-11-11,67839115,4639.41,2333483.34,48.18,28125.66,53963.51,48847196.25
France,Europe,2021-11-12,67839115,4430.32,2337913.65,60.51,28186.17,53315.05,48900511.3
France,Europe,2021-11-13,67839115,4989.47,2342903.12,57.17,28243.33,52672.86,48953184.16
France,Europe,2021-11-14,67839115,4583.5,2347486.62,63.5,28306.84,52036.93,49005221.09
France,Europe,2021-11-15,67839115,4589.25,2352075.87,46.09,28352.93,51407.23,49056628.32
France,Europe,2021-11-16,67839115,4998.65,2357074.52,54.56,28407.49,50783.74,49107412.06
France,Europe,2021-11-17,67839115,4220.48,2361295.0,53.69,28461.18,50166.44,49157578.5
France,Europe,2021-11-18,67839115,3948.75,2365243.75,56.75,28517.93,49555.3,49207133.8
France,Europe,2021-11-19,67839115,4169.1,2369412.85,63.36,28581.29,48950.29,49256084.09
France,Europe,2021-11-20,67839115,3569.29,2372982.14,43.16,28624.45,48351.39,49304435.48
France,Europe,2021-11-21,67839115,3739.56,2376721.7,59.58,28684.03,47758.58,49352194.06
France,Europe,2021-11-22,67839115,3412.19,2380133.89,38.63,28722.66,47171.81,49399365.87
France,Europe,2021-11-23,67839115,3715.39,2383849.28,53.37,28776.04,46591.07,49445956.93
France,Europe,2021-11-24,67839115,3285.35,2387134.63,31.89,28807.92,46016.32,49491973.25
France,Europe,2021-11-25,67839115,3210.75,2390345.38,41.89,28849.81,45447.53,49537420.78
France,Europe,2021-11-26,67839115,3533.83,2393879.21,23.67,28873.48,44884.66,49582305.44
France,Europe,2021-11-27,67839115,3279.14,2397158.34,30.38,28903.86,44327.7,49626633.14
France,Europe,2021-11-28,67839115,2591.25,2399749.6,34.83,28938.69,43776.6,49670409.74
France,Europe,2021-11-29,67839115,2695.33,2402444.93,21.84,28960.53,43231.33,49713641.07
France,Europe,2021-11-30,67839115,2742.49,2405187.41,36.33,28996.86,42691.85,49756332.92
France,Europe,2021-12-01,67839115,2774.64,2407962.05,40.55,29037.41,42158.14,49798491.05
France,Europe,2021-12-02,67839115,3168.78,2411130.84,34.01,29071.42,41630.14,49840121.2
France,Europe,2021-12-03,67839115,3040.86,2414171.69,28.74,29100.16,41107.84,49881229.04
France,Europe,2021-12-04,67839115,3278.02,2417449.72,35.54,29135.7,40591.19,49921820.23
France,Europe,2021-12-05,67839115,3110.07,2420559.79,29.59,29165.3,40080.15,49961900.38
France,Europe,2021-12-06,67839115,3163.67,2423723.46,37.15,29202.45,39574.69,50001475.08
France,Europe,2021-12-07,67839115,2943.87,2426667.33,36.14,29238.6,39074.78,50040549.85
France,Europe,2021-12-08,67839115,2747.27,2429414.6,30.52,29269.11,38580.36,50079130.21
France,Europe,2021-12-09,67839115,3002.15,2432416.74,49.42,29318.54,38091.4,50117221.61
France,Europe,2021-12-10,67839115,2883.23,2435299.97,28.84,29347.38,37607.87,50154829.48
France,Europe,2021-12-11,67839115,2637.7,2437937.68,42.78,29390.16,37129.72,50191959.2
France,Europe,2021-12-12,67839115,2896.17,2440833.85,26.42,29416.59,36656.92,50228616.12
France,Europe,2021-12-13,67839115,1576.1,2442409.95,19.5,29436.08,36189.42,50264805.53
France,Europe,2021-12-14,67839115,2241.92,2444651.86,36.37,29472.45,35727.18,50300532.71
France,Europe,2021-12-15,67839115,2183.63,2446835.49,35.25,29507.7,35270.17,50335802.88
France,Europe,2021-12-16,67839115,2641.82,2449477.31,28.34,29536.04,34818.34,50370621.22
France,Europe,2021-12-17,67839115,2736.74,2452214.06,37.28,29573.33,34371.65,50404992.87
France,Europe,2021-12-18,67839115,1628.23,2453842.29,22.91,29596.23,33930.06,50438922.94
France,Europe,2021-12-19,67839115,2579.42,2456421.71,26.63,29622.87,33493.54,50472416.48
France,Europe,2021-12-20,67839115,1625.89,2458047.6,24.44,29647.31,33062.03,50505478.51
France,Europe,2021-12-21,67839115,1587.56,2459635.16,33.95,29681.26,32635.5,50538114.0
France,Europe,2021-12-22,67839115,1856.76,2461491.92,26.05,29707.31,32213.9,50570327.9
France,Europe,2021-12-23,67839115,1779.87,2463271.79,25.89,29733.2,31797.2,50602125.1
France,Europe,2021-12-24,67839115,1298.99,2464570.77,20.97,29754.17,31385.34,50633510.44
France,Europe,2021-12-25,67839115,2025.8,2466596.57,12.62,29766.79,30978.3,50664488.74
France,Europe,2021-12-26,67839115,1990.75,2468587.33,27.57,29794.36,30576.02,50695064.76
France,Europe,2021-12-27,67839115,2077.23,2470664.55,16.79,29811.15,30178.47,50725243.24
France,Europe,2021-12-28,67839115,1512.68,2472177.23,13.43,29824.58,29785.61,50755028.85
France,Europe,2021-12-29,67839115,1607.34,2473784.56,36.58,29861.17,29397.38,50784426.23
France,Europe,2021-12-30,67839115,1568.07,2475352.64,16.79,29877.96,29013.76,50813439.99
France,Europe,2021-12-31,67839115,2127.79,2477480.43,19.61,29897.57,28634.69,50842074.68
France,Europe,2022-01-01,67839115,504.01,2477984.43,15.27,29912.84,28260.14,50870334.82
France,Europe,2022-01-02,67839115,1120.8,2479105.23,5.87,29918.71,27890.06,50898224.88
France,Europe,2022-01-03,67839115,1418.14,2480523.37,13.44,29932.15,27524.41,50925749.29
France,Europe,2022-01-04,67839115,997.45,2481520.82,21.96,29954.11,27163.16,50952912.45
France,Europe,2022-01-05,67839115,1248.92,2482769.74,15.33,29969.44,26806.25,50979718.7
France,Europe,2022-01-06,67839115,1257.87,2484027.61,2.6,29972.04,26453.65,51006172.35
France,Europe,2022-01-07,67839115,1035.2,2485062.81,16.77,29988.81,26105.31,51032277.66
France,Europe,2022-01-08,67839115,1252.08,2486314.89,11.85,30000.67,25761.2,51058038.86
France,Europe,2022-01-09,67839115,1414.2,2487729.09,29.29,30029.95,25421.27,51083460.13
France,Europe,2022-01-10,67839115,1077.22,2488806.31,8.08,30038.03,25085.48,51108545.61
France,Europe,2022-01-11,67839115,967.57,2489773.88,20.02,30058.05,24753.79,51133299.4
France,Europe,2022-01-12,67839115,1035.16,2490809.04,26.63,30084.68,24426.16,51157725.56
France,Europe,2022-01-13,67839115,1058.26,2491867.3,5.89,30090.57,24102.55,51181828.1
France,Europe,2022-01-14,67839115,420.15,2492287.45,3.5,30094.07,23782.92,51205611.02
France,Europe,2022-01-15,67839115,1159.89,2493447.34,17.03,30111.1,23467.22,51229078.24
France,Europe,2022-01-16,67839115,810.27,2494257.61,2.86,30113.96,23155.42,51252233.66
France,Europe,2022-01-17,67839115,1380.12,2495637.73,18.72,30132.68,22847.48,51275081.14
France,Europe,2022-01-18,67839115,1116.59,2496754.32,11.6,30144.28,22543.35,51297624.49
France,Europe,2022-01-19,67839115,1291.05,2498045.37,13.53,30157.82,22243.01,51319867.5
France,Europe,2022-01-20,67839115,500.15,2498545.52,6.39,30164.21,21946.4,51341813.89
France,Europe,2022-01-21,67839115,697.14,2499242.66,8.94,30173.14,21653.49,51363467.38
France,Europe,2022-01-22,67839115,366.03,2499608.69,5.7,30178.85,21364.24,51384831.62
France,Europe,2022-01-23,67839115,528.49,2500137.18,1.55,30180.4,21078.61,51405910.22
France,Europe,2022-01-24,67839115,1188.59,2501325.77,9.82,30190.22,20796.56,51426706.78
France,Europe,2022-01-25,67839115,1246.64,2502572.42,14.01,30204.23,20518.05,51447224.83
France,Europe,2022-01-26,67839115,300.46,2502872.88,3.25,30207.48,20243.05,51467467.88
France,Europe,2022-01-27,67839115,518.8,2503391.68,2.71,30210.19,19971.52,51487439.41
France,Europe,2022-01-28,67839115,630.02,2504021.7,10.15,30220.35,19703.42,51507142.83
France,Europe,2022-01-29,67839115,839.73,2504861.43,0.0,30220.35,19438.71,51526581.53
France,Europe,2022-01-30,67839115,0.0,2504861.43,0.0,30220.35,19177.35,51545758.89
France,Europe,2022-01-31,67839115,31.61,2504893.04,0.0,30220.35,18919.32,51564678.21
Germany,Europe,2020-02-01,83783945,0.0,0.0,1.02,1.02,0.0,0.0
Germany,Europe,2020-02-02,83783945,54.31,54.31,6.7,7.72,0.0,0.0
Germany,Europe,2020-02-03,83783945,5.82,60.13,0.0,7.72,0.0,0.0
Germany,Europe,2020-02-04,83783945,17.36,77.48,0.0,7.72,0.0,0.0
Germany,Europe,2020-02-05,83783945,0.0,77.48,2.92,10.64,0.0,0.0
Germany,Europe,2020-02-06,83783945,10.17,87.66,0.0,10.64,0.0,0.0
Germany,Europe,2020-02-07,83783945,0.0,87.66,0.0,10.64,0.0,0.0
Germany,Europe,2020-02-08,83783945,0.0,87.66,8.81,19.44,0.0,0.0
Germany,Europe,2020-02-09,83783945,0.0,87.66,8.02,27.47,0.0,0.0
Germany,Europe,2020-02-10,83783945,0.0,87.66,2.99,30.46,0.0,0.0
Germany,Europe,2020-02-11,83783945,0.0,87.66,7.06,37.52,0.0,0.0
Germany,Europe,2020-02-12,83783945,0.0,87.66,1.72,39.24,0.0,0.0
Germany,Europe,2020-02-13,83783945,306.67,394.33,8.12,47.36,0.0,0.0
Germany,Europe,2020-02-14,83783945,207.12,601.45,0.0,47.36,0.0,0.0
Germany,Europe,2020-02-15,83783945,327.81,929.26,4.86,52.23,0.0,0.0
Germany,Europe,2020-02-16,83783945,367.95,1297.21,0.0,52.23,0.0,0.0
Germany,Europe,2020-02-17,83783945,223.2,1520.41,12.79,65.01,0.0,0.0
Germany,Europe,2020-02-18,83783945,0.0,1520.41,12.17,77.18,0.0,0.0
Germany,Europe,2020-02-19,83783945,0.0,1520.41,11.04,88.22,0.0,0.0
Germany,Europe,2020-02-20,83783945,408.91,1929.32,1.64,89.87,0.0,0.0
Germany,Europe,2020-02-21,83783945,115.69,2045.01,0.0,89.87,0.0,0.0
Germany,Europe,2020-02-22,83783945,876.4,2921.41,20.73,110.6,0.0,0.0
Germany,Europe,2020-02-23,83783945,0.8,2922.21,4.36,114.96,0.0,0.0
Germany,Europe,2020-02-24,83783945,793.88,3716.09,12.16,127.11,0.0,0.0
Germany,Europe,2020-02-25,83783945,89.0,3805.09,0.0,127.11,0.0,0.0
Germany,Europe,2020-02-26,83783945,619.68,4424.77,10.84,137.96,0.0,0.0
Germany,Europe,2020-02-27,83783945,754.49,5179.25,0.37,138.33,0.0,0.0
Germany,Europe,2020-02-28,83783945,0.0,5179.25,5.07,143.4,0.0,0.0
Germany,Europe,2020-02-29,83783945,9.32,5188.57,11.14,154.54,0.0,0.0
Germany,Europe,2020-03-01,83783945,0.0,5188.57,13.05,167.59,0.0,0.0
Germany,Europe,2020-03-02,83783945,0.0,5188.57,5.67,173.26,0.0,0.0
Germany,Europe,2020-03-03,83783945,443.57,5632.14,0.0,173.26,0.0,0.0
Germany,Europe,2020-03-04,83783945,152.59,5784.73,3.41,176.67,0.0,0.0
Germany,Europe,2020-03-05,83783945,251.57,6036.3,20.14,196.8,0.0,0.0
Germany,Europe,2020-03-06,83783945,440.28,6476.58,0.0,196.8,0.0,0.0
Germany,Europe,2020-03-07,83783945,0.0,6476.58,0.0,196.8,0.0,0.0
Germany,Europe,2020-03-08,83783945,722.35,7198.93,19.98,216.78,0.0,0.0
Germany,Europe,2020-03-09,83783945,163.87,7362.8,6.9,223.68,0.0,0.0
Germany,Europe,2020-03-10,83783945,487.06,7849.86,25.69,249.37,0.0,0.0
Germany,Europe,2020-03-11,83783945,533.26,8383.11,0.54,249.91,0.0,0.0
Germany,Europe,2020-03-12,83783945,811.72,9194.83,1.82,251.73,0.0,0.0
Germany,Europe,2020-03-13,83783945,311.83,9506.66,13.53,265.26,0.0,0.0
Germany,Europe,2020-03-14,83783945,0.0,9506.66,0.0,265.26,0.0,0.0
Germany,Europe,2020-03-15,83783945,403.77,9910.43,3.27,268.54,0.0,0.0
Germany,Europe,2020-03-16,83783945,472.72,10383.15,5.15,273.68,0.0,0.0
Germany,Europe,2020-03-17,83783945,59.91,10443.06,9.01,282.69,0.0,0.0
Germany,Europe,2020-03-18,83783945,493.71,10936.77,10.84,293.53,0.0,0.0
Germany,Europe,2020-03-19,83783945,336.7,11273.47,7.7,301.23,0.0,0.0
Germany,Europe,2020-03-20,83783945,14.85,11288.32,0.0,301.23,0.0,0.0
Germany,Europe,2020-03-21,83783945,742.41,12030.74,18.63,319.85,0.0,0.0
Germany,Europe,2020-03-22,83783945,333.5,12364.24,36.21,356.06,0.0,0.0
Germany,Europe,2020-03-23,83783945,412.84,12777.07,10.48,366.55,0.0,0.0
Germany,Europe,2020-03-24,83783945,418.31,13195.38,5.82,372.36,0.0,0.0
Germany,Europe,2020-03-25,83783945,1038.66,14234.04,2.08,374.45,0.0,0.0
Germany,Europe,2020-03-26,83783945,618.86,14852.89,2.33,376.77,0.0,0.0
Germany,Europe,2020-03-27,83783945,688.73,15541.62,6.56,383.33,0.0,0.0
Germany,Europe,2020-03-28,83783945,535.63,16077.25,2.15,385.48,0.0,0.0
Germany,Europe,2020-03-29,83783945,881.63,16958.88,10.45,395.93,0.0,0.0
Germany,Europe,2020-03-30,83783945,1222.64,18181.52,28.9,424.82,0.0,0.0
Germany,Europe,2020-03-31,83783945,1008.88,19190.4,22.08,446.91,0.0,0.0
Germany,Europe,2020-04-01,83783945,1055.29,20245.69,11.39,458.3,0.0,0.0
Germany,Europe,2020-04-02,83783945,1060.85,21306.54,3.06,461.36,0.0,0.0
Germany,Europe,2020-04-03,83783945,400.41,21706.95,15.5,476.87,0.0,0.0
Germany,Europe,2020-04-04,83783945,612.73,22319.68,6.96,483.83,0.0,0.0
Germany,Europe,2020-04-05,83783945,884.57,23204.25,0.0,483.83,0.0,0.0
Germany,Europe,2020-04-06,83783945,740.29,23944.54,14.58,498.41,0.0,0.0
Germany,Europe,2020-04-07,83783945,660.87,24605.41,16.14,514.55,0.0,0.0
Germany,Europe,2020-04-08,83783945,418.41,25023.82,0.0,514.55,0.0,0.0
Germany,Europe,2020-04-09,83783945,643.71,25667.53,1.13,515.68,0.0,0.0
Germany,Europe,2020-04-10,83783945,1067.66,26735.19,11.93,527.6,0.0,0.0
Germany,Europe,2020-04-11,83783945,1176.71,27911.9,20.0,547.6,0.0,0.0
Germany,Europe,2020-04-12,83783945,968.15,28880.05,7.49,555.09,0.0,0.0
Germany,Europe,2020-04-13,83783945,1319.18,30199.23,9.17,564.27,0.0,0.0
Germany,Europe,2020-04-14,83783945,1186.7,31385.93,20.06,584.32,0.0,0.0
Germany,Europe,2020-04-15,83783945,1768.36,33154.29,17.47,601.8,0.0,0.0
Germany,Europe,2020-04-16,83783945,1379.37,34533.66,20.89,622.69,0.0,0.0
Germany,Europe,2020-04-17,83783945,1730.07,36263.72,11.87,634.55,0.0,0.0
Germany,Europe,2020-04-18,83783945,1609.03,37872.76,8.49,643.04,0.0,0.0
Germany,Europe,2020-04-19,83783945,1099.88,38972.64,19.24,662.29,0.0,0.0
Germany,Europe,2020-04-20,83783945,1612.71,40585.35,21.37,683.66,0.0,0.0
Germany,Europe,2020-04-21,83783945,1266.94,41852.29,22.58,706.24,0.0,0.0
Germany,Europe,2020-04-22,83783945,1717.65,43569.94,16.35,722.59,0.0,0.0
Germany,Europe,2020-04-23,83783945,1551.9,45121.84,12.26,734.85,0.0,0.0
Germany,Europe,2020-04-24,83783945,2004.68,47126.52,34.94,769.8,0.0,0.0
Germany,Europe,2020-04-25,83783945,1460.56,48587.08,5.34,775.14,0.0,0.0
Germany,Europe,2020-04-26,83783945,1995.99,50583.07,33.96,809.1,0.0,0.0
Germany,Europe,2020-04-27,83783945,2252.72,52835.79,37.6,846.7,0.0,0.0
Germany,Europe,2020-04-28,83783945,2432.59,55268.38,36.07,882.77,0.0,0.0
Germany,Europe,2020-04-29,83783945,1911.06,57179.44,17.43,900.2,0.0,0.0
Germany,Europe,2020-04-30,83783945,2249.31,59428.74,20.46,920.66,0.0,0.0
Germany,Europe,2020-05-01,83783945,2373.1,61801.85,26.8,947.46,0.0,0.0
Germany,Europe,2020-05-02,83783945,2916.65,64718.5,24.64,972.1,0.0,0.0
Germany,Europe,2020-05-03,83783945,1924.12,66642.62,15.4,987.49,0.0,0.0
Germany,Europe,2020-05-04,83783945,2192.02,68834.64,31.46,1018.95,0.0,0.0
Germany,Europe,2020-05-05,83783945,3561.65,72396.29,47.93,1066.89,0.0,0.0
Germany,Europe,2020-05-06,83783945,2554.51,74950.8,22.26,1089.15,0.0,0.0
Germany,Europe,2020-05-07,83783945,2059.05,77009.86,30.12,1119.26,0.0,0.0
Germany,Europe,2020-05-08,83783945,2588.57,79598.42,34.7,1153.96,0.0,0.0
Germany,Europe,2020-05-09,83783945,1895.63,81494.06,34.83,1188.79,0.0,0.0
Germany,Europe,2020-05-10,83783945,3022.02,84516.07,40.82,1229.61,0.0,0.0
Germany,Europe,2020-05-11,83783945,3294.71,87810.78,48.01,1277.61,0.0,0.0
Germany,Europe,2020-05-12,83783945,2766.38,90577.16,37.01,1314.62,0.0,0.0
Germany,Europe,2020-05-13,83783945,2995.43,93572.59,43.78,1358.41,0.0,0.0
Germany,Europe,2020-05-14,83783945,3558.68,97131.28,32.41,1390.82,0.0,0.0
Germany,Europe,2020-05-15,83783945,2698.5,99829.77,31.41,1422.22,0.0,0.0
Germany,Europe,2020-05-16,83783945,2924.58,102754.36,34.78,1457.01,0.0,0.0
Germany,Europe,2020-05-17,83783945,3383.7,106138.05,38.65,1495.66,0.0,0.0
Germany,Europe,2020-05-18,83783945,3276.91,109414.96,42.87,1538.54,0.0,0.0
Germany,Europe,2020-05-19,83783945,3514.3,112929.26,47.25,1585.78,0.0,0.0
Germany,Europe,2020-05-20,83783945,3251.93,116181.19,42.16,1627.94,0.0,0.0
Germany,Europe,2020-05-21,83783945,3846.47,120027.66,44.74,1672.69,0.0,0.0
Germany,Europe,2020-05-22,83783945,3796.5,123824.16,39.67,1712.36,0.0,0.0
Germany,Europe,2020-05-23,83783945,4118.2,127942.36,58.2,1770.55,0.0,0.0
Germany,Europe,2020-05-24,83783945,4073.32,132015.68,51.68,1822.23,0.0,0.0
Germany,Europe,2020-05-25,83783945,4152.58,136168.26,41.68,1863.91,0.0,0.0
Germany,Europe,2020-05-26,83783945,3650.89,139819.15,42.26,1906.17,0.0,0.0
Germany,Europe,2020-05-27,83783945,4406.11,144225.26,38.93,1945.1,0.0,0.0
Germany,Europe,2020-05-28,83783945,4194.17,148419.43,50.61,1995.71,0.0,0.0
Germany,Europe,2020-05-29,83783945,4327.53,152746.96,50.34,2046.06,0.0,0.0
Germany,Europe,2020-05-30,83783945,4828.14,157575.11,53.34,2099.4,0.0,0.0
Germany,Europe,2020-05-31,83783945,4284.32,161859.43,64.09,2163.49,0.0,0.0
Germany,Europe,2020-06-01,83783945,5083.32,166942.75,51.75,2215.24,0.0,0.0
Germany,Europe,2020-06-02,83783945,5189.57,172132.32,67.93,2283.16,0.0,0.0
Germany,Europe,2020-06-03,83783945,5020.34,177152.66,77.74,2360.9,0.0,0.0
Germany,Europe,2020-06-04,83783945,4485.71,181638.37,62.45,2423.35,0.0,0.0
Germany,Europe,2020-06-05,83783945,4134.9,185773.27,49.37,2472.72,0.0,0.0
Germany,Europe,2020-06-06,83783945,5347.92,191121.19,55.1,2527.82,0.0,0.0
Germany,Europe,2020-06-07,83783945,5078.53,196199.72,50.05,2577.86,0.0,0.0
Germany,Europe,2020-06-08,83783945,4846.86,201046.57,54.87,2632.73,0.0,0.0
Germany,Europe,2020-06-09,83783945,5585.4,206631.97,61.53,2694.26,0.0,0.0
Germany,Europe,2020-06-10,83783945,4938.87,211570.84,53.51,2747.77,0.0,0.0
Germany,Europe,2020-06-11,83783945,5156.43,216727.27,59.27,2807.04,0.0,0.0
Germany,Europe,2020-06-12,83783945,5551.72,222278.99,65.8,2872.84,0.0,0.0
Germany,Europe,2020-06-13,83783945,5039.95,227318.95,64.36,2937.2,0.0,0.0
Germany,Europe,2020-06-14,83783945,5451.63,232770.57,55.52,2992.72,0.0,0.0
Germany,Europe,2020-06-15,83783945,5929.83,238700.4,65.7,3058.42,0.0,0.0
Germany,Europe,2020-06-16,83783945,5679.61,244380.01,66.88,3125.3,0.0,0.0
Germany,Europe,2020-06-17,83783945,6097.75,250477.76,71.61,3196.91,0.0,0.0
Germany,Europe,2020-06-18,83783945,6111.62,256589.38,88.03,3284.94,0.0,0.0
Germany,Europe,2020-06-19,83783945,5769.51,262358.89,71.09,3356.03,0.0,0.0
Germany,Europe,2020-06-20,83783945,4999.05,267357.94,47.08,3403.11,0.0,0.0
Germany,Europe,2020-06-21,83783945,5478.12,272836.06,69.08,3472.19,0.0,0.0
Germany,Europe,2020-06-22,83783945,6178.61,279014.67,78.51,3550.7,0.0,0.0
Germany,Europe,2020-06-23,83783945,5413.19,284427.86,63.96,3614.66,0.0,0.0
Germany,Europe,2020-06-24,83783945,5883.74,290311.6,60.9,3675.56,0.0,0.0
Germany,Europe,2020-06-25,83783945,6156.8,296468.4,87.95,3763.5,0.0,0.0
Germany,Europe,2020-06-26,83783945,6590.82,303059.22,70.53,3834.03,0.0,0.0
Germany,Europe,2020-06-27,83783945,5911.21,308970.43,76.22,3910.25,0.0,0.0
Germany,Europe,2020-06-28,83783945,5921.07,314891.5,72.65,3982.91,0.0,0.0
Germany,Europe,2020-06-29,83783945,6159.55,321051.05,78.72,4061.63,0.0,0.0
Germany,Europe,2020-06-30,83783945,6330.1,327381.16,89.62,4151.24,0.0,0.0
Germany,Europe,2020-07-01,83783945,6180.41,333561.57,78.66,4229.9,0.0,0.0
Germany,Europe,2020-07-02,83783945,6626.46,340188.03,75.05,4304.95,0.0,0.0
Germany,Europe,2020-07-03,83783945,6002.04,346190.07,80.87,4385.82,0.0,0.0
Germany,Europe,2020-07-04,83783945,6343.98,352534.05,71.08,4456.9,0.0,0.0
Germany,Europe,2020-07-05,83783945,6475.6,359009.65,79.02,4535.92,0.0,0.0
Germany,Europe,2020-07-06,83783945,6195.19,365204.84,64.0,4599.92,0.0,0.0
Germany,Europe,2020-07-07,83783945,6642.31,371847.15,71.44,4671.36,0.0,0.0
Germany,Europe,2020-07-08,83783945,6411.32,378258.47,77.35,4748.7,0.0,0.0
Germany,Europe,2020-07-09,83783945,6643.69,384902.16,82.67,4831.37,0.0,0.0
Germany,Europe,2020-07-10,83783945,6441.57,391343.73,63.68,4895.05,0.0,0.0
Germany,Europe,2020-07-11,83783945,6509.06,397852.8,82.09,4977.14,0.0,0.0
Germany,Europe,2020-07-12,83783945,6157.32,404010.12,67.33,5044.47,0.0,0.0
Germany,Europe,2020-07-13,83783945,6156.88,410167.0,84.12,5128.59,0.0,0.0
Germany,Europe,2020-07-14,83783945,6802.87,416969.87,78.82,5207.41,0.0,0.0
Germany,Europe,2020-07-15,83783945,6591.12,423560.99,70.1,5277.52,0.0,0.0
Germany,Europe,2020-07-16,83783945,6002.74,429563.73,72.64,5350.15,0.0,0.0
Germany,Europe,2020-07-17,83783945,6413.9,435977.64,69.64,5419.79,0.0,0.0
Germany,Europe,2020-07-18,83783945,5507.37,441485.01,76.24,5496.03,0.0,0.0
Germany,Europe,2020-07-19,83783945,6122.7,447607.71,73.48,5569.51,0.0,0.0
Germany,Europe,2020-07-20,83783945,6643.17,454250.88,78.5,5648.01,0.0,0.0
Germany,Europe,2020-07-21,83783945,6244.1,460494.98,79.66,5727.68,0.0,0.0
Germany,Europe,2020-07-22,83783945,6308.17,466803.15,67.66,5795.34,0.0,0.0
Germany,Europe,2020-07-23,83783945,5188.13,471991.28,51.94,5847.28,0.0,0.0
Germany,Europe,2020-07-24,83783945,6081.53,478072.81,76.25,5923.52,0.0,0.0
Germany,Europe,2020-07-25,83783945,6310.21,484383.02,66.93,5990.45,0.0,0.0
Germany,Europe,2020-07-26,83783945,6325.77,490708.79,67.11,6057.56,0.0,0.0
Germany,Europe,2020-07-27,83783945,6468.99,497177.78,84.32,6141.88,0.0,0.0
Germany,Europe,2020-07-28,83783945,6026.03,503203.81,76.51,6218.39,0.0,0.0
Germany,Europe,2020-07-29,83783945,6007.37,509211.18,62.06,6280.45,0.0,0.0
Germany,Europe,2020-07-30,83783945,5563.15,514774.33,61.8,6342.26,0.0,0.0
Germany,Europe,2020-07-31,83783945,5920.25,520694.58,63.81,6406.07,0.0,0.0
Germany,Europe,2020-08-01,83783945,5511.18,526205.76,80.34,6486.41,0.0,0.0
Germany,Europe,2020-08-02,83783945,5265.39,531471.15,70.43,6556.85,0.0,0.0
Germany,Europe,2020-08-03,83783945,5490.33,536961.48,62.52,6619.36,0.0,0.0
Germany,Europe,2020-08-04,83783945,6354.85,543316.34,80.87,6700.23,0.0,0.0
Germany,Europe,2020-08-05,83783945,5687.51,549003.85,57.4,6757.63,0.0,0.0
Germany,Europe,2020-08-06,83783945,5813.37,554817.22,64.38,6822.01,0.0,0.0
Germany,Europe,2020-08-07,83783945,5509.77,560326.99,66.96,6888.97,0.0,0.0
Germany,Europe,2020-08-08,83783945,5014.84,565341.83,63.8,6952.76,0.0,0.0
Germany,Europe,2020-08-09,83783945,5920.24,571262.07,70.26,7023.03,0.0,0.0
Germany,Europe,2020-08-10,83783945,4782.52,576044.59,59.37,7082.4,0.0,0.0
Germany,Europe,2020-08-11,83783945,5297.98,581342.57,64.2,7146.6,0.0,0.0
Germany,Europe,2020-08-12,83783945,5421.69,586764.26,63.75,7210.36,0.0,0.0
Germany,Europe,2020-08-13,83783945,5469.47,592233.73,63.26,7273.62,0.0,0.0
Germany,Europe,2020-08-14,83783945,5081.96,597315.69,57.57,7331.19,0.0,0.0
Germany,Europe,2020-08-15,83783945,4639.87,601955.56,57.53,7388.73,0.0,0.0
Germany,Europe,2020-08-16,83783945,4949.3,606904.85,62.68,7451.41,0.0,0.0
Germany,Europe,2020-08-17,83783945,4913.81,611818.66,60.55,7511.96,0.0,0.0
Germany,Europe,2020-08-18,83783945,4851.24,616669.91,48.79,7560.74,0.0,0.0
Germany,Europe,2020-08-19,83783945,5407.13,622077.04,56.89,7617.64,0.0,0.0
Germany,Europe,2020-08-20,83783945,4588.54,626665.58,58.25,7675.89,0.0,0.0
Germany,Europe,2020-08-21,83783945,5064.34,631729.92,72.55,7748.44,0.0,0.0
Germany,Europe,2020-08-22,83783945,4960.16,636690.07,60.74,7809.18,0.0,0.0
Germany,Europe,2020-08-23,83783945,5186.83,641876.9,58.95,7868.13,0.0,0.0
Germany,Europe,2020-08-24,83783945,4750.21,646627.11,58.8,7926.92,0.0,0.0
Germany,Europe,2020-08-25,83783945,5020.14,651647.25,51.15,7978.07,0.0,0.0
Germany,Europe,2020-08-26,83783945,4629.79,656277.04,66.03,8044.1,0.0,0.0
Germany,Europe,2020-08-27,83783945,4789.38,661066.42,58.97,8103.07,0.0,0.0
Germany,Europe,2020-08-28,83783945,4059.11,665125.54,43.35,8146.42,0.0,0.0
Germany,Europe,2020-08-29,83783945,3610.14,668735.68,41.99,8188.41,0.0,0.0
Germany,Europe,2020-08-30,83783945,4614.75,673350.43,51.16,8239.57,0.0,0.0
Germany,Europe,2020-08-31,83783945,4583.32,677933.74,65.49,8305.06,0.0,0.0
Germany,Europe,2020-09-01,83783945,4549.43,682483.17,52.98,8358.04,0.0,0.0
Germany,Europe,2020-09-02,83783945,4150.75,686633.92,51.05,8409.09,0.0,0.0
Germany,Europe,2020-09-03,83783945,4808.27,691442.19,62.29,8471.38,0.0,0.0
Germany,Europe,2020-09-04,83783945,4079.3,695521.49,43.03,8514.4,0.0,0.0
Germany,Europe,2020-09-05,83783945,4342.0,699863.49,53.65,8568.06,0.0,0.0
Germany,Europe,2020-09-06,83783945,4358.36,704221.85,54.5,8622.55,0.0,0.0
Germany,Europe,2020-09-07,83783945,4708.5,708930.34,44.07,8666.62,0.0,0.0
Germany,Europe,2020-09-08,83783945,3953.89,712884.24,49.47,8716.09,0.0,0.0
Germany,Europe,2020-09-09,83783945,3795.42,716679.65,45.18,8761.27,0.0,0.0
Germany,Europe,2020-09-10,83783945,3460.18,720139.83,42.56,8803.83,0.0,0.0
Germany,Europe,2020-09-11,83783945,4489.7,724629.53,54.16,8857.99,0.0,0.0
Germany,Europe,2020-09-12,83783945,4057.12,728686.65,50.76,8908.75,0.0,0.0
Germany,Europe,2020-09-13,83783945,4032.89,732719.54,59.09,8967.84,0.0,0.0
Germany,Europe,2020-09-14,83783945,4931.33,737650.87,49.74,9017.58,0.0,0.0
Germany,Europe,2020-09-15,83783945,3921.94,741572.81,44.33,9061.91,0.0,0.0
Germany,Europe,2020-09-16,83783945,3321.59,744894.41,45.19,9107.1,0.0,0.0
Germany,Europe,2020-09-17,83783945,3679.65,748574.06,48.0,9155.11,0.0,0.0
Germany,Europe,2020-09-18,83783945,3379.47,751953.53,44.23,9199.33,0.0,0.0
Germany,Europe,2020-09-19,83783945,3556.14,755509.67,64.7,9264.04,0.0,0.0
Germany,Europe,2020-09-20,83783945,3529.5,759039.18,47.27,9311.3,0.0,0.0
Germany,Europe,2020-09-21,83783945,3442.34,762481.52,50.36,9361.66,0.0,0.0
Germany,Europe,2020-09-22,83783945,3139.23,765620.75,35.21,9396.87,0.0,0.0
Germany,Europe,2020-09-23,83783945,4165.05,769785.8,42.04,9438.91,0.0,0.0
Germany,Europe,2020-09-24,83783945,3694.79,773480.59,41.82,9480.73,0.0,0.0
Germany,Europe,2020-09-25,83783945,3495.53,776976.12,47.64,9528.38,0.0,0.0
Germany,Europe,2020-09-26,83783945,3825.61,780801.73,49.16,9577.54,0.0,0.0
Germany,Europe,2020-09-27,83783945,3713.05,784514.77,47.78,9625.32,0.0,0.0
Germany,Europe,2020-09-28,83783945,3634.15,788148.93,41.9,9667.22,0.0,0.0
Germany,Europe,2020-09-29,83783945,3768.65,791917.58,42.23,9709.45,0.0,0.0
Germany,Europe,2020-09-30,83783945,3568.76,795486.34,41.39,9750.83,0.0,0.0
Germany,Europe,2020-10-01,83783945,3751.19,799237.53,50.81,9801.65,0.0,0.0
Germany,Europe,2020-10-02,83783945,3776.67,803014.21,52.05,9853.69,0.0,0.0
Germany,Europe,2020-10-03,83783945,3568.23,806582.44,34.77,9888.46,0.0,0.0
Germany,Europe,2020-10-04,83783945,3434.05,810016.48,47.31,9935.77,0.0,0.0
Germany,Europe,2020-10-05,83783945,4048.44,814064.92,43.38,9979.14,0.0,0.0
Germany,Europe,2020-10-06,83783945,3348.83,817413.76,43.94,10023.08,0.0,0.0
Germany,Europe,2020-10-07,83783945,3658.03,821071.79,42.36,10065.44,0.0,0.0
Germany,Europe,2020-10-08,83783945,3672.55,824744.34,56.6,10122.04,0.0,0.0
Germany,Europe,2020-10-09,83783945,3322.59,828066.93,36.53,10158.56,0.0,0.0
Germany,Europe,2020-10-10,83783945,3263.04,831329.97,40.59,10199.15,0.0,0.0
Germany,Europe,2020-10-11,83783945,3433.36,834763.32,46.05,10245.2,0.0,0.0
Germany,Europe,2020-10-12,83783945,3397.9,838161.22,33.78,10278.99,0.0,0.0
Germany,Europe,2020-10-13,83783945,3074.33,841235.55,36.31,10315.29,0.0,0.0
Germany,Europe,2020-10-14,83783945,3372.63,844608.18,38.34,10353.63,0.0,0.0
Germany,Europe,2020-10-15,83783945,3711.27,848319.45,40.42,10394.06,0.0,0.0
Germany,Europe,2020-10-16,83783945,4080.03,852399.47,45.44,10439.5,0.0,0.0
Germany,Europe,2020-10-17,83783945,3851.23,856250.7,55.11,10494.61,0.0,0.0
Germany,Europe,2020-10-18,83783945,2768.94,859019.64,28.44,10523.05,0.0,0.0
Germany,Europe,2020-10-19,83783945,3926.13,862945.77,51.64,10574.7,0.0,0.0
Germany,Europe,2020-10-20,83783945,3530.48,866476.25,44.88,10619.58,0.0,0.0
Germany,Europe,2020-10-21,83783945,3909.8,870386.05,35.74,10655.32,0.0,0.0
Germany,Europe,2020-10-22,83783945,3772.84,874158.89,49.43,10704.75,0.0,0.0
Germany,Europe,2020-10-23,83783945,3738.05,877896.94,33.55,10738.3,0.0,0.0
Germany,Europe,2020-10-24,83783945,3798.51,881695.45,50.61,10788.9,0.0,0.0
Germany,Europe,2020-10-25,83783945,3856.28,885551.73,42.22,10831.12,0.0,0.0
Germany,Europe,2020-10-26,83783945,4365.51,889917.25,52.45,10883.57,0.0,0.0
Germany,Europe,2020-10-27,83783945,3919.88,893837.13,36.68,10920.26,0.0,0.0
Germany,Europe,2020-10-28,83783945,4339.39,898176.52,53.05,10973.31,0.0,0.0
Germany,Europe,2020-10-29,83783945,4321.96,902498.47,59.28,11032.59,0.0,0.0
Germany,Europe,2020-10-30,83783945,4260.79,906759.27,44.67,11077.26,0.0,0.0
Germany,Europe,2020-10-31,83783945,3437.1,910196.36,36.39,11113.65,0.0,0.0
Germany,Europe,2020-11-01,83783945,4489.02,914685.38,57.51,11171.16,0.0,0.0
Germany,Europe,2020-11-02,83783945,3974.36,918659.74,51.53,11222.68,0.0,0.0
Germany,Europe,2020-11-03,83783945,4422.14,923081.88,33.59,11256.28,0.0,0.0
Germany,Europe,2020-11-04,83783945,3868.8,926950.68,62.55,11318.83,0.0,0.0
Germany,Europe,2020-11-05,83783945,3832.45,930783.13,50.22,11369.04,0.0,0.0
Germany,Europe,2020-11-06,83783945,4977.43,935760.55,65.3,11434.35,0.0,0.0
Germany,Europe,2020-11-07,83783945,3989.58,939750.14,46.73,11481.07,0.0,0.0
Germany,Europe,2020-11-08,83783945,4764.83,944514.97,42.34,11523.41,0.0,0.0
Germany,Europe,2020-11-09,83783945,4444.56,948959.53,58.73,11582.14,0.0,0.0
Germany,Europe,2020-11-10,83783945,4295.71,953255.24,47.03,11629.17,0.0,0.0
Germany,Europe,2020-11-11,83783945,4466.86,957722.1,57.95,11687.12,0.0,0.0
Germany,Europe,2020-11-12,83783945,4067.07,961789.17,47.05,11734.18,0.0,0.0
Germany,Europe,2020-11-13,83783945,4557.58,966346.75,56.6,11790.77,0.0,0.0
Germany,Europe,2020-11-14,83783945,4223.38,970570.13,44.48,11835.25,0.0,0.0
Germany,Europe,2020-11-15,83783945,4503.82,975073.95,60.96,11896.21,0.0,0.0
Germany,Europe,2020-11-16,83783945,5005.85,980079.8,50.56,11946.78,0.0,0.0
Germany,Europe,2020-11-17,83783945,4810.57,984890.38,75.69,12022.47,0.0,0.0
Germany,Europe,2020-11-18,83783945,4242.24,989132.61,68.81,12091.28,0.0,0.0
Germany,Europe,2020-11-19,83783945,5098.14,994230.76,74.24,12165.52,0.0,0.0
Germany,Europe,2020-11-20,83783945,4836.44,999067.19,68.24,12233.76,0.0,0.0
Germany,Europe,2020-11-21,83783945,4687.59,1003754.78,55.57,12289.33,0.0,0.0
Germany,Europe,2020-11-22,83783945,5176.7,1008931.48,71.45,12360.79,0.0,0.0
Germany,Europe,2020-11-23,83783945,4894.38,1013825.86,57.96,12418.75,0.0,0.0
Germany,Europe,2020-11-24,83783945,4581.94,1018407.8,42.56,12461.31,0.0,0.0
Germany,Europe,2020-11-25,83783945,5673.1,1024080.9,80.1,12541.41,0.0,0.0
Germany,Europe,2020-11-26,83783945,5056.16,1029137.06,69.7,12611.11,0.0,0.0
Germany,Europe,2020-11-27,83783945,5068.9,1034205.95,60.58,12671.69,0.0,0.0
Germany,Europe,2020-11-28,83783945,4990.06,1039196.02,50.08,12721.77,0.0,0.0
Germany,Europe,2020-11-29,83783945,5578.56,1044774.58,62.25,12784.02,0.0,0.0
Germany,Europe,2020-11-30,83783945,5014.79,1049789.36,45.61,12829.63,0.0,0.0
Germany,Europe,2020-12-01,83783945,4689.84,1054479.2,63.84,12893.47,0.0,0.0
Germany,Europe,2020-12-02,83783945,5024.26,1059503.46,47.46,12940.93,0.0,0.0
Germany,Europe,2020-12-03,83783945,5756.46,1065259.92,71.37,13012.3,0.0,0.0
Germany,Europe,2020-12-04,83783945,5612.67,1070872.59,60.6,13072.91,0.0,0.0
Germany,Europe,2020-12-05,83783945,5260.51,1076133.1,51.71,13124.62,0.0,0.0
Germany,Europe,2020-12-06,83783945,5857.72,1081990.82,72.2,13196.82,0.0,0.0
Germany,Europe,2020-12-07,83783945,5665.11,1087655.93,65.31,13262.13,0.0,0.0
Germany,Europe,2020-12-08,83783945,5335.17,1092991.1,70.73,13332.86,0.0,0.0
Germany,Europe,2020-12-09,83783945,5394.42,1098385.52,54.59,13387.45,0.0,0.0
Germany,Europe,2020-12-10,83783945,5590.6,1103976.12,61.03,13448.48,0.0,0.0
Germany,Europe,2020-12-11,83783945,5205.83,1109181.95,43.37,13491.85,0.0,0.0
Germany,Europe,2020-12-12,83783945,5519.01,1114700.96,48.75,13540.6,0.0,0.0
Germany,Europe,2020-12-13,83783945,5644.59,1120345.55,82.12,13622.72,0.0,0.0
Germany,Europe,2020-12-14,83783945,4964.09,1125309.64,76.24,13698.96,0.0,0.0
Germany,Europe,2020-12-15,83783945,5504.87,1130814.51,66.8,13765.76,0.0,0.0
Germany,Europe,2020-12-16,83783945,5480.35,1136294.86,59.17,13824.93,0.0,0.0
Germany,Europe,2020-12-17,83783945,5960.19,1142255.04,69.13,13894.07,0.0,0.0
Germany,Europe,2020-12-18,83783945,4967.37,1147222.41,66.6,13960.66,0.0,0.0
Germany,Europe,2020-12-19,83783945,5490.61,1152713.02,61.77,14022.44,0.0,0.0
Germany,Europe,2020-12-20,83783945,5465.32,1158178.35,67.48,14089.92,0.0,0.0
Germany,Europe,2020-12-21,83783945,5978.35,1164156.69,71.64,14161.56,0.0,0.0
Germany,Europe,2020-12-22,83783945,5634.03,1169790.72,63.06,14224.62,6861943.33,6861943.33
Germany,Europe,2020-12-23,83783945,6283.42,1176074.15,71.19,14295.81,88231.16,6950174.49
Germany,Europe,2020-12-24,83783945,5890.63,1181964.78,73.03,14368.84,89229.11,7039403.6
Germany,Europe,2020-12-25,83783945,5517.88,1187482.65,58.4,14427.24,90234.81,7129638.41
Germany,Europe,2020-12-26,83783945,5746.47,1193229.12,72.57,14499.81,91248.26,7220886.67
Germany,Europe,2020-12-27,83783945,5538.32,1198767.45,62.69,14562.5,92269.4,7313156.08
Germany,Europe,2020-12-28,83783945,5961.22,1204728.66,72.55,14635.06,93298.21,7406454.29
Germany,Europe,2020-12-29,83783945,5190.86,1209919.52,73.36,14708.42,94334.65,7500788.94
Germany,Europe,2020-12-30,83783945,5364.05,1215283.57,63.02,14771.44,95378.66,7596167.59
Germany,Europe,2020-12-31,83783945,5805.56,1221089.13,77.03,14848.47,96430.2,7692597.8
Germany,Europe,2021-01-01,83783945,6067.33,1227156.46,58.47,14906.94,97489.23,7790087.03
Germany,Europe,2021-01-02,83783945,4858.39,1232014.85,54.54,14961.48,98555.69,7888642.72
Germany,Europe,2021-01-03,83783945,6099.44,1238114.29,73.41,15034.89,99629.52,7988272.24
Germany,Europe,2021-01-04,83783945,5557.15,1243671.44,82.07,15116.96,100710.67,8088982.91
Germany,Europe,2021-01-05,83783945,4933.2,1248604.64,43.52,15160.48,101799.06,8190781.97
Germany,Europe,2021-01-06,83783945,4526.85,1253131.49,53.55,15214.03,102894.64,8293676.6
Germany,Europe,2021-01-07,83783945,5025.64,1258157.13,71.96,15285.99,103997.33,8397673.93
Germany,Europe,2021-01-08,83783945,5536.05,1263693.18,60.15,15346.15,105107.05,8502780.98
Germany,Europe,2021-01-09,83783945,5500.49,1269193.67,64.3,15410.45,106223.74,8609004.72
Germany,Europe,2021-01-10,83783945,5724.38,1274918.06,71.35,15481.8,107347.31,8716352.03
Germany,Europe,2021-01-11,83783945,5288.25,1280206.31,64.94,15546.73,108477.67,8824829.7
Germany,Europe,2021-01-12,83783945,5069.2,1285275.51,73.36,15620.09,109614.73,8934444.43
Germany,Europe,2021-01-13,83783945,5287.52,1290563.02,67.04,15687.13,110758.4,9045202.84
Germany,Europe,2021-01-14,83783945,5417.61,1295980.63,75.63,15762.76,111908.59,9157111.43
Germany,Europe,2021-01-15,83783945,5459.05,1301439.68,62.63,15825.39,113065.19,9270176.62
Germany,Europe,2021-01-16,83783945,5073.2,1306512.88,54.95,15880.34,114228.1,9384404.72
Germany,Europe,2021-01-17,83783945,5634.78,1312147.66,65.81,15946.15,115397.2,9499801.92
Germany,Europe,2021-01-18,83783945,5070.4,1317218.07,51.57,15997.73,116572.39,9616374.31
Germany,Europe,2021-01-19,83783945,4950.88,1322168.95,63.28,16061.01,117753.55,9734127.86
Germany,Europe,2021-01-20,83783945,5031.64,1327200.59,57.29,16118.3,118940.55,9853068.4
Germany,Europe,2021-01-21,83783945,5562.7,1332763.29,61.38,16179.68,120133.26,9973201.67
Germany,Europe,2021-01-22,83783945,5103.91,1337867.2,65.24,16244.91,121331.57,10094533.23
Germany,Europe,2021-01-23,83783945,4870.07,1342737.27,49.29,16294.2,122535.33,10217068.56
Germany,Europe,2021-01-24,83783945,5398.97,1348136.24,70.95,16365.15,123744.4,10340812.96
Germany,Europe,2021-01-25,83783945,5785.42,1353921.65,65.6,16430.75,124958.64,10465771.59
Germany,Europe,2021-01-26,83783945,5068.45,1358990.1,70.09,16500.85,126177.9,10591949.49
Germany,Europe,2021-01-27,83783945,5385.52,1364375.62,61.48,16562.33,127402.03,10719351.52
Germany,Europe,2021-01-28,83783945,5273.95,1369649.57,68.34,16630.67,128630.87,10847982.4
Germany,Europe,2021-01-29,83783945,4656.08,1374305.65,57.31,16687.98,129864.26,10977846.66
Germany,Europe,2021-01-30,83783945,4833.21,1379138.85,63.95,16751.93,131102.04,11108948.69
Germany,Europe,2021-01-31,83783945,4329.97,1383468.82,52.84,16804.77,132344.02,11241292.71
Germany,Europe,2021-02-01,83783945,4661.29,1388130.11,42.63,16847.4,133590.04,11374882.75
Germany,Europe,2021-02-02,83783945,4467.22,1392597.32,61.68,16909.08,134839.92,11509722.67
Germany,Europe,2021-02-03,83783945,4497.99,1397095.31,53.27,16962.35,136093.47,11645816.14
Germany,Europe,2021-02-04,83783945,4328.44,1401423.75,58.26,17020.61,137350.49,11783166.63
Germany,Europe,2021-02-05,83783945,4441.64,1405865.4,58.82,17079.43,138610.81,11921777.44
Germany,Europe,2021-02-06,83783945,4678.99,1410544.39,49.96,17129.39,139874.21,12061651.65
Germany,Europe,2021-02-07,83783945,4400.87,1414945.26,45.49,17174.88,141140.5,12202792.16
Germany,Europe,2021-02-08,83783945,3739.58,1418684.85,50.12,17225.0,142409.46,12345201.62
Germany,Europe,2021-02-09,83783945,4079.86,1422764.71,46.53,17271.53,143680.89,12488882.51
Germany,Europe,2021-02-10,83783945,3757.61,1426522.32,52.58,17324.12,144954.56,12633837.07
Germany,Europe,2021-02-11,83783945,4322.77,1430845.09,50.45,17374.57,146230.26,12780067.33
Germany,Europe,2021-02-12,83783945,4361.05,1435206.15,60.52,17435.09,147507.75,12927575.08
Germany,Europe,2021-02-13,83783945,4221.85,1439427.99,54.05,17489.13,148786.8,13076361.88
Germany,Europe,2021-02-14,83783945,3803.29,1443231.29,47.94,17537.08,150067.19,13226429.07
Germany,Europe,2021-02-15,83783945,4111.81,1447343.1,46.35,17583.43,151348.66,13377777.73
Germany,Europe,2021-02-16,83783945,3807.15,1451150.25,47.55,17630.97,152630.98,13530408.71
Germany,Europe,2021-02-17,83783945,3519.36,1454669.61,51.78,17682.75,153913.89,13684322.6
Germany,Europe,2021-02-18,83783945,4123.29,1458792.9,49.05,17731.79,155197.14,13839519.73
Germany,Europe,2021-02-19,83783945,4095.65,1462888.55,53.4,17785.19,156480.47,13996000.2
Germany,Europe,2021-02-20,83783945,4087.07,1466975.62,49.42,17834.61,157763.62,14153763.82
Germany,Europe,2021-02-21,83783945,3487.59,1470463.21,42.85,17877.45,159046.32,14312810.13
Germany,Europe,2021-02-22,83783945,4058.81,1474522.03,62.49,17939.95,160328.3,14473138.43
Germany,Europe,2021-02-23,83783945,3418.81,1477940.84,50.64,17990.59,161609.28,14634747.71
Germany,Europe,2021-02-24,83783945,3765.86,1481706.7,45.83,18036.41,162888.99,14797636.71
Germany,Europe,2021-02-25,83783945,3303.97,1485010.66,41.36,18077.78,164167.15,14961803.86
Germany,Europe,2021-02-26,83783945,3350.16,1488360.82,34.59,18112.36,165443.45,15127247.31
Germany,Europe,2021-02-27,83783945,2527.06,1490887.88,28.94,18141.3,166717.63,15293964.94
Germany,Europe,2021-02-28,83783945,3214.91,1494102.79,41.05,18182.36,167989.36,15461954.3
Germany,Europe,2021-03-01,83783945,3298.79,1497401.58,46.39,18228.75,169258.37,15631212.67
Germany,Europe,2021-03-02,83783945,3069.97,1500471.55,42.83,18271.58,170524.35,15801737.02
Germany,Europe,2021-03-03,83783945,3775.03,1504246.59,36.43,18308.01,171786.99,15973524.01
Germany,Europe,2021-03-04,83783945,2700.7,1506947.29,40.22,18348.23,173045.98,16146569.99
Germany,Europe,2021-03-05,83783945,2857.87,1509805.16,33.58,18381.82,174301.0,16320870.99
Germany,Europe,2021-03-06,83783945,2686.37,1512491.53,24.34,18406.16,175551.76,16496422.75
Germany,Europe,2021-03-07,83783945,2754.12,1515245.65,43.74,18449.9,176797.92,16673220.66
Germany,Europe,2021-03-08,83783945,3261.26,1518506.91,50.84,18500.74,178039.16,16851259.82
Germany,Europe,2021-03-09,83783945,3366.89,1521873.8,42.51,18543.25,179275.16,17030534.98
Germany,Europe,2021-03-10,83783945,2554.12,1524427.92,36.32,18579.57,180505.59,17211040.57
Germany,Europe,2021-03-11,83783945,2496.71,1526924.63,36.1,18615.67,181730.13,17392770.7
Germany,Europe,2021-03-12,83783945,2295.71,1529220.34,38.71,18654.39,182948.44,17575719.14
Germany,Europe,2021-03-13,83783945,3109.45,1532329.78,43.14,18697.52,184160.18,17759879.32
Germany,Europe,2021-03-14,83783945,2996.77,1535326.55,25.34,18722.86,185365.03,17945244.35
Germany,Europe,2021-03-15,83783945,2520.16,1537846.71,46.32,18769.18,186562.64,18131806.99
Germany,Europe,2021-03-16,83783945,2022.13,1539868.84,32.79,18801.97,187752.67,18319559.66
Germany,Europe,2021-03-17,83783945,2007.66,1541876.49,20.02,18821.99,188934.78,18508494.44
Germany,Europe,2021-03-18,83783945,2479.67,1544356.16,21.52,18843.51,190108.64,18698603.08
Germany,Europe,2021-03-19,83783945,2567.93,1546924.09,34.85,18878.36,191273.88,18889876.96
Germany,Europe,2021-03-20,83783945,1609.02,1548533.11,17.08,18895.44,192430.18,19082307.14
Germany,Europe,2021-03-21,83783945,2177.02,1550710.14,28.76,18924.21,193577.18,19275884.32
Germany,Europe,2021-03-22,83783945,2814.03,1553524.16,39.72,18963.92,194714.54,19470598.86
Germany,Europe,2021-03-23,83783945,2130.49,1555654.65,21.03,18984.96,195841.91,19666440.77
Germany,Europe,2021-03-24,83783945,2687.86,1558342.51,23.33,19008.28,196958.94,19863399.71
Germany,Europe,2021-03-25,83783945,2354.42,1560696.93,31.34,19039.62,198065.29,20061465.0
Germany,Europe,2021-03-26,83783945,1709.43,1562406.37,16.25,19055.87,199160.6,20260625.6
Germany,Europe,2021-03-27,83783945,1949.11,1564355.48,24.56,19080.43,200244.54,20460870.13
Germany,Europe,2021-03-28,83783945,1970.07,1566325.55,12.89,19093.32,201316.75,20662186.88
Germany,Europe,2021-03-29,83783945,1646.28,1567971.83,17.74,19111.06,202376.89,20864563.77
Germany,Europe,2021-03-30,83783945,1605.73,1569577.56,24.99,19136.05,203424.61,21067988.37
Germany,Europe,2021-03-31,83783945,2439.1,1572016.66,34.12,19170.17,204459.57,21272447.94
Germany,Europe,2021-04-01,83783945,1537.21,1573553.87,12.14,19182.31,205481.43,21477929.37
Germany,Europe,2021-04-02,83783945,2225.35,1575779.22,17.36,19199.66,206489.84,21684419.21
Germany,Europe,2021-04-03,83783945,1664.78,1577444.0,20.1,19219.77,207484.47,21891903.68
Germany,Europe,2021-04-04,83783945,1779.31,1579223.31,25.84,19245.61,208464.99,22100368.67
Germany,Europe,2021-04-05,83783945,1956.74,1581180.05,26.72,19272.33,209431.04,22309799.71
Germany,Europe,2021-04-06,83783945,1523.51,1582703.56,14.18,19286.51,210382.31,22520182.02
Germany,Europe,2021-04-07,83783945,1905.79,1584609.35,25.25,19311.77,211318.47,22731500.49
Germany,Europe,2021-04-08,83783945,965.92,1585575.28,23.61,19335.38,212239.18,22943739.67
Germany,Europe,2021-04-09,83783945,1812.35,1587387.63,23.39,19358.77,213144.12,23156883.79
Germany,Europe,2021-04-10,83783945,771.9,1588159.53,0.0,19358.77,214032.98,23370916.77
Germany,Europe,2021-04-11,83783945,1535.08,1589694.61,20.05,19378.81,214905.43,23585822.2
Germany,Europe,2021-04-12,83783945,1893.22,1591587.83,39.07,19417.88,215761.17,23801583.37
Germany,Europe,2021-04-13,83783945,1792.97,1593380.8,11.22,19429.1,216599.88,24018183.25
Germany,Europe,2021-04-14,83783945,1102.85,1594483.64,13.47,19442.57,217421.26,24235604.51
Germany,Europe,2021-04-15,83783945,1131.23,1595614.87,11.76,19454.33,218225.02,24453829.53
Germany,Europe,2021-04-16,83783945,1284.1,1596898.98,16.18,19470.51,219010.84,24672840.37
Germany,Europe,2021-04-17,83783945,1576.06,1598475.03,20.47,19490.98,219778.46,24892618.83
Germany,Europe,2021-04-18,83783945,786.67,1599261.7,18.56,19509.54,220527.57,25113146.4
Germany,Europe,2021-04-19,83783945,1481.4,1600743.1,18.46,19527.99,221257.9,25334404.3
Germany,Europe,2021-04-20,83783945,1584.46,1602327.56,29.23,19557.22,221969.18,25556373.49
Germany,Europe,2021-04-21,83783945,1367.06,1603694.62,15.46,19572.69,222661.14,25779034.63
Germany,Europe,2021-04-22,83783945,1641.9,1605336.53,16.9,19589.59,223333.51,26002368.14
Germany,Europe,2021-04-23,83783945,1529.51,1606866.04,13.0,19602.59,223986.05,26226354.19
Germany,Europe,2021-04-24,83783945,1256.06,1608122.09,0.54,19603.13,224618.49,26450972.68
Germany,Europe,2021-04-25,83783945,763.66,1608885.75,11.37,19614.5,225230.6,26676203.28
Germany,Europe,2021-04-26,83783945,1484.97,1610370.72,34.25,19648.75,225822.14,26902025.42
Germany,Europe,2021-04-27,83783945,1102.92,1611473.64,16.9,19665.65,226392.88,27128418.3
Germany,Europe,2021-04-28,83783945,1233.58,1612707.22,20.3,19685.95,226942.6,27355360.9
Germany,Europe,2021-04-29,83783945,1604.46,1614311.69,15.95,19701.89,227471.09,27582831.99
Germany,Europe,2021-04-30,83783945,1934.89,1616246.58,21.26,19723.16,227978.13,27810810.12
Germany,Europe,2021-05-01,83783945,1428.84,1617675.41,25.02,19748.18,228463.53,28039273.65
Germany,Europe,2021-05-02,83783945,1640.7,1619316.11,35.76,19783.94,228927.1,28268200.75
Germany,Europe,2021-05-03,83783945,947.11,1620263.22,23.27,19807.21,229368.65,28497569.4
Germany,Europe,2021-05-04,83783945,1545.8,1621809.02,24.99,19832.2,229788.01,28727357.41
Germany,Europe,2021-05-05,83783945,1447.37,1623256.38,17.65,19849.85,230185.01,28957542.42
Germany,Europe,2021-05-06,83783945,1908.32,1625164.7,24.58,19874.43,230559.49,29188101.91
Germany,Europe,2021-05-07,83783945,1299.97,1626464.68,9.57,19884.0,230911.31,29419013.22
Germany,Europe,2021-05-08,83783945,1416.89,1627881.57,5.42,19889.42,231240.31,29650253.53
Germany,Europe,2021-05-09,83783945,1885.66,1629767.23,13.61,19903.03,231546.38,29881799.91
Germany,Europe,2021-05-10,83783945,1497.76,1631264.99,18.37,19921.4,231829.38,30113629.29
Germany,Europe,2021-05-11,83783945,1158.05,1632423.04,11.56,19932.96,232089.21,30345718.5
Germany,Europe,2021-05-12,83783945,2456.67,1634879.71,17.72,19950.69,232325.75,30578044.24
Germany,Europe,2021-05-13,83783945,1204.82,1636084.54,14.16,19964.85,232538.91,30810583.15
Germany,Europe,2021-05-14,83783945,1579.69,1637664.22,16.41,19981.26,232728.6,31043311.75
Germany,Europe,2021-05-15,83783945,1744.95,1639409.17,11.56,19992.81,232894.75,31276206.51
Germany,Europe,2021-05-16,83783945,1739.81,1641148.98,17.92,20010.73,233037.3,31509243.8
Germany,Europe,2021-05-17,83783945,1603.53,1642752.52,16.67,20027.4,233156.17,31742399.98
Germany,Europe,2021-05-18,83783945,1630.33,1644382.85,14.63,20042.03,233251.33,31975651.31
Germany,Europe,2021-05-19,83783945,1639.08,1646021.93,27.08,20069.12,233322.73,32208974.04
Germany,Europe,2021-05-20,83783945,1358.28,1647380.22,1.08,20070.19,233370.35,32442344.39
Germany,Europe,2021-05-21,83783945,2530.23,1649910.44,14.48,20084.67,233394.16,32675738.55
Germany,Europe,2021-05-22,83783945,1730.68,1651641.12,20.79,20105.46,233394.16,32909132.71
Germany,Europe,2021-05-23,83783945,2047.85,1653688.97,25.34,20130.81,233370.35,33142503.06
Germany,Europe,2021-05-24,83783945,1754.26,1655443.23,24.28,20155.09,233322.73,33375825.79
Germany,Europe,2021-05-25,83783945,1780.9,1657224.13,17.06,20172.15,233251.33,33609077.12
Germany,Europe,2021-05-26,83783945,1780.54,1659004.67,14.02,20186.17,233156.17,33842233.3
Germany,Europe,2021-05-27,83783945,1433.57,1660438.24,17.14,20203.32,233037.3,34075270.59
Germany,Europe,2021-05-28,83783945,1957.05,1662395.28,19.95,20223.27,232894.75,34308165.35
Germany,Europe,2021-05-29,83783945,1909.24,1664304.52,35.32,20258.59,232728.6,34540893.95
Germany,Europe,2021-05-30,83783945,2501.31,1666805.82,27.42,20286.01,232538.91,34773432.86
Germany,Europe,2021-05-31,83783945,1713.16,1668518.98,20.13,20306.14,232325.75,35005758.6
Germany,Europe,2021-06-01,83783945,1971.88,1670490.86,43.47,20349.61,232089.21,35237847.81
Germany,Europe,2021-06-02,83783945,1902.42,1672393.28,21.27,20370.88,231829.38,35469677.19
Germany,Europe,2021-06-03,83783945,2765.87,1675159.15,37.64,20408.52,231546.38,35701223.57
Germany,Europe,2021-06-04,83783945,2001.9,1677161.05,29.19,20437.71,231240.31,35932463.88
Germany,Europe,2021-06-05,83783945,2549.29,1679710.33,36.44,20474.16,230911.31,36163375.19
Germany,Europe,2021-06-06,83783945,2739.4,1682449.73,35.19,20509.34,230559.49,36393934.68
Germany,Europe,2021-06-07,83783945,2397.11,1684846.84,30.32,20539.66,230185.01,36624119.69
Germany,Europe,2021-06-08,83783945,2015.82,1686862.66,24.99,20564.65,229788.01,36853907.7
Germany,Europe,2021-06-09,83783945,2070.72,1688933.39,20.24,20584.89,229368.65,37083276.35
Germany,Europe,2021-06-10,83783945,2900.57,1691833.96,37.41,20622.3,228927.1,37312203.45
Germany,Europe,2021-06-11,83783945,2210.9,1694044.86,42.76,20665.06,228463.53,37540666.98
Germany,Europe,2021-06-12,83783945,2842.75,1696887.61,43.8,20708.86,227978.13,37768645.11
Germany,Europe,2021-06-13,83783945,2799.93,1699687.53,36.03,20744.89,227471.09,37996116.2
Germany,Europe,2021-06-14,83783945,2947.2,1702634.74,42.21,20787.11,226942.6,38223058.8
Germany,Europe,2021-06-15,83783945,3036.46,1705671.2,29.48,20816.59,226392.88,38449451.68
Germany,Europe,2021-06-16,83783945,2601.71,1708272.91,29.14,20845.73,225822.14,38675273.82
Germany,Europe,2021-06-17,83783945,2645.01,1710917.91,39.32,20885.05,225230.6,38900504.42
Germany,Europe,2021-06-18,83783945,3295.45,1714213.36,51.44,20936.49,224618.49,39125122.91
Germany,Europe,2021-06-19,83783945,2884.56,1717097.92,28.45,20964.94,223986.05,39349108.96
Germany,Europe,2021-06-20,83783945,2202.67,1719300.59,22.56,20987.5,223333.51,39572442.47
Germany,Europe,2021-06-21,83783945,3453.44,1722754.03,58.89,21046.4,222661.14,39795103.61
Germany,Europe,2021-06-22,83783945,2925.58,1725679.61,35.88,21082.27,221969.18,40017072.8
Germany,Europe,2021-06-23,83783945,3514.38,1729193.99,56.76,21139.03,221257.9,40238330.7
Germany,Europe,2021-06-24,83783945,3901.67,1733095.66,48.47,21187.51,220527.57,40458858.27
Germany,Europe,2021-06-25,83783945,3484.0,1736579.66,43.78,21231.28,219778.46,40678636.73
Germany,Europe,2021-06-26,83783945,3891.23,1740470.89,44.25,21275.54,219010.84,40897647.57
Germany,Europe,2021-06-27,83783945,3661.73,1744132.62,51.48,21327.02,218225.02,41115872.59
Germany,Europe,2021-06-28,83783945,4229.25,1748361.88,61.61,21388.63,217421.26,41333293.85
Germany,Europe,2021-06-29,83783945,3368.21,1751730.09,32.14,21420.77,216599.88,41549893.73
Germany,Europe,2021-06-30,83783945,3803.88,1755533.96,42.83,21463.6,215761.17,41765654.9
Germany,Europe,2021-07-01,83783945,4109.64,1759643.6,56.64,21520.23,214905.43,41980560.33
Germany,Europe,2021-07-02,83783945,3875.11,1763518.71,45.46,21565.7,214032.98,42194593.31
Germany,Europe,2021-07-03,83783945,4413.17,1767931.87,49.01,21614.71,213144.12,42407737.43
Germany,Europe,2021-07-04,83783945,3927.19,1771859.06,55.2,21669.91,212239.18,42619976.61
Germany,Europe,2021-07-05,83783945,4871.54,1776730.6,67.29,21737.2,211318.47,42831295.08
Germany,Europe,2021-07-06,83783945,4959.19,1781689.78,55.91,21793.11,210382.31,43041677.39
Germany,Europe,2021-07-07,83783945,4384.58,1786074.36,54.31,21847.42,209431.04,43251108.43
Germany,Europe,2021-07-08,83783945,4548.93,1790623.3,44.92,21892.34,208464.99,43459573.42
Germany,Europe,2021-07-09,83783945,4842.48,1795465.78,50.95,21943.29,207484.47,43667057.89
Germany,Europe,2021-07-10,83783945,4079.91,1799545.68,49.95,21993.24,206489.84,43873547.73
Germany,Europe,2021-07-11,83783945,4106.39,1803652.07,49.53,22042.77,205481.43,44079029.16
Germany,Europe,2021-07-12,83783945,5075.58,1808727.65,53.17,22095.94,204459.57,44283488.73
Germany,Europe,2021-07-13,83783945,4802.02,1813529.67,51.9,22147.84,203424.61,44486913.33
Germany,Europe,2021-07-14,83783945,4697.15,1818226.81,47.85,22195.68,202376.89,44689290.22
Germany,Europe,2021-07-15,83783945,4850.59,1823077.4,61.85,22257.53,201316.75,44890606.97
Germany,Europe,2021-07-16,83783945,4081.78,1827159.18,33.24,22290.77,200244.54,45090851.5
Germany,Europe,2021-07-17,83783945,4920.29,1832079.47,50.95,22341.72,199160.6,45290012.1
Germany,Europe,2021-07-18,83783945,4793.36,1836872.83,42.62,22384.34,198065.29,45488077.39
Germany,Europe,2021-07-19,83783945,5448.0,1842320.82,68.73,22453.07,196958.94,45685036.33
Germany,Europe,2021-07-20,83783945,5544.44,1847865.27,52.11,22505.18,195841.91,45880878.24
Germany,Europe,2021-07-21,83783945,5467.26,1853332.53,65.86,22571.04,194714.54,46075592.78
Germany,Europe,2021-07-22,83783945,5472.76,1858805.29,78.79,22649.83,193577.18,46269169.96
Germany,Europe,2021-07-23,83783945,4878.84,1863684.13,71.93,22721.76,192430.18,46461600.14
Germany,Europe,2021-07-24,83783945,5677.81,1869361.93,53.69,22775.45,191273.88,46652874.02
Germany,Europe,2021-07-25,83783945,5759.1,1875121.03,71.5,22846.94,190108.64,46842982.66
Germany,Europe,2021-07-26,83783945,6041.87,1881162.9,64.59,22911.53,188934.78,47031917.44
Germany,Europe,2021-07-27,83783945,6414.14,1887577.04,67.42,22978.96,187752.67,47219670.11
Germany,Europe,2021-07-28,83783945,5146.52,1892723.57,60.85,23039.81,186562.64,47406232.75
Germany,Europe,2021-07-29,83783945,5668.49,1898392.06,77.85,23117.66,185365.03,47591597.78
Germany,Europe,2021-07-30,83783945,5609.56,1904001.62,72.11,23189.77,184160.18,47775757.96
Germany,Europe,2021-07-31,83783945,5993.93,1909995.55,66.21,23255.98,182948.44,47958706.4
Germany,Europe,2021-08-01,83783945,6001.7,1915997.25,77.66,23333.64,181730.13,48140436.53
Germany,Europe,2021-08-02,83783945,5977.77,1921975.03,53.78,23387.42,180505.59,48320942.12
Germany,Europe,2021-08-03,83783945,6481.23,1928456.26,71.75,23459.17,179275.16,48500217.28
Germany,Europe,2021-08-04,83783945,5797.09,1934253.35,62.97,23522.15,178039.16,48678256.44
Germany,Europe,2021-08-05,83783945,5878.31,1940131.66,71.17,23593.31,176797.92,48855054.35
Germany,Europe,2021-08-06,83783945,5943.4,1946075.06,69.7,23663.01,175551.76,49030606.11
Germany,Europe,2021-08-07,83783945,6233.96,1952309.02,73.68,23736.69,174301.0,49204907.11
Germany,Europe,2021-08-08,83783945,5987.25,1958296.26,70.45,23807.13,173045.98,49377953.09
Germany,Europe,2021-08-09,83783945,6456.37,1964752.63,77.66,23884.79,171786.99,49549740.08
Germany,Europe,2021-08-10,83783945,6470.48,1971223.11,81.97,23966.76,170524.35,49720264.43
Germany,Europe,2021-08-11,83783945,6307.01,1977530.12,76.88,24043.64,169258.37,49889522.8
Germany,Europe,2021-08-12,83783945,6940.83,1984470.96,81.02,24124.65,167989.36,50057512.16
Germany,Europe,2021-08-13,83783945,6665.7,1991136.66,83.2,24207.85,166717.63,50224229.79
Germany,Europe,2021-08-14,83783945,7108.73,1998245.39,91.91,24299.77,165443.45,50389673.24
Germany,Europe,2021-08-15,83783945,6717.52,2004962.91,76.16,24375.93,164167.15,50553840.39
Germany,Europe,2021-08-16,83783945,6825.0,2011787.91,81.42,24457.35,162888.99,50716729.39
Germany,Europe,2021-08-17,83783945,6682.83,2018470.74,89.49,24546.84,161609.28,50878338.67
Germany,Europe,2021-08-18,83783945,6922.28,2025393.02,74.25,24621.09,160328.3,51038666.97
Germany,Europe,2021-08-19,83783945,7217.57,2032610.59,101.05,24722.14,159046.32,51197713.28
Germany,Europe,2021-08-20,83783945,6866.42,2039477.01,71.68,24793.82,157763.62,51355476.9
Germany,Europe,2021-08-21,83783945,7232.45,2046709.46,84.03,24877.85,156480.47,51511957.37
Germany,Europe,2021-08-22,83783945,6805.66,2053515.12,74.07,24951.91,155197.14,51667154.5
Germany,Europe,2021-08-23,83783945,7393.37,2060908.49,106.22,25058.14,153913.89,51821068.39
Germany,Europe,2021-08-24,83783945,6960.77,2067869.26,79.5,25137.64,152630.98,51973699.37
Germany,Europe,2021-08-25,83783945,7496.26,2075365.52,85.95,25223.59,151348.66,52125048.03
Germany,Europe,2021-08-26,83783945,7252.34,2082617.86,84.06,25307.65,150067.19,52275115.22
Germany,Europe,2021-08-27,83783945,7794.53,2090412.39,94.3,25401.95,148786.8,52423902.02
Germany,Europe,2021-08-28,83783945,6887.81,2097300.2,80.03,25481.98,147507.75,52571409.77
Germany,Europe,2021-08-29,83783945,6802.93,2104103.13,80.57,25562.55,146230.26,52717640.03
Germany,Europe,2021-08-30,83783945,7130.07,2111233.21,57.33,25619.88,144954.56,52862594.59
Germany,Europe,2021-08-31,83783945,6885.57,2118118.78,83.08,25702.96,143680.89,53006275.48
Germany,Europe,2021-09-01,83783945,6908.93,2125027.7,83.05,25786.01,142409.46,53148684.94
Germany,Europe,2021-09-02,83783945,7631.37,2132659.07,99.88,25885.89,141140.5,53289825.45
Germany,Europe,2021-09-03,83783945,7431.54,2140090.61,99.65,25985.54,139874.21,53429699.66
Germany,Europe,2021-09-04,83783945,7282.5,2147373.11,85.89,26071.43,138610.81,53568310.47
Germany,Europe,2021-09-05,83783945,7330.54,2154703.64,94.5,26165.93,137350.49,53705660.96
Germany,Europe,2021-09-06,83783945,7270.72,2161974.37,78.44,26244.37,136093.47,53841754.43
Germany,Europe,2021-09-07,83783945,8069.34,2170043.71,102.97,26347.34,134839.92,53976594.35
Germany,Europe,2021-09-08,83783945,7244.42,2177288.12,82.35,26429.69,133590.04,54110184.39
Germany,Europe,2021-09-09,83783945,7047.39,2184335.51,75.09,26504.78,132344.02,54242528.41
Germany,Europe,2021-09-10,83783945,7795.2,2192130.71,92.06,26596.84,131102.04,54373630.44
Germany,Europe,2021-09-11,83783945,7445.67,2199576.38,100.55,26697.39,129864.26,54503494.7
Germany,Europe,2021-09-12,83783945,8237.5,2207813.87,100.3,26797.69,128630.87,54632125.58
Germany,Europe,2021-09-13,83783945,7340.65,2215154.52,100.06,26897.75,127402.03,54759527.61
Germany,Europe,2021-09-14,83783945,7819.95,2222974.48,87.85,26985.6,126177.9,54885705.51
Germany,Europe,2021-09-15,83783945,7899.81,2230874.28,103.18,27088.78,124958.64,55010664.14
Germany,Europe,2021-09-16,83783945,7333.9,2238208.19,82.79,27171.57,123744.4,55134408.54
Germany,Europe,2021-09-17,83783945,7249.83,2245458.01,88.8,27260.37,122535.33,55256943.87
Germany,Europe,2021-09-18,83783945,7760.96,2253218.98,94.87,27355.23,121331.57,55378275.43
Germany,Europe,2021-09-19,83783945,7692.49,2260911.47,97.6,27452.84,120133.26,55498408.7
Germany,Europe,2021-09-20,83783945,6985.53,2267897.0,85.83,27538.67,118940.55,55617349.24
Germany,Europe,2021-09-21,83783945,7070.44,2274967.44,78.93,27617.6,117753.55,55735102.79
Germany,Europe,2021-09-22,83783945,6561.97,2281529.4,85.79,27703.39,116572.39,55851675.18
Germany,Europe,2021-09-23,83783945,7640.63,2289170.03,105.54,27808.93,115397.2,55967072.38
Germany,Europe,2021-09-24,83783945,7321.35,2296491.38,83.19,27892.11,114228.1,56081300.48
Germany,Europe,2021-09-25,83783945,7335.2,2303826.58,73.34,27965.45,113065.19,56194365.67
Germany,Europe,2021-09-26,83783945,6777.15,2310603.73,85.32,28050.77,111908.59,56306274.26
Germany,Europe,2021-09-27,83783945,6960.29,2317564.01,80.87,28131.65,110758.4,56417032.67
Germany,Europe,2021-09-28,83783945,7151.07,2324715.09,84.76,28216.41,109614.73,56526647.4
Germany,Europe,2021-09-29,83783945,7055.08,2331770.17,89.11,28305.52,108477.67,56635125.07
Germany,Europe,2021-09-30,83783945,7301.99,2339072.16,83.97,28389.49,107347.31,56742472.38
Germany,Europe,2021-10-01,83783945,7433.64,2346505.8,87.05,28476.55,106223.74,56848696.12
Germany,Europe,2021-10-02,83783945,7990.83,2354496.63,95.09,28571.64,105107.05,56953803.17
Germany,Europe,2021-10-03,83783945,7154.89,2361651.52,97.62,28669.25,103997.33,57057800.5
Germany,Europe,2021-10-04,83783945,7516.12,2369167.64,90.43,28759.69,102894.64,57160695.13
Germany,Europe,2021-10-05,83783945,6797.5,2375965.14,71.68,28831.37,101799.06,57262494.19
Germany,Europe,2021-10-06,83783945,6462.49,2382427.63,67.98,28899.35,100710.67,57363204.86
Germany,Europe,2021-10-07,83783945,6884.63,2389312.26,83.73,28983.08,99629.52,57462834.38
Germany,Europe,2021-10-08,83783945,6406.46,2395718.71,67.84,29050.93,98555.69,57561390.07
Germany,Europe,2021-10-09,83783945,6927.07,2402645.78,70.63,29121.55,97489.23,57658879.3
Germany,Europe,2021-10-10,83783945,6603.63,2409249.41,84.33,29205.88,96430.2,57755309.51
Germany,Europe,2021-10-11,83783945,6146.25,2415395.66,79.23,29285.11,95378.66,57850688.16
Germany,Europe,2021-10-12,83783945,7389.95,2422785.61,85.73,29370.84,94334.65,57945022.81
Germany,Europe,2021-10-13,83783945,6544.97,2429330.59,80.89,29451.73,93298.21,58038321.02
Germany,Europe,2021-10-14,83783945,6109.43,2435440.02,74.82,29526.55,92269.4,58130590.43
Germany,Europe,2021-10-15,83783945,6945.18,2442385.2,88.16,29614.71,91248.26,58221838.69
Germany,Europe,2021-10-16,83783945,6322.81,2448708.01,80.71,29695.43,90234.81,58312073.5
Germany,Europe,2021-10-17,83783945,6905.19,2455613.2,62.02,29757.44,89229.11,58401302.61
Germany,Europe,2021-10-18,83783945,6211.61,2461824.81,72.62,29830.06,88231.16,58489533.77
Germany,Europe,2021-10-19,83783945,6222.53,2468047.34,78.81,29908.87,87241.02,58576774.79
Germany,Europe,2021-10-20,83783945,6475.01,2474522.35,74.42,29983.29,86258.69,58663033.48
Germany,Europe,2021-10-21,83783945,6503.38,2481025.72,78.33,30061.62,85284.21,58748317.7
Germany,Europe,2021-10-22,83783945,6505.15,2487530.87,84.07,30145.68,84317.6,58832635.29
Germany,Europe,2021-10-23,83783945,6144.25,2493675.12,74.38,30220.06,83358.87,58915994.16
Germany,Europe,2021-10-24,83783945,6299.22,2499974.34,87.65,30307.72,82408.03,58998402.19
Germany,Europe,2021-10-25,83783945,6312.84,2506287.18,84.77,30392.49,81465.11,59079867.3
Germany,Europe,2021-10-26,83783945,6058.89,2512346.07,71.76,30464.24,80530.1,59160397.4
Germany,Europe,2021-10-27,83783945,5874.78,2518220.86,68.91,30533.16,79603.03,59240000.43
Germany,Europe,2021-10-28,83783945,5354.12,2523574.98,41.45,30574.6,78683.89,59318684.32
Germany,Europe,2021-10-29,83783945,6004.22,2529579.19,69.44,30644.04,77772.68,59396457.0
Germany,Europe,2021-10-30,83783945,5743.11,2535322.31,58.09,30702.13,76869.42,59473326.42
Germany,Europe,2021-10-31,83783945,5516.8,2540839.1,67.97,30770.11,75974.09,59549300.51
Germany,Europe,2021-11-01,83783945,6041.38,2546880.49,73.72,30843.83,75086.7,59624387.21
Germany,Europe,2021-11-02,83783945,5026.47,2551906.95,65.88,30909.71,74207.23,59698594.45
Germany,Europe,2021-11-03,83783945,6033.14,2557940.09,83.57,30993.28,73335.69,59771930.14
Germany,Europe,2021-11-04,83783945,5380.97,2563321.06,64.36,31057.64,72472.06,59844402.2
Germany,Europe,2021-11-05,83783945,5430.49,2568751.56,83.41,31141.05,71616.33,59916018.53
Germany,Europe,2021-11-06,83783945,5111.29,2573862.85,63.2,31204.25,70768.49,59986787.02
Germany,Europe,2021-11-07,83783945,4595.91,2578458.76,44.67,31248.92,69928.52,60056715.54
Germany,Europe,2021-11-08,83783945,5060.03,2583518.79,56.22,31305.14,69096.41,60125811.96
Germany,Europe,2021-11-09,83783945,5155.28,2588674.06,58.88,31364.02,68272.14,60194084.1
Germany,Europe,2021-11-10,83783945,5203.77,2593877.83,67.18,31431.2,67455.69,60261539.79
Germany,Europe,2021-11-11,83783945,4826.55,2598704.38,50.34,31481.54,66647.04,60328186.83
Germany,Europe,2021-11-12,83783945,4057.07,2602761.45,46.3,31527.84,65846.16,60394032.99
Germany,Europe,2021-11-13,83783945,4213.34,2606974.8,49.27,31577.12,65053.03,60459086.02
Germany,Europe,2021-11-14,83783945,5399.5,2612374.3,61.21,31638.33,64267.63,60523353.65
Germany,Europe,2021-11-15,83783945,4227.22,2616601.52,57.22,31695.54,63489.93,60586843.58
Germany,Europe,2021-11-16,83783945,5037.36,2621638.88,65.58,31761.12,62719.9,60649563.47
Germany,Europe,2021-11-17,83783945,4139.27,2625778.15,59.0,31820.13,61957.5,60711520.97
Germany,Europe,2021-11-18,83783945,4330.69,2630108.84,49.32,31869.45,61202.72,60772723.69
Germany,Europe,2021-11-19,83783945,4541.8,2634650.65,64.12,31933.57,60455.51,60833179.21
Germany,Europe,2021-11-20,83783945,3964.46,2638615.11,36.66,31970.23,59715.85,60892895.06
Germany,Europe,2021-11-21,83783945,4737.5,2643352.61,45.74,32015.97,58983.7,60951878.76
Germany,Europe,2021-11-22,83783945,4135.61,2647488.21,39.92,32055.89,58259.02,61010137.78
Germany,Europe,2021-11-23,83783945,4199.49,2651687.7,50.47,32106.36,57541.78,61067679.56
Germany,Europe,2021-11-24,83783945,3873.86,2655561.56,56.11,32162.46,56831.94,61124511.5
Germany,Europe,2021-11-25,83783945,4127.69,2659689.25,44.72,32207.18,56129.46,61180640.96
Germany,Europe,2021-11-26,83783945,4379.62,2664068.87,48.74,32255.92,55434.31,61236075.26
Germany,Europe,2021-11-27,83783945,3711.34,2667780.21,42.81,32298.73,54746.43,61290821.7
Germany,Europe,2021-11-28,83783945,4293.3,2672073.51,56.1,32354.83,54065.8,61344887.5
Germany,Europe,2021-11-29,83783945,3404.83,2675478.34,37.04,32391.87,53392.37,61398279.87
Germany,Europe,2021-11-30,83783945,3817.73,2679296.07,41.55,32433.41,52726.1,61451005.97
Germany,Europe,2021-12-01,83783945,3653.34,2682949.4,33.08,32466.49,52066.94,61503072.9
Germany,Europe,2021-12-02,83783945,3040.45,2685989.86,31.91,32498.4,51414.85,61554487.75
Germany,Europe,2021-12-03,83783945,3422.09,2689411.95,50.48,32548.89,50769.78,61605257.53
Germany,Europe,2021-12-04,83783945,3283.15,2692695.11,40.13,32589.01,50131.7,61655389.23
Germany,Europe,2021-12-05,83783945,2915.81,2695610.91,29.07,32618.08,49500.55,61704889.78
Germany,Europe,2021-12-06,83783945,3274.13,2698885.04,49.18,32667.26,48876.29,61753766.06
Germany,Europe,2021-12-07,83783945,3135.01,2702020.06,32.94,32700.2,48258.87,61802024.93
Germany,Europe,2021-12-08,83783945,2993.99,2705014.05,47.29,32747.49,47648.24,61849673.17
Germany,Europe,2021-12-09,83783945,2931.59,2707945.63,46.41,32793.89,47044.36,61896717.54
Germany,Europe,2021-12-10,83783945,2860.91,2710806.55,34.78,32828.67,46447.18,61943164.72
Germany,Europe,2021-12-11,83783945,2701.2,2713507.75,20.43,32849.1,45856.65,61989021.37
Germany,Europe,2021-12-12,83783945,2816.99,2716324.74,52.12,32901.22,45272.72,62034294.08
Germany,Europe,2021-12-13,83783945,2481.51,2718806.25,32.88,32934.1,44695.34,62078989.42
Germany,Europe,2021-12-14,83783945,3576.29,2722382.55,40.32,32974.42,44124.46,62123113.88
Germany,Europe,2021-12-15,83783945,2093.39,2724475.93,32.77,33007.19,43560.03,62166673.91
Germany,Europe,2021-12-16,83783945,2322.96,2726798.89,33.49,33040.68,43002.0,62209675.91
Germany,Europe,2021-12-17,83783945,2292.31,2729091.21,38.0,33078.68,42450.33,62252126.24
Germany,Europe,2021-12-18,83783945,3125.95,2732217.16,32.21,33110.89,41904.95,62294031.18
Germany,Europe,2021-12-19,83783945,1892.94,2734110.1,25.26,33136.15,41365.82,62335397.01
Germany,Europe,2021-12-20,83783945,2448.05,2736558.15,19.89,33156.04,40832.89,62376229.9
Germany,Europe,2021-12-21,83783945,2330.67,2738888.82,33.3,33189.34,40306.11,62416536.01
Germany,Europe,2021-12-22,83783945,2306.04,2741194.87,27.49,33216.83,39785.42,62456321.42
Germany,Europe,2021-12-23,83783945,2568.35,2743763.21,33.07,33249.9,39270.77,62495592.2
Germany,Europe,2021-12-24,83783945,2508.31,2746271.52,28.93,33278.83,38762.12,62534354.32
Germany,Europe,2021-12-25,83783945,1872.88,2748144.41,20.47,33299.3,38259.41,62572613.72
Germany,Europe,2021-12-26,83783945,2047.38,2750191.79,17.62,33316.92,37762.58,62610376.3
Germany,Europe,2021-12-27,83783945,1276.62,2751468.41,21.64,33338.56,37271.59,62647647.89
Germany,Europe,2021-12-28,83783945,1914.14,2753382.55,34.89,33373.45,36786.38,62684434.27
Germany,Europe,2021-12-29,83783945,1552.78,2754935.33,14.18,33387.63,36306.91,62720741.19
Germany,Europe,2021-12-30,83783945,1717.49,2756652.82,25.04,33412.67,35833.12,62756574.31
Germany,Europe,2021-12-31,83783945,1145.72,2757798.54,17.21,33429.87,35364.96,62791939.26
Germany,Europe,2022-01-01,83783945,1831.01,2759629.54,22.04,33451.91,34902.37,62826841.63
Germany,Europe,2022-01-02,83783945,1050.03,2760679.58,0.39,33452.3,34445.31,62861286.94
Germany,Europe,2022-01-03,83783945,1651.09,2762330.67,9.4,33461.7,33993.72,62895280.66
Germany,Europe,2022-01-04,83783945,1126.11,2763456.78,7.27,33468.96,33547.56,62928828.22
Germany,Europe,2022-01-05,83783945,1215.03,2764671.8,0.0,33468.96,33106.76,62961934.98
Germany,Europe,2022-01-06,83783945,1874.4,2766546.2,33.76,33502.72,32671.28,62994606.26
Germany,Europe,2022-01-07,83783945,1634.68,2768180.88,22.56,33525.28,32241.07,63026847.34
Germany,Europe,2022-01-08,83783945,1790.61,2769971.48,21.25,33546.53,31816.08,63058663.42
Germany,Europe,2022-01-09,83783945,1894.59,2771866.07,5.21,33551.74,31396.25,63090059.68
Germany,Europe,2022-01-10,83783945,1039.3,2772905.37,0.0,33551.74,30981.54,63121041.22
Germany,Europe,2022-01-11,83783945,1796.35,2774701.73,21.54,33573.28,30571.89,63151613.11
Germany,Europe,2022-01-12,83783945,721.51,2775423.23,24.42,33597.7,30167.26,63181780.37
Germany,Europe,2022-01-13,83783945,1459.08,2776882.32,11.92,33609.62,29767.58,63211547.95
Germany,Europe,2022-01-14,83783945,989.59,2777871.91,18.79,33628.4,29372.83,63240920.78
Germany,Europe,2022-01-15,83783945,801.75,2778673.65,5.78,33634.19,28982.93,63269903.71
Germany,Europe,2022-01-16,83783945,1308.29,2779981.94,16.14,33650.33,28597.84,63298501.55
Germany,Europe,2022-01-17,83783945,1390.6,2781372.54,26.4,33676.73,28217.52,63326719.08
Germany,Europe,2022-01-18,83783945,1347.62,2782720.15,13.4,33690.13,27841.92,63354560.99
Germany,Europe,2022-01-19,83783945,1070.64,2783790.79,7.33,33697.46,27470.98,63382031.97
Germany,Europe,2022-01-20,83783945,1010.53,2784801.33,23.47,33720.93,27104.65,63409136.63
Germany,Europe,2022-01-21,83783945,1118.4,2785919.73,13.79,33734.72,26742.9,63435879.52
Germany,Europe,2022-01-22,83783945,1010.7,2786930.43,20.86,33755.58,26385.66,63462265.19
Germany,Europe,2022-01-23,83783945,1064.97,2787995.4,7.3,33762.87,26032.9,63488298.08
Germany,Europe,2022-01-24,83783945,918.71,2788914.11,22.28,33785.15,25684.56,63513982.64
Germany,Europe,2022-01-25,83783945,1114.81,2790028.93,15.57,33800.72,25340.59,63539323.23
Germany,Europe,2022-01-26,83783945,223.54,2790252.46,6.16,33806.88,25000.96,63564324.19
Germany,Europe,2022-01-27,83783945,721.02,2790973.48,9.71,33816.58,24665.61,63588989.79
Germany,Europe,2022-01-28,83783945,257.2,2791230.68,0.0,33816.58,24334.49,63613324.28
Germany,Europe,2022-01-29,83783945,813.64,2792044.32,9.75,33826.33,24007.56,63637331.85
Germany,Europe,2022-01-30,83783945,1267.37,2793311.69,11.67,33838.0,23684.78,63661016.62
Germany,Europe,2022-01-31,83783945,503.31,2793815.0,13.72,33851.72,23366.09,63684382.72
India,Asia,2020-02-01,1380004385,22.72,22.72,0.74,0.74,0.0,0.0
India,Asia,2020-02-02,1380004385,0.64,23.36,4.4,5.14,0.0,0.0
India,Asia,2020-02-03,1380004385,85.07,108.44,0.0,5.14,0.0,0.0
India,Asia,2020-02-04,1380004385,126.81,235.24,3.75,8.88,0.0,0.0
India,Asia,2020-02-05,1380004385,0.0,235.24,1.26,10.15,0.0,0.0
India,Asia,2020-02-06,1380004385,5.91,241.15,6.29,16.44,0.0,0.0
India,Asia,2020-02-07,1380004385,159.73,400.88,8.37,24.81,0.0,0.0
India,Asia,2020-02-08,1380004385,141.68,542.56,0.0,24.81,0.0,0.0
India,Asia,2020-02-09,1380004385,210.06,752.63,0.0,24.81,0.0,0.0
India,Asia,2020-02-10,1380004385,128.84,881.47,9.56,34.37,0.0,0.0
India,Asia,2020-02-11,1380004385,429.12,1310.58,14.65,49.03,0.0,0.0
India,Asia,2020-02-12,1380004385,469.95,1780.53,0.0,49.03,0.0,0.0
India,Asia,2020-02-13,1380004385,400.32,2180.85,0.0,49.03,0.0,0.0
India,Asia,2020-02-14,1380004385,666.1,2846.95,8.79,57.81,0.0,0.0
India,Asia,2020-02-15,1380004385,602.53,3449.49,14.68,72.49,0.0,0.0
India,Asia,2020-02-16,1380004385,375.9,3825.39,18.89,91.38,0.0,0.0
India,Asia,2020-02-17,1380004385,729.45,4554.84,12.88,104.26,0.0,0.0
India,Asia,2020-02-18,1380004385,476.71,5031.56,2.75,107.01,0.0,0.0
India,Asia,2020-02-19,1380004385,1038.59,6070.15,5.32,112.33,0.0,0.0
India,Asia,2020-02-20,1380004385,882.18,6952.34,10.68,123.01,0.0,0.0
India,Asia,2020-02-21,1380004385,941.48,7893.82,8.9,131.91,0.0,0.0
India,Asia,2020-02-22,1380004385,893.85,8787.67,2.61,134.52,0.0,0.0
India,Asia,2020-02-23,1380004385,1614.56,10402.23,35.76,170.28,0.0,0.0
India,Asia,2020-02-24,1380004385,1294.56,11696.79,29.82,200.1,0.0,0.0
India,Asia,2020-02-25,1380004385,1332.42,13029.2,25.08,225.17,0.0,0.0
India,Asia,2020-02-26,1380004385,1443.38,14472.58,9.95,235.13,0.0,0.0
India,Asia,2020-02-27,1380004385,1841.35,16313.93,28.94,264.06,0.0,0.0
India,Asia,2020-02-28,1380004385,1875.64,18189.57,27.62,291.69,0.0,0.0
India,Asia,2020-02-29,1380004385,1989.32,20178.88,27.41,319.1,0.0,0.0
India,Asia,2020-03-01,1380004385,2097.38,22276.26,35.17,354.27,0.0,0.0
India,Asia,2020-03-02,1380004385,2802.67,25078.93,38.72,392.98,0.0,0.0
India,Asia,2020-03-03,1380004385,2022.3,27101.23,30.19,423.17,0.0,0.0
India,Asia,2020-03-04,1380004385,2101.82,29203.05,30.32,453.49,0.0,0.0
India,Asia,2020-03-05,1380004385,2118.15,31321.2,28.14,481.63,0.0,0.0
India,Asia,2020-03-06,1380004385,2745.9,34067.1,18.68,500.31,0.0,0.0
India,Asia,2020-03-07,1380004385,3058.45,37125.55,37.37,537.68,0.0,0.0
India,Asia,2020-03-08,1380004385,2762.28,39887.83,28.7,566.38,0.0,0.0
India,Asia,2020-03-09,1380004385,2652.99,42540.82,21.6,587.98,0.0,0.0
India,Asia,2020-03-10,1380004385,2809.59,45350.41,47.17,635.15,0.0,0.0
India,Asia,2020-03-11,1380004385,3483.39,48833.8,55.63,690.78,0.0,0.0
India,Asia,2020-03-12,1380004385,3679.97,52513.78,55.03,745.81,0.0,0.0
India,Asia,2020-03-13,1380004385,3780.89,56294.67,47.41,793.23,0.0,0.0
India,Asia,2020-03-14,1380004385,3535.82,59830.49,53.23,846.46,0.0,0.0
India,Asia,2020-03-15,1380004385,4035.18,63865.67,48.52,894.98,0.0,0.0
India,Asia,2020-03-16,1380004385,4187.34,68053.02,51.87,946.85,0.0,0.0
India,Asia,2020-03-17,1380004385,4423.22,72476.24,44.33,991.18,0.0,0.0
India,Asia,2020-03-18,1380004385,4859.67,77335.91,61.49,1052.67,0.0,0.0
India,Asia,2020-03-19,1380004385,4848.93,82184.84,58.67,1111.34,0.0,0.0
India,Asia,2020-03-20,1380004385,5232.49,87417.32,52.37,1163.71,0.0,0.0
India,Asia,2020-03-21,1380004385,5251.12,92668.45,62.6,1226.32,0.0,0.0
India,Asia,2020-03-22,1380004385,5569.86,98238.31,66.2,1292.52,0.0,0.0
India,Asia,2020-03-23,1380004385,5939.62,104177.93,85.66,1378.17,0.0,0.0
India,Asia,2020-03-24,1380004385,5467.66,109645.59,72.77,1450.94,0.0,0.0
India,Asia,2020-03-25,1380004385,6133.95,115779.53,73.7,1524.64,0.0,0.0
India,Asia,2020-03-26,1380004385,6358.74,122138.27,78.3,1602.93,0.0,0.0
India,Asia,2020-03-27,1380004385,6586.86,128725.13,79.4,1682.33,0.0,0.0
India,Asia,2020-03-28,1380004385,7011.0,135736.13,82.51,1764.84,0.0,0.0
India,Asia,2020-03-29,1380004385,7937.27,143673.39,86.59,1851.42,0.0,0.0
India,Asia,2020-03-30,1380004385,7427.82,151101.22,87.93,1939.35,0.0,0.0
India,Asia,2020-03-31,1380004385,8396.84,159498.06,94.79,2034.14,0.0,0.0
India,Asia,2020-04-01,1380004385,7806.43,167304.5,83.67,2117.82,0.0,0.0
India,Asia,2020-04-02,1380004385,8626.29,175930.79,107.61,2225.42,0.0,0.0
India,Asia,2020-04-03,1380004385,9159.25,185090.03,113.04,2338.46,0.0,0.0
India,Asia,2020-04-04,1380004385,9677.1,194767.13,101.83,2440.3,0.0,0.0
India,Asia,2020-04-05,1380004385,10101.48,204868.61,120.24,2560.53,0.0,0.0
India,Asia,2020-04-06,1380004385,10521.98,215390.59,134.23,2694.76,0.0,0.0
India,Asia,2020-04-07,1380004385,10525.23,225915.82,134.78,2829.54,0.0,0.0
India,Asia,2020-04-08,1380004385,10899.79,236815.62,139.0,2968.54,0.0,0.0
India,Asia,2020-04-09,1380004385,11787.67,248603.29,141.76,3110.31,0.0,0.0
India,Asia,2020-04-10,1380004385,11857.72,260461.0,135.53,3245.84,0.0,0.0
India,Asia,2020-04-11,1380004385,11927.07,272388.08,134.46,3380.29,0.0,0.0
India,Asia,2020-04-12,1380004385,12437.47,284825.55,152.01,3532.3,0.0,0.0
India,Asia,2020-04-13,1380004385,12984.59,297810.14,158.85,3691.15,0.0,0.0
India,Asia,2020-04-14,1380004385,13964.44,311774.58,177.87,3869.02,0.0,0.0
India,Asia,2020-04-15,1380004385,14336.1,326110.69,180.83,4049.85,0.0,0.0
India,Asia,2020-04-16,1380004385,15035.54,341146.23,179.37,4229.22,0.0,0.0
India,Asia,2020-04-17,1380004385,15163.74,356309.97,172.01,4401.23,0.0,0.0
India,Asia,2020-04-18,1380004385,15899.96,372209.92,188.25,4589.48,0.0,0.0
India,Asia,2020-04-19,1380004385,16606.36,388816.29,201.01,4790.49,0.0,0.0
India,Asia,2020-04-20,1380004385,16833.77,405650.06,200.39,4990.88,0.0,0.0
India,Asia,2020-04-21,1380004385,17668.2,423318.26,207.4,5198.28,0.0,0.0
India,Asia,2020-04-22,1380004385,17854.49,441172.74,216.28,5414.55,0.0,0.0
India,Asia,2020-04-23,1380004385,18548.39,459721.14,218.55,5633.1,0.0,0.0
India,Asia,2020-04-24,1380004385,19142.5,478863.64,224.69,5857.79,0.0,0.0
India,Asia,2020-04-25,1380004385,19469.44,498333.08,236.12,6093.91,0.0,0.0
India,Asia,2020-04-26,1380004385,20681.36,519014.44,244.96,6338.87,0.0,0.0
India,Asia,2020-04-27,1380004385,20980.47,539994.91,253.72,6592.59,0.0,0.0
India,Asia,2020-04-28,1380004385,21793.69,561788.59,263.71,6856.3,0.0,0.0
India,Asia,2020-04-29,1380004385,22612.64,584401.24,262.24,7118.54,0.0,0.0
India,Asia,2020-04-30,1380004385,23266.02,607667.26,275.34,7393.88,0.0,0.0
India,Asia,2020-05-01,1380004385,24018.02,631685.28,299.72,7693.6,0.0,0.0
India,Asia,2020-05-02,1380004385,24435.85,656121.13,283.93,7977.53,0.0,0.0
India,Asia,2020-05-03,1380004385,25016.84,681137.97,283.27,8260.8,0.0,0.0
India,Asia,2020-05-04,1380004385,25840.97,706978.94,295.2,8556.0,0.0,0.0
India,Asia,2020-05-05,1380004385,25991.06,732969.99,312.13,8868.12,0.0,0.0
India,Asia,2020-05-06,1380004385,26796.42,759766.42,321.8,9189.93,0.0,0.0
India,Asia,2020-05-07,1380004385,27569.43,787335.84,329.89,9519.82,0.0,0.0
India,Asia,2020-05-08,1380004385,28420.59,815756.43,350.76,9870.58,0.0,0.0
India,Asia,2020-05-09,1380004385,29654.2,845410.63,334.47,10205.05,0.0,0.0
India,Asia,2020-05-10,1380004385,29948.98,875359.61,362.56,10567.61,0.0,0.0
India,Asia,2020-05-11,1380004385,30891.7,906251.31,383.19,10950.8,0.0,0.0
India,Asia,2020-05-12,1380004385,32243.03,938494.35,377.89,11328.69,0.0,0.0
India,Asia,2020-05-13,1380004385,32433.45,970927.8,386.16,11714.85,0.0,0.0
India,Asia,2020-05-14,1380004385,33591.23,1004519.03,397.07,12111.93,0.0,0.0
India,Asia,2020-05-15,1380004385,33785.89,1038304.93,398.28,12510.2,0.0,0.0
India,Asia,2020-05-16,1380004385,34824.38,1073129.31,415.28,12925.48,0.0,0.0
India,Asia,2020-05-17,1380004385,35350.93,1108480.25,435.63,13361.12,0.0,0.0
India,Asia,2020-05-18,1380004385,36354.9,1144835.15,450.96,13812.07,0.0,0.0
India,Asia,2020-05-19,1380004385,37560.17,1182395.32,448.03,14260.11,0.0,0.0
India,Asia,2020-05-20,1380004385,37455.81,1219851.13,464.71,14724.82,0.0,0.0
India,Asia,2020-05-21,1380004385,39007.9,1258859.03,468.38,15193.2,0.0,0.0
India,Asia,2020-05-22,1380004385,39735.12,1298594.15,490.85,15684.05,0.0,0.0
India,Asia,2020-05-23,1380004385,40239.95,1338834.1,482.13,16166.18,0.0,0.0
India,Asia,2020-05-24,1380004385,40737.07,1379571.17,489.89,16656.07,0.0,0.0
India,Asia,2020-05-25,1380004385,42062.35,1421633.52,507.67,17163.75,0.0,0.0
India,Asia,2020-05-26,1380004385,42643.66,1464277.17,537.15,17700.9,0.0,0.0
India,Asia,2020-05-27,1380004385,43699.59,1507976.76,531.21,18232.11,0.0,0.0
India,Asia,2020-05-28,1380004385,44411.57,1552388.33,527.28,18759.39,0.0,0.0
India,Asia,2020-05-29,1380004385,45746.23,1598134.56,556.71,19316.09,0.0,0.0
India,Asia,2020-05-30,1380004385,45878.74,1644013.3,547.65,19863.74,0.0,0.0
India,Asia,2020-05-31,1380004385,46375.7,1690389.01,552.59,20416.33,0.0,0.0
India,Asia,2020-06-01,1380004385,47561.89,1737950.9,578.01,20994.35,0.0,0.0
India,Asia,2020-06-02,1380004385,48334.45,1786285.35,580.26,21574.61,0.0,0.0
India,Asia,2020-06-03,1380004385,49483.86,1835769.21,596.03,22170.64,0.0,0.0
India,Asia,2020-06-04,1380004385,50042.79,1885812.0,600.63,22771.27,0.0,0.0
India,Asia,2020-06-05,1380004385,50608.71,1936420.71,610.0,23381.27,0.0,0.0
India,Asia,2020-06-06,1380004385,51719.51,1988140.22,624.03,24005.3,0.0,0.0
India,Asia,2020-06-07,1380004385,51504.38,2039644.6,602.56,24607.86,0.0,0.0
India,Asia,2020-06-08,1380004385,52398.45,2092043.05,634.11,25241.97,0.0,0.0
India,Asia,2020-06-09,1380004385,52988.11,2145031.15,628.0,25869.97,0.0,0.0
India,Asia,2020-06-10,1380004385,53853.46,2198884.62,634.7,26504.67,0.0,0.0
India,Asia,2020-06-11,1380004385,54172.3,2253056.92,649.6,27154.28,0.0,0.0
India,Asia,2020-06-12,1380004385,55526.77,2308583.69,666.99,27821.27,0.0,0.0
India,Asia,2020-06-13,1380004385,55862.44,2364446.14,664.8,28486.07,0.0,0.0
India,Asia,2020-06-14,1380004385,56045.96,2420492.09,679.2,29165.27,0.0,0.0
India,Asia,2020-06-15,1380004385,56809.93,2477302.03,670.98,29836.25,0.0,0.0
India,Asia,2020-06-16,1380004385,57863.27,2535165.29,691.1,30527.35,0.0,0.0
India,Asia,2020-06-17,1380004385,58617.94,2593783.23,698.74,31226.09,0.0,0.0
India,Asia,2020-06-18,1380004385,59576.81,2653360.04,714.55,31940.64,0.0,0.0
India,Asia,2020-06-19,1380004385,60432.9,2713792.94,727.43,32668.07,0.0,0.0
India,Asia,2020-06-20,1380004385,60074.36,2773867.3,712.83,33380.9,0.0,0.0
India,Asia,2020-06-21,1380004385,60079.9,2833947.2,726.75,34107.65,0.0,0.0
India,Asia,2020-06-22,1380004385,60157.08,2894104.29,722.39,34830.04,0.0,0.0
India,Asia,2020-06-23,1380004385,61453.7,2955557.99,722.31,35552.35,0.0,0.0
India,Asia,2020-06-24,1380004385,61511.36,3017069.35,722.47,36274.81,0.0,0.0
India,Asia,2020-06-25,1380004385,62065.14,3079134.49,744.68,37019.5,0.0,0.0
India,Asia,2020-06-26,1380004385,62389.24,3141523.73,746.9,37766.4,0.0,0.0
India,Asia,2020-06-27,1380004385,62925.08,3204448.81,754.27,38520.67,0.0,0.0
India,Asia,2020-06-28,1380004385,63695.92,3268144.73,764.13,39284.8,0.0,0.0
India,Asia,2020-06-29,1380004385,63703.51,3331848.25,766.25,40051.05,0.0,0.0
India,Asia,2020-06-30,1380004385,63895.68,3395743.93,774.33,40825.38,0.0,0.0
India,Asia,2020-07-01,1380004385,63868.05,3459611.98,757.53,41582.9,0.0,0.0
India,Asia,2020-07-02,1380004385,63900.14,3523512.12,757.43,42340.33,0.0,0.0
India,Asia,2020-07-03,1380004385,64548.04,3588060.16,765.83,43106.16,0.0,0.0
India,Asia,2020-07-04,1380004385,64907.43,3652967.59,781.2,43887.36,0.0,0.0
India,Asia,2020-07-05,1380004385,65728.92,3718696.52,798.71,44686.07,0.0,0.0
India,Asia,2020-07-06,1380004385,65315.41,3784011.93,780.33,45466.4,0.0,0.0
India,Asia,2020-07-07,1380004385,65749.13,3849761.06,768.98,46235.38,0.0,0.0
India,Asia,2020-07-08,1380004385,65341.42,3915102.47,770.47,47005.84,0.0,0.0
India,Asia,2020-07-09,1380004385,65188.07,3980290.54,775.59,47781.44,0.0,0.0
India,Asia,2020-07-10,1380004385,65327.28,4045617.82,779.47,48560.9,0.0,0.0
India,Asia,2020-07-11,1380004385,65449.22,4111067.04,782.12,49343.02,0.0,0.0
India,Asia,2020-07-12,1380004385,66461.77,4177528.8,797.85,50140.87,0.0,0.0
India,Asia,2020-07-13,1380004385,65418.98,4242947.78,782.53,50923.41,0.0,0.0
India,Asia,2020-07-14,1380004385,65965.66,4308913.44,799.98,51723.39,0.0,0.0
India,Asia,2020-07-15,1380004385,65298.13,4374211.57,778.17,52501.56,0.0,0.0
India,Asia,2020-07-16,1380004385,65858.64,4440070.21,783.41,53284.97,0.0,0.0
India,Asia,2020-07-17,1380004385,65562.48,4505632.69,790.58,54075.55,0.0,0.0
India,Asia,2020-07-18,1380004385,65245.08,4570877.77,770.66,54846.2,0.0,0.0
India,Asia,2020-07-19,1380004385,65135.12,4636012.9,784.74,55630.94,0.0,0.0
India,Asia,2020-07-20,1380004385,64747.37,4700760.27,777.79,56408.73,0.0,0.0
India,Asia,2020-07-21,1380004385,64937.89,4765698.16,778.08,57186.8,0.0,0.0
India,Asia,2020-07-22,1380004385,64406.2,4830104.36,785.58,57972.39,0.0,0.0
India,Asia,2020-07-23,1380004385,63899.07,4894003.43,761.81,58734.2,0.0,0.0
India,Asia,2020-07-24,1380004385,63622.72,4957626.16,779.96,59514.15,0.0,0.0
India,Asia,2020-07-25,1380004385,63852.25,5021478.4,764.42,60278.58,0.0,0.0
India,Asia,2020-07-26,1380004385,64046.77,5085525.17,758.35,61036.92,0.0,0.0
India,Asia,2020-07-27,1380004385,63233.28,5148758.45,759.36,61796.28,0.0,0.0
India,Asia,2020-07-28,1380004385,62800.49,5211558.94,745.0,62541.27,0.0,0.0
India,Asia,2020-07-29,1380004385,62588.91,5274147.85,745.05,63286.33,0.0,0.0
India,Asia,2020-07-30,1380004385,62575.59,5336723.44,754.08,64040.41,0.0,0.0
India,Asia,2020-07-31,1380004385,61808.3,5398531.74,746.14,64786.56,0.0,0.0
India,Asia,2020-08-01,1380004385,61184.79,5459716.53,729.24,65515.8,0.0,0.0
India,Asia,2020-08-02,1380004385,61297.68,5521014.21,743.47,66259.27,0.0,0.0
India,Asia,2020-08-03,1380004385,60627.88,5581642.09,736.79,66996.06,0.0,0.0
India,Asia,2020-08-04,1380004385,60568.86,5642210.95,738.32,67734.38,0.0,0.0
India,Asia,2020-08-05,1380004385,59635.95,5701846.89,719.87,68454.24,0.0,0.0
India,Asia,2020-08-06,1380004385,58671.42,5760518.31,714.96,69169.21,0.0,0.0
India,Asia,2020-08-07,1380004385,58137.75,5818656.06,682.61,69851.82,0.0,0.0
India,Asia,2020-08-08,1380004385,58700.31,5877356.38,701.86,70553.68,0.0,0.0
India,Asia,2020-08-09,1380004385,58221.69,5935578.06,691.72,71245.4,0.0,0.0
India,Asia,2020-08-10,1380004385,57042.33,5992620.4,685.46,71930.86,0.0,0.0
India,Asia,2020-08-11,1380004385,56449.47,6049069.86,672.82,72603.68,0.0,0.0
India,Asia,2020-08-12,1380004385,56565.98,6105635.84,677.46,73281.15,0.0,0.0
India,Asia,2020-08-13,1380004385,55131.2,6160767.04,676.63,73957.78,0.0,0.0
India,Asia,2020-08-14,1380004385,54663.83,6215430.87,654.61,74612.39,0.0,0.0
India,Asia,2020-08-15,1380004385,54655.42,6270086.29,659.18,75271.56,0.0,0.0
India,Asia,2020-08-16,1380004385,53741.21,6323827.49,643.04,75914.6,0.0,0.0
India,Asia,2020-08-17,1380004385,53323.21,6377150.7,640.48,76555.08,0.0,0.0
India,Asia,2020-08-18,1380004385,52710.94,6429861.65,632.58,77187.66,0.0,0.0
India,Asia,2020-08-19,1380004385,52327.72,6482189.37,631.52,77819.18,0.0,0.0
India,Asia,2020-08-20,1380004385,52142.72,6534332.09,635.04,78454.22,0.0,0.0
India,Asia,2020-08-21,1380004385,51122.26,6585454.35,626.65,79080.86,0.0,0.0
India,Asia,2020-08-22,1380004385,50757.14,6636211.49,611.56,79692.43,0.0,0.0
India,Asia,2020-08-23,1380004385,49256.94,6685468.43,595.8,80288.23,0.0,0.0
India,Asia,2020-08-24,1380004385,49402.54,6734870.97,583.62,80871.85,0.0,0.0
India,Asia,2020-08-25,1380004385,48572.68,6783443.64,582.17,81454.02,0.0,0.0
India,Asia,2020-08-26,1380004385,47893.34,6831336.99,582.24,82036.26,0.0,0.0
India,Asia,2020-08-27,1380004385,47469.36,6878806.35,576.56,82612.82,0.0,0.0
India,Asia,2020-08-28,1380004385,47121.98,6925928.33,567.16,83179.98,0.0,0.0
India,Asia,2020-08-29,1380004385,47027.84,6972956.17,571.43,83751.4,0.0,0.0
India,Asia,2020-08-30,1380004385,45718.27,7018674.44,552.55,84303.95,0.0,0.0
India,Asia,2020-08-31,1380004385,45676.03,7064350.46,557.71,84861.66,0.0,0.0
India,Asia,2020-09-01,1380004385,44986.91,7109337.37,542.16,85403.82,0.0,0.0
India,Asia,2020-09-02,1380004385,44541.67,7153879.04,531.65,85935.47,0.0,0.0
India,Asia,2020-09-03,1380004385,44516.88,7198395.92,536.89,86472.36,0.0,0.0
India,Asia,2020-09-04,1380004385,43874.02,7242269.95,503.04,86975.41,0.0,0.0
India,Asia,2020-09-05,1380004385,43684.35,7285954.3,527.28,87502.68,0.0,0.0
India,Asia,2020-09-06,1380004385,42704.15,7328658.45,483.26,87985.95,0.0,0.0
India,Asia,2020-09-07,1380004385,42068.58,7370727.03,491.04,88476.98,0.0,0.0
India,Asia,2020-09-08,1380004385,41800.24,7412527.27,505.22,88982.2,0.0,0.0
India,Asia,2020-09-09,1380004385,41542.92,7454070.19,502.34,89484.53,0.0,0.0
India,Asia,2020-09-10,1380004385,41112.81,7495182.99,484.05,89968.59,0.0,0.0
India,Asia,2020-09-11,1380004385,40278.42,7535461.41,477.64,90446.23,0.0,0.0
India,Asia,2020-09-12,1380004385,40311.0,7575772.41,494.7,90940.93,0.0,0.0
India,Asia,2020-09-13,1380004385,39995.43,7615767.85,476.07,91417.0,0.0,0.0
India,Asia,2020-09-14,1380004385,40448.14,7656215.99,503.32,91920.32,0.0,0.0
India,Asia,2020-09-15,1380004385,39891.0,7696106.98,478.68,92399.0,0.0,0.0
India,Asia,2020-09-16,1380004385,38618.5,7734725.48,466.69,92865.68,0.0,0.0
India,Asia,2020-09-17,1380004385,38515.86,7773241.34,475.13,93340.81,0.0,0.0
India,Asia,2020-09-18,1380004385,37820.11,7811061.45,454.89,93795.7,0.0,0.0
India,Asia,2020-09-19,1380004385,37858.27,7848919.72,446.28,94241.98,0.0,0.0
India,Asia,2020-09-20,1380004385,37925.24,7886844.96,454.23,94696.2,0.0,0.0
India,Asia,2020-09-21,1380004385,38003.87,7924848.83,455.76,95151.97,0.0,0.0
India,Asia,2020-09-22,1380004385,37111.15,7961959.98,434.42,95586.38,0.0,0.0
India,Asia,2020-09-23,1380004385,36939.5,7998899.48,441.23,96027.61,0.0,0.0
India,Asia,2020-09-24,1380004385,36236.78,8035136.26,428.9,96456.51,0.0,0.0
India,Asia,2020-09-25,1380004385,36769.14,8071905.41,448.62,96905.14,0.0,0.0
India,Asia,2020-09-26,1380004385,36309.91,8108215.32,436.0,97341.13,0.0,0.0
India,Asia,2020-09-27,1380004385,36370.13,8144585.46,434.18,97775.31,0.0,0.0
India,Asia,2020-09-28,1380004385,36140.24,8180725.69,432.83,98208.15,0.0,0.0
India,Asia,2020-09-29,1380004385,36323.88,8217049.58,437.67,98645.82,0.0,0.0
India,Asia,2020-09-30,1380004385,35669.41,8252718.98,432.97,99078.79,0.0,0.0
India,Asia,2020-10-01,1380004385,35716.85,8288435.83,420.6,99499.39,0.0,0.0
India,Asia,2020-10-02,1380004385,36939.14,8325374.97,434.94,99934.33,0.0,0.0
India,Asia,2020-10-03,1380004385,35724.7,8361099.68,437.53,100371.86,0.0,0.0
India,Asia,2020-10-04,1380004385,35790.5,8396890.18,426.19,100798.05,0.0,0.0
India,Asia,2020-10-05,1380004385,36833.91,8433724.09,430.67,101228.72,0.0,0.0
India,Asia,2020-10-06,1380004385,37241.76,8470965.86,450.45,101679.17,0.0,0.0
India,Asia,2020-10-07,1380004385,35866.13,8506831.99,434.1,102113.27,0.0,0.0
India,Asia,2020-10-08,1380004385,36215.47,8543047.46,422.34,102535.61,0.0,0.0
India,Asia,2020-10-09,1380004385,36548.85,8579596.31,440.42,102976.03,0.0,0.0
India,Asia,2020-10-10,1380004385,37135.81,8616732.12,451.51,103427.55,0.0,0.0
India,Asia,2020-10-11,1380004385,36303.07,8653035.18,438.63,103866.18,0.0,0.0
India,Asia,2020-10-12,1380004385,36696.28,8689731.47,445.41,104311.59,0.0,0.0
India,Asia,2020-10-13,1380004385,37203.52,8726934.99,435.21,104746.8,0.0,0.0
India,Asia,2020-10-14,1380004385,37248.27,8764183.26,449.63,105196.43,0.0,0.0
India,Asia,2020-10-15,1380004385,37144.1,8801327.36,443.31,105639.74,0.0,0.0
India,Asia,2020-10-16,1380004385,37423.19,8838750.56,445.22,106084.95,0.0,0.0
India,Asia,2020-10-17,1380004385,37197.36,8875947.92,453.33,106538.28,0.0,0.0
India,Asia,2020-10-18,1380004385,37817.63,8913765.54,465.65,107003.93,0.0,0.0
India,Asia,2020-10-19,1380004385,38043.63,8951809.17,470.88,107474.81,0.0,0.0
India,Asia,2020-10-20,1380004385,38467.06,8990276.23,472.12,107946.93,0.0,0.0
India,Asia,2020-10-21,1380004385,38452.98,9028729.21,460.56,108407.49,0.0,0.0
India,Asia,2020-10-22,1380004385,39086.1,9067815.31,471.85,108879.35,0.0,0.0
India,Asia,2020-10-23,1380004385,39560.95,9107376.26,480.87,109360.21,0.0,0.0
India,Asia,2020-10-24,1380004385,39557.58,9146933.84,475.66,109835.87,0.0,0.0
India,Asia,2020-10-25,1380004385,39933.75,9186867.59,480.25,110316.12,0.0,0.0
India,Asia,2020-10-26,1380004385,40146.97,9227014.56,488.35,110804.48,0.0,0.0
India,Asia,2020-10-27,1380004385,40455.9,9267470.46,485.0,111289.47,0.0,0.0
India,Asia,2020-10-28,1380004385,40540.11,9308010.57,480.65,111770.12,0.0,0.0
India,Asia,2020-10-29,1380004385,41248.97,9349259.55,491.67,112261.79,0.0,0.0
India,Asia,2020-10-30,1380004385,41457.92,9390717.47,502.57,112764.36,0.0,0.0
India,Asia,2020-10-31,1380004385,42586.06,9433303.53,511.06,113275.41,0.0,0.0
India,Asia,2020-11-01,1380004385,42772.77,9476076.31,515.99,113791.41,0.0,0.0
India,Asia,2020-11-02,1380004385,42732.42,9518808.73,518.15,114309.56,0.0,0.0
India,Asia,2020-11-03,1380004385,42711.66,9561520.39,509.54,114819.1,0.0,0.0
India,Asia,2020-11-04,1380004385,42976.27,9604496.66,521.77,115340.87,0.0,0.0
India,Asia,2020-11-05,1380004385,44174.38,9648671.04,533.12,115873.99,0.0,0.0
India,Asia,2020-11-06,1380004385,44245.73,9692916.76,521.07,116395.06,0.0,0.0
India,Asia,2020-11-07,1380004385,44721.96,9737638.73,548.2,116943.26,0.0,0.0
India,Asia,2020-11-08,1380004385,44346.76,9781985.49,528.16,117471.42,0.0,0.0
India,Asia,2020-11-09,1380004385,45688.17,9827673.66,535.02,118006.43,0.0,0.0
India,Asia,2020-11-10,1380004385,45930.99,9873604.64,542.81,118549.25,0.0,0.0
India,Asia,2020-11-11,1380004385,45793.29,9919397.94,541.35,119090.6,0.0,0.0
India,Asia,2020-11-12,1380004385,46427.97,9965825.91,557.55,119648.15,0.0,0.0
India,Asia,2020-11-13,1380004385,47096.88,10012922.79,562.97,120211.12,0.0,0.0
India,Asia,2020-11-14,1380004385,47434.46,10060357.24,566.52,120777.64,0.0,0.0
India,Asia,2020-11-15,1380004385,47724.75,10108082.0,577.65,121355.29,0.0,0.0
India,Asia,2020-11-16,1380004385,48200.56,10156282.56,581.13,121936.42,0.0,0.0
India,Asia,2020-11-17,1380004385,48556.66,10204839.22,585.21,122521.63,0.0,0.0
India,Asia,2020-11-18,1380004385,49104.08,10253943.31,592.53,123114.16,0.0,0.0
India,Asia,2020-11-19,1380004385,49968.77,10303912.08,604.55,123718.71,0.0,0.0
India,Asia,2020-11-20,1380004385,48955.18,10352867.26,570.6,124289.31,0.0,0.0
India,Asia,2020-11-21,1380004385,50166.55,10403033.81,599.08,124888.39,0.0,0.0
India,Asia,2020-11-22,1380004385,50702.82,10453736.63,590.99,125479.38,0.0,0.0
India,Asia,2020-11-23,1380004385,51131.38,10504868.01,613.87,126093.25,0.0,0.0
India,Asia,2020-11-24,1380004385,51279.0,10556147.02,615.31,126708.56,0.0,0.0
India,Asia,2020-11-25,1380004385,51169.86,10607316.88,622.4,127330.96,0.0,0.0
India,Asia,2020-11-26,1380004385,52268.72,10659585.6,636.73,127967.69,0.0,0.0
India,Asia,2020-11-27,1380004385,53120.89,10712706.49,639.07,128606.76,0.0,0.0
India,Asia,2020-11-28,1380004385,52334.59,10765041.07,624.01,129230.77,0.0,0.0
India,Asia,2020-11-29,1380004385,53521.17,10818562.24,646.14,129876.91,0.0,0.0
India,Asia,2020-11-30,1380004385,53443.05,10872005.3,637.09,130514.0,0.0,0.0
India,Asia,2020-12-01,1380004385,53867.17,10925872.47,646.39,131160.4,0.0,0.0
India,Asia,2020-12-02,1380004385,53841.67,10979714.14,653.99,131814.39,0.0,0.0
India,Asia,2020-12-03,1380004385,54405.23,11034119.37,648.4,132462.79,0.0,0.0
India,Asia,2020-12-04,1380004385,55279.56,11089398.93,669.8,133132.59,0.0,0.0
India,Asia,2020-12-05,1380004385,55320.48,11144719.41,669.26,133801.85,0.0,0.0
India,Asia,2020-12-06,1380004385,56004.25,11200723.66,664.41,134466.26,0.0,0.0
India,Asia,2020-12-07,1380004385,56080.44,11256804.1,680.76,135147.02,0.0,0.0
India,Asia,2020-12-08,1380004385,56081.11,11312885.21,678.56,135825.58,0.0,0.0
India,Asia,2020-12-09,1380004385,56785.21,11369670.42,682.24,136507.82,0.0,0.0
India,Asia,2020-12-10,1380004385,56563.9,11426234.33,672.67,137180.49,0.0,0.0
India,Asia,2020-12-11,1380004385,56923.17,11483157.5,676.2,137856.69,0.0,0.0
India,Asia,2020-12-12,1380004385,56740.1,11539897.6,676.58,138533.27,0.0,0.0
India,Asia,2020-12-13,1380004385,57064.84,11596962.44,689.12,139222.39,0.0,0.0
India,Asia,2020-12-14,1380004385,56981.96,11653944.41,676.14,139898.53,0.0,0.0
India,Asia,2020-12-15,1380004385,57743.54,11711687.94,696.42,140594.95,0.0,0.0
India,Asia,2020-12-16,1380004385,57142.27,11768830.22,675.77,141270.73,0.0,0.0
India,Asia,2020-12-17,1380004385,57972.15,11826802.37,694.03,141964.76,0.0,0.0
India,Asia,2020-12-18,1380004385,57761.2,11884563.57,694.01,142658.77,0.0,0.0
India,Asia,2020-12-19,1380004385,58353.22,11942916.79,719.8,143378.57,0.0,0.0
India,Asia,2020-12-20,1380004385,58307.03,12001223.82,688.67,144067.24,0.0,0.0
India,Asia,2020-12-21,1380004385,58767.83,12059991.65,716.99,144784.23,0.0,0.0
India,Asia,2020-12-22,1380004385,58458.03,12118449.68,702.7,145486.92,113022988.85,113022988.85
India,Asia,2020-12-23,1380004385,57708.86,12176158.53,695.8,146182.72,1453254.48,114476243.33
India,Asia,2020-12-24,1380004385,58277.5,12234436.03,700.28,146882.99,1469691.57,115945934.89
India,Asia,2020-12-25,1380004385,57917.54,12292353.57,698.57,147581.56,1486256.58,117432191.48
India,Asia,2020-12-26,1380004385,58158.02,12350511.59,696.67,148278.23,1502949.01,118935140.49
India,Asia,2020-12-27,1380004385,58864.84,12409376.43,718.01,148996.24,1519768.29,120454908.78
India,Asia,2020-12-28,1380004385,58540.3,12467916.73,698.83,149695.07,1536713.79,121991622.58
India,Asia,2020-12-29,1380004385,58038.51,12525955.25,705.52,150400.59,1553784.86,123545407.44
India,Asia,2020-12-30,1380004385,57879.03,12583834.28,689.39,151089.99,1570980.77,125116388.21
India,Asia,2020-12-31,1380004385,58180.7,12642014.98,697.69,151787.67,1588300.76,126704688.97
India,Asia,2021-01-01,1380004385,57663.55,12699678.53,683.39,152471.06,1605744.0,128310432.97
India,Asia,2021-01-02,1380004385,57759.32,12757437.85,696.75,153167.81,1623309.62,129933742.6
India,Asia,2021-01-03,1380004385,57993.1,12815430.95,707.48,153875.29,1640996.68,131574739.28
India,Asia,2021-01-04,1380004385,58162.78,12873593.74,697.33,154572.62,1658804.2,133233543.48
India,Asia,2021-01-05,1380004385,57830.95,12931424.69,692.4,155265.02,1676731.13,134910274.62
India,Asia,2021-01-06,1380004385,56660.42,12988085.11,671.01,155936.03,1694776.37,136605050.99
India,Asia,2021-01-07,1380004385,57398.5,13045483.61,686.95,156622.98,1712938.76,138317989.75
India,Asia,2021-01-08,1380004385,57132.03,13102615.64,672.84,157295.82,1731217.07,140049206.81
India,Asia,2021-01-09,1380004385,57051.9,13159667.54,677.32,157973.14,1749610.02,141798816.83
India,Asia,2021-01-10,1380004385,57258.45,13216925.99,688.92,158662.05,1768116.27,143566933.1
India,Asia,2021-01-11,1380004385,55742.06,13272668.05,679.46,159341.51,1786734.4,145353667.5
India,Asia,2021-01-12,1380004385,56014.57,13328682.62,694.65,160036.16,1805462.96,147159130.46
India,Asia,2021-01-13,1380004385,56171.57,13384854.19,669.37,160705.53,1824300.4,148983430.85
India,Asia,2021-01-14,1380004385,55140.72,13439994.91,673.17,161378.7,1843245.12,150826675.97
India,Asia,2021-01-15,1380004385,55926.83,13495921.74,673.07,162051.77,1862295.46,152688971.43
India,Asia,2021-01-16,1380004385,55241.8,13551163.54,661.69,162713.46,1881449.68,154570421.11
India,Asia,2021-01-17,1380004385,55098.71,13606262.25,664.65,163378.11,1900705.98,156471127.1
India,Asia,2021-01-18,1380004385,54279.24,13660541.49,651.85,164029.95,1920062.5,158391189.6
India,Asia,2021-01-19,1380004385,54427.94,13714969.43,654.02,164683.97,1939517.29,160330706.88
India,Asia,2021-01-20,1380004385,54168.81,13769138.24,646.76,165330.73,1959068.34,162289775.23
India,Asia,2021-01-21,1380004385,53516.01,13822654.25,631.01,165961.74,1978713.58,164268488.8
India,Asia,2021-01-22,1380004385,53144.42,13875798.66,625.38,166587.12,1998450.85,166266939.65
India,Asia,2021-01-23,1380004385,52773.39,13928572.05,638.51,167225.63,2018277.93,168285217.58
India,Asia,2021-01-24,1380004385,51981.81,13980553.86,621.57,167847.19,2038192.53,170323410.11
India,Asia,2021-01-25,1380004385,51826.7,14032380.56,617.15,168464.35,2058192.27,172381602.38
India,Asia,2021-01-26,1380004385,51408.75,14083789.31,616.97,169081.32,2078274.72,174459877.1
India,Asia,2021-01-27,1380004385,51169.91,14134959.22,620.4,169701.72,2098437.35,176558314.46
India,Asia,2021-01-28,1380004385,50949.36,14185908.59,612.84,170314.55,2118677.59,178676992.04
India,Asia,2021-01-29,1380004385,49783.11,14235691.69,592.15,170906.7,2138992.75,180815984.79
India,Asia,2021-01-30,1380004385,49654.82,14285346.51,605.67,171512.37,2159380.1,182975364.89
India,Asia,2021-01-31,1380004385,49753.23,14335099.74,609.67,172122.04,2179836.82,185155201.71
India,Asia,2021-02-01,1380004385,48502.13,14383601.87,585.98,172708.02,2200360.02,187355561.73
India,Asia,2021-02-02,1380004385,47994.17,14431596.04,583.72,173291.74,2220946.72,189576508.45
India,Asia,2021-02-03,1380004385,47864.6,14479460.64,584.31,173876.05,2241593.89,191818102.34
India,Asia,2021-02-04,1380004385,47593.8,14527054.43,580.17,174456.22,2262298.4,194080400.74
India,Asia,2021-02-05,1380004385,46799.75,14573854.19,566.51,175022.73,2283057.04,196363457.78
India,Asia,2021-02-06,1380004385,46751.79,14620605.98,565.81,175588.54,2303866.54,198667324.31
India,Asia,2021-02-07,1380004385,46071.22,14666677.19,557.01,176145.55,2324723.55,200992047.86
India,Asia,2021-02-08,1380004385,45544.84,14712222.03,537.76,176683.31,2345624.63,203337672.49
India,Asia,2021-02-09,1380004385,44917.58,14757139.61,544.62,177227.93,2366566.28,205704238.76
India,Asia,2021-02-10,1380004385,45006.71,14802146.32,529.23,177757.16,2387544.91,208091783.67
India,Asia,2021-02-11,1380004385,43583.98,14845730.29,516.65,178273.81,2408556.87,210500340.54
India,Asia,2021-02-12,1380004385,42414.05,14888144.35,519.4,178793.21,2429598.41,212929938.95
India,Asia,2021-02-13,1380004385,43132.43,14931276.77,524.31,179317.52,2450665.72,215380604.67
India,Asia,2021-02-14,1380004385,41862.94,14973139.71,514.25,179831.77,2471754.93,217852359.6
India,Asia,2021-02-15,1380004385,41510.03,15014649.74,495.95,180327.72,2492862.05,220345221.65
India,Asia,2021-02-16,1380004385,41377.08,15056026.82,487.31,180815.03,2513983.06,222859204.71
India,Asia,2021-02-17,1380004385,39802.15,15095828.97,475.7,181290.73,2535113.85,225394318.57
India,Asia,2021-02-18,1380004385,39367.2,15135196.17,473.22,181763.95,2556250.24,227950568.8
India,Asia,2021-02-19,1380004385,38685.67,15173881.85,464.86,182228.81,2577387.96,230527956.76
India,Asia,2021-02-20,1380004385,38407.93,15212289.78,469.96,182698.78,2598522.69,233126479.45
India,Asia,2021-02-21,1380004385,38278.8,15250568.58,456.46,183155.23,2619650.03,235746129.48
India,Asia,2021-02-22,1380004385,37747.13,15288315.71,455.78,183611.02,2640765.52,238386895.01
India,Asia,2021-02-23,1380004385,37099.16,15325414.86,437.28,184048.3,2661864.62,241048759.63
India,Asia,2021-02-24,1380004385,35947.24,15361362.1,434.97,184483.27,2682942.73,243731702.36
India,Asia,2021-02-25,1380004385,35073.24,15396435.34,420.9,184904.17,2703995.17,246435697.53
India,Asia,2021-02-26,1380004385,35342.06,15431777.39,418.11,185322.28,2725017.22,249160714.76
India,Asia,2021-02-27,1380004385,34600.74,15466378.13,413.32,185735.6,2746004.08,251906718.83
India,Asia,2021-02-28,1380004385,34371.4,15500749.52,410.98,186146.58,2766950.88,254673669.71
India,Asia,2021-03-01,1380004385,33903.34,15534652.86,404.68,186551.26,2787852.7,257461522.42
India,Asia,2021-03-02,1380004385,33155.72,15567808.58,412.04,186963.3,2808704.58,260270226.99
India,Asia,2021-03-03,1380004385,32826.07,15600634.65,393.13,187356.42,2829501.46,263099728.45
India,Asia,2021-03-04,1380004385,32096.27,15632730.92,383.2,187739.63,2850238.25,265949966.7
India,Asia,2021-03-05,1380004385,31661.28,15664392.2,363.16,188102.78,2870909.82,268820876.52
India,Asia,2021-03-06,1380004385,30692.84,15695085.04,361.16,188463.94,2891510.95,271712387.48
India,Asia,2021-03-07,1380004385,30344.69,15725429.73,362.03,188825.98,2912036.41,274624423.89
India,Asia,2021-03-08,1380004385,29949.17,15755378.9,353.9,189179.88,2932480.89,277556904.78
India,Asia,2021-03-09,1380004385,29645.22,15785024.13,366.8,189546.68,2952839.06,280509743.84
India,Asia,2021-03-10,1380004385,28703.27,15813727.39,343.12,189889.8,2973105.52,283482849.37
India,Asia,2021-03-11,1380004385,28512.14,15842239.53,352.45,190242.25,2993274.86,286476124.23
India,Asia,2021-03-12,1380004385,27731.24,15869970.77,333.27,190575.52,3013341.6,289489465.82
India,Asia,2021-03-13,1380004385,27283.91,15897254.68,327.7,190903.22,3033300.23,292522766.06
India,Asia,2021-03-14,1380004385,27122.64,15924377.32,324.76,191227.98,3053145.24,295575911.29
India,Asia,2021-03-15,1380004385,25648.76,15950026.07,307.82,191535.8,3072871.04,298648782.33
India,Asia,2021-03-16,1380004385,25413.64,15975439.71,318.71,191854.51,3092472.04,301741254.37
India,Asia,2021-03-17,1380004385,24877.03,16000316.74,279.97,192134.48,3111942.62,304853196.99
India,Asia,2021-03-18,1380004385,24114.99,16024431.73,273.37,192407.85,3131277.13,307984474.11
India,Asia,2021-03-19,1380004385,24238.16,16048669.89,286.51,192694.36,3150469.9,311134944.01
India,Asia,2021-03-20,1380004385,24289.73,16072959.62,291.59,192985.95,3169515.26,314304459.27
India,Asia,2021-03-21,1380004385,23487.92,16096447.53,287.38,193273.33,3188407.5,317492866.77
India,Asia,2021-03-22,1380004385,23225.61,16119673.14,282.49,193555.82,3207140.92,320700007.69
India,Asia,2021-03-23,1380004385,23115.15,16142788.28,274.31,193830.13,3225709.8,323925717.49
India,Asia,2021-03-24,1380004385,22785.16,16165573.44,281.57,194111.7,3244108.41,327169825.9
India,Asia,2021-03-25,1380004385,21892.04,16187465.48,270.95,194382.65,3262331.04,330432156.94
India,Asia,2021-03-26,1380004385,21995.19,16209460.67,265.41,194648.06,3280371.95,333712528.89
India,Asia,2021-03-27,1380004385,21168.52,16230629.19,261.72,194909.79,3298225.45,337010754.34
India,Asia,2021-03-28,1380004385,20467.85,16251097.03,247.8,195157.58,3315885.8,340326640.14
India,Asia,2021-03-29,1380004385,20187.58,16271284.61,237.76,195395.34,3333347.33,343659987.47
India,Asia,2021-03-30,1380004385,19522.32,16290806.93,239.85,195635.19,3350604.34,347010591.8
India,Asia,2021-03-31,1380004385,19384.93,16310191.86,233.5,195868.7,3367651.17,350378242.97
India,Asia,2021-04-01,1380004385,19236.28,16329428.14,230.85,196099.54,3384482.19,353762725.16
India,Asia,2021-04-02,1380004385,19319.38,16348747.52,243.62,196343.16,3401091.77,357163816.94
India,Asia,2021-04-03,1380004385,19327.79,16368075.31,212.33,196555.48,3417474.34,360581291.28
India,Asia,2021-04-04,1380004385,17940.19,16386015.5,203.94,196759.43,3433624.35,364014915.63
India,Asia,2021-04-05,1380004385,18271.05,16404286.55,209.76,196969.18,3449536.27,367464451.9
India,Asia,2021-04-06,1380004385,17490.28,16421776.83,206.98,197176.16,3465204.64,370929656.53
India,Asia,2021-04-07,1380004385,17752.98,16439529.82,211.0,197387.16,3480624.02,374410280.55
India,Asia,2021-04-08,1380004385,17284.9,16456814.72,195.36,197582.52,3495789.03,377906069.59
India,Asia,2021-04-09,1380004385,16445.61,16473260.33,189.47,197771.98,3510694.35,381416763.94
India,Asia,2021-04-10,1380004385,17178.8,16490439.12,199.26,197971.24,3525334.71,384942098.65
India,Asia,2021-04-11,1380004385,16421.54,16506860.67,216.72,198187.96,3539704.87,388481803.52
India,Asia,2021-04-12,1380004385,16237.87,16523098.54,209.27,198397.23,3553799.7,392035603.22
India,Asia,2021-04-13,1380004385,15853.91,16538952.45,186.95,198584.18,3567614.12,395603217.34
India,Asia,2021-04-14,1380004385,15815.15,16554767.6,186.87,198771.06,3581143.09,399184360.43
India,Asia,2021-04-15,1380004385,16022.08,16570789.68,183.07,198954.13,3594381.7,402778742.13
India,Asia,2021-04-16,1380004385,15646.67,16586436.35,172.49,199126.62,3607325.07,406386067.2
India,Asia,2021-04-17,1380004385,15681.03,16602117.37,187.24,199313.86,3619968.41,410006035.61
India,Asia,2021-04-18,1380004385,15558.35,16617675.72,178.72,199492.58,3632307.05,413638342.66
India,Asia,2021-04-19,1380004385,15772.24,16633447.96,188.59,199681.16,3644336.37,417282679.03
India,Asia,2021-04-20,1380004385,15081.09,16648529.05,168.17,199849.34,3656051.85,420938730.88
India,Asia,2021-04-21,1380004385,14588.02,16663117.08,168.96,200018.3,3667449.07,424606179.95
India,Asia,2021-04-22,1380004385,15395.15,16678512.23,185.93,200204.23,3678523.73,428284703.68
India,Asia,2021-04-23,1380004385,14835.21,16693347.44,180.95,200385.18,3689271.58,431973975.26
India,Asia,2021-04-24,1380004385,15283.91,16708631.35,186.75,200571.93,3699688.54,435673663.8
India,Asia,2021-04-25,1380004385,14983.55,16723614.9,169.24,200741.16,3709770.59,439383434.39
India,Asia,2021-04-26,1380004385,14772.09,16738386.99,184.1,200925.27,3719513.83,443102948.22
India,Asia,2021-04-27,1380004385,14921.76,16753308.75,172.66,201097.93,3728914.51,446831862.73
India,Asia,2021-04-28,1380004385,15477.37,16768786.12,190.79,201288.72,3737968.95,450569831.68
India,Asia,2021-04-29,1380004385,15529.43,16784315.55,186.27,201474.99,3746673.63,454316505.31
India,Asia,2021-04-30,1380004385,14847.92,16799163.48,167.16,201642.15,3755025.13,458071530.44
India,Asia,2021-05-01,1380004385,14914.05,16814077.53,176.44,201818.59,3763020.17,461834550.61
India,Asia,2021-05-02,1380004385,15282.24,16829359.77,186.31,202004.9,3770655.59,465605206.2
India,Asia,2021-05-03,1380004385,14670.37,16844030.13,180.95,202185.85,3777928.37,469383134.57
India,Asia,2021-05-04,1380004385,15156.96,16859187.09,180.76,202366.6,3784835.63,473167970.2
India,Asia,2021-05-05,1380004385,15118.61,16874305.7,193.68,202560.28,3791374.62,476959344.82
India,Asia,2021-05-06,1380004385,15338.06,16889643.77,192.12,202752.4,3797542.72,480756887.54
India,Asia,2021-05-07,1380004385,15050.29,16904694.05,178.55,202930.95,3803337.46,484560225.0
India,Asia,2021-05-08,1380004385,14912.63,16919606.69,184.95,203115.9,3808756.53,488368981.52
India,Asia,2021-05-09,1380004385,14883.68,16934490.37,194.07,203309.97,3813797.73,492182779.26
India,Asia,2021-05-10,1380004385,15371.6,16949861.97,200.14,203510.12,3818459.06,496001238.31
India,Asia,2021-05-11,1380004385,15768.8,16965630.77,179.4,203689.52,3822738.61,499823976.92
India,Asia,2021-05-12,1380004385,16006.55,16981637.32,184.67,203874.19,3826634.66,503650611.58
India,Asia,2021-05-13,1380004385,16980.17,16998617.48,215.64,204089.83,3830145.63,507480757.21
India,Asia,2021-05-14,1380004385,16895.32,17015512.8,194.28,204284.1,3833270.1,511314027.31
India,Asia,2021-05-15,1380004385,16390.65,17031903.46,186.11,204470.21,3836006.8,515150034.12
India,Asia,2021-05-16,1380004385,17081.28,17048984.74,201.09,204671.3,3838354.62,518988388.74
India,Asia,2021-05-17,1380004385,17062.3,17066047.05,208.11,204879.41,3840312.6,522828701.34
India,Asia,2021-05-18,1380004385,17363.39,17083410.44,207.54,205086.95,3841879.94,526670581.28
India,Asia,2021-05-19,1380004385,17798.81,17101209.25,208.38,205295.33,3843056.01,530513637.28
India,Asia,2021-05-20,1380004385,18234.51,17119443.76,213.42,205508.75,3843840.32,534357477.6
India,Asia,2021-05-21,1380004385,18195.69,17137639.45,212.65,205721.4,3844232.55,538201710.15
India,Asia,2021-05-22,1380004385,18996.1,17156635.55,220.92,205942.32,3844232.55,542045942.7
India,Asia,2021-05-23,1380004385,18546.02,17175181.57,240.81,206183.12,3843840.32,545889783.02
India,Asia,2021-05-24,1380004385,19282.41,17194463.99,233.77,206416.89,3843056.01,549732839.02
India,Asia,2021-05-25,1380004385,20536.34,17215000.32,253.53,206670.42,3841879.94,553574718.96
India,Asia,2021-05-26,1380004385,20064.56,17235064.88,236.86,206907.28,3840312.6,557415031.56
India,Asia,2021-05-27,1380004385,20859.71,17255924.59,248.83,207156.11,3838354.62,561253386.18
India,Asia,2021-05-28,1380004385,20773.9,17276698.49,243.58,207399.69,3836006.8,565089392.99
India,Asia,2021-05-29,1380004385,21341.0,17298039.5,234.88,207634.57,3833270.1,568922663.09
India,Asia,2021-05-30,1380004385,21525.68,17319565.17,247.28,207881.85,3830145.63,572752808.72
India,Asia,2021-05-31,1380004385,21905.57,17341470.75,248.38,208130.24,3826634.66,576579443.38
India,Asia,2021-06-01,1380004385,22123.78,17363594.53,247.49,208377.72,3822738.61,580402181.99
India,Asia,2021-06-02,1380004385,22990.19,17386584.71,266.32,208644.04,3818459.06,584220641.04
India,Asia,2021-06-03,1380004385,22995.98,17409580.69,286.55,208930.59,3813797.73,588034438.78
India,Asia,2021-06-04,1380004385,23992.72,17433573.41,287.56,209218.15,3808756.53,591843195.3
India,Asia,2021-06-05,1380004385,24616.54,17458189.95,305.72,209523.87,3803337.46,595646532.76
India,Asia,2021-06-06,1380004385,24852.91,17483042.85,301.52,209825.4,3797542.72,599444075.48
India,Asia,2021-06-07,1380004385,25123.22,17508166.07,307.74,210133.13,3791374.62,603235450.1
India,Asia,2021-06-08,1380004385,25891.77,17534057.84,303.49,210436.63,3784835.63,607020285.73
India,Asia,2021-06-09,1380004385,26144.83,17560202.68,317.93,210754.56,3777928.37,610798214.1
India,Asia,2021-06-10,1380004385,27110.63,17587313.31,331.16,211085.72,3770655.59,614568869.69
India,Asia,2021-06-11,1380004385,26682.66,17613995.97,315.58,211401.29,3763020.17,618331889.86
India,Asia,2021-06-12,1380004385,27756.61,17641752.57,337.56,211738.85,3755025.13,622086914.99
India,Asia,2021-06-13,1380004385,27737.45,17669490.02,337.38,212076.23,3746673.63,625833588.62
India,Asia,2021-06-14,1380004385,28480.67,17697970.69,337.37,212413.6,3737968.95,629571557.57
India,Asia,2021-06-15,1380004385,30060.33,17728031.02,351.74,212765.34,3728914.51,633300472.08
India,Asia,2021-06-16,1380004385,30484.43,17758515.45,356.34,213121.68,3719513.83,637019985.91
India,Asia,2021-06-17,1380004385,30516.31,17789031.76,366.89,213488.57,3709770.59,640729756.5
India,Asia,2021-06-18,1380004385,30847.9,17819879.66,372.79,213861.36,3699688.54,644429445.04
India,Asia,2021-06-19,1380004385,30950.24,17850829.9,365.06,214226.42,3689271.58,648118716.62
India,Asia,2021-06-20,1380004385,32419.79,17883249.7,389.25,214615.67,3678523.73,651797240.35
India,Asia,2021-06-21,1380004385,34087.24,17917336.93,413.61,215029.29,3667449.07,655464689.42
India,Asia,2021-06-22,1380004385,34029.99,17951366.93,413.31,215442.59,3656051.85,659120741.27
India,Asia,2021-06-23,1380004385,34326.98,17985693.9,424.34,215866.93,3644336.37,662765077.64
India,Asia,2021-06-24,1380004385,35337.72,18021031.62,434.27,216301.2,3632307.05,666397384.69
India,Asia,2021-06-25,1380004385,35287.49,18056319.11,415.44,216716.64,3619968.41,670017353.1
India,Asia,2021-06-26,1380004385,36395.14,18092714.25,450.21,217166.85,3607325.07,673624678.17
India,Asia,2021-06-27,1380004385,37205.58,18129919.83,442.22,217609.07,3594381.7,677219059.87
India,Asia,2021-06-28,1380004385,37818.07,18167737.9,462.18,218071.24,3581143.09,680800202.96
India,Asia,2021-06-29,1380004385,38807.99,18206545.89,466.24,218537.48,3567614.12,684367817.08
India,Asia,2021-06-30,1380004385,39340.08,18245885.97,468.78,219006.27,3553799.7,687921616.78
India,Asia,2021-07-01,1380004385,40146.52,18286032.49,467.3,219473.56,3539704.87,691461321.65
India,Asia,2021-07-02,1380004385,40369.4,18326401.89,483.06,219956.62,3525334.71,694986656.36
India,Asia,2021-07-03,1380004385,41626.53,18368028.42,487.04,220443.67,3510694.35,698497350.71
India,Asia,2021-07-04,1380004385,42588.28,18410616.7,518.8,220962.46,3495789.03,701993139.75
India,Asia,2021-07-05,1380004385,42387.98,18453004.69,520.79,221483.25,3480624.02,705473763.77
India,Asia,2021-07-06,1380004385,43129.4,18496134.08,511.18,221994.43,3465204.64,708938968.4
India,Asia,2021-07-07,1380004385,44622.98,18540757.06,537.89,222532.32,3449536.27,712388504.67
India,Asia,2021-07-08,1380004385,44806.28,18585563.34,531.87,223064.2,3433624.35,715822129.02
India,Asia,2021-07-09,1380004385,46084.44,18631647.78,547.99,223612.18,3417474.34,719239603.36
India,Asia,2021-07-10,1380004385,46159.74,18677807.52,560.11,224172.29,3401091.77,722640695.14
India,Asia,2021-07-11,1380004385,47546.7,18725354.21,570.25,224742.55,3384482.19,726025177.33
India,Asia,2021-07-12,1380004385,47807.15,18773161.37,587.6,225330.15,3367651.17,729392828.5
India,Asia,2021-07-13,1380004385,48575.71,18821737.07,579.05,225909.2,3350604.34,732743432.83
India,Asia,2021-07-14,1380004385,49757.26,18871494.34,605.08,226514.28,3333347.33,736076780.16
India,Asia,2021-07-15,1380004385,49806.96,18921301.3,598.46,227112.74,3315885.8,739392665.96
India,Asia,2021-07-16,1380004385,50327.44,18971628.74,610.3,227723.04,3298225.45,742690891.41
India,Asia,2021-07-17,1380004385,51221.94,19022850.68,611.09,228334.13,3280371.95,745971263.36
India,Asia,2021-07-18,1380004385,52257.8,19075108.48,626.7,228960.82,3262331.04,749233594.4
India,Asia,2021-07-19,1380004385,52270.04,19127378.52,626.32,229587.14,3244108.41,752477702.81
India,Asia,2021-07-20,1380004385,53757.35,19181135.87,638.4,230225.54,3225709.8,755703412.61
India,Asia,2021-07-21,1380004385,54059.01,19235194.89,654.0,230879.54,3207140.92,758910553.53
India,Asia,2021-07-22,1380004385,55359.41,19290554.3,669.51,231549.06,3188407.5,762098961.03
India,Asia,2021-07-23,1380004385,54826.1,19345380.41,662.66,232211.72,3169515.26,765268476.29
India,Asia,2021-07-24,1380004385,56091.1,19401471.5,685.39,232897.11,3150469.9,768418946.19
India,Asia,2021-07-25,1380004385,56473.89,19457945.39,689.28,233586.39,3131277.13,771550223.31
India,Asia,2021-07-26,1380004385,57467.75,19515413.14,686.61,234273.0,3111942.62,774662165.93
India,Asia,2021-07-27,1380004385,58530.99,19573944.13,705.36,234978.36,3092472.04,777754637.97
India,Asia,2021-07-28,1380004385,59063.1,19633007.23,703.77,235682.13,3072871.04,780827509.01
India,Asia,2021-07-29,1380004385,59712.4,19692719.63,716.74,236398.86,3053145.24,783880654.24
India,Asia,2021-07-30,1380004385,60413.91,19753133.54,720.17,237119.03,3033300.23,786913954.48
India,Asia,2021-07-31,1380004385,61202.22,19814335.76,747.39,237866.42,3013341.6,789927296.07
India,Asia,2021-08-01,1380004385,61431.89,19875767.64,740.09,238606.51,2993274.86,792920570.93
India,Asia,2021-08-02,1380004385,62678.12,19938445.76,750.39,239356.91,2973105.52,795893676.46
India,Asia,2021-08-03,1380004385,63300.09,20001745.85,769.15,240126.06,2952839.06,798846515.52
India,Asia,2021-08-04,1380004385,63831.51,20065577.36,748.61,240874.67,2932480.89,801778996.41
India,Asia,2021-08-05,1380004385,64510.87,20130088.23,758.02,241632.69,2912036.41,804691032.82
India,Asia,2021-08-06,1380004385,65029.49,20195117.72,786.72,242419.41,2891510.95,807582543.78
India,Asia,2021-08-07,1380004385,66237.6,20261355.32,795.33,243214.74,2870909.82,810453453.6
India,Asia,2021-08-08,1380004385,66083.93,20327439.25,795.01,244009.75,2850238.25,813303691.85
India,Asia,2021-08-09,1380004385,66585.14,20394024.39,788.41,244798.16,2829501.46,816133193.31
India,Asia,2021-08-10,1380004385,66995.79,20461020.18,803.76,245601.93,2808704.58,818941897.88
India,Asia,2021-08-11,1380004385,67453.47,20528473.65,825.47,246427.4,2787852.7,821729750.59
India,Asia,2021-08-12,1380004385,67922.37,20596396.02,821.66,247249.06,2766950.88,824496701.47
India,Asia,2021-08-13,1380004385,68577.59,20664973.61,824.29,248073.35,2746004.08,827242705.54
India,Asia,2021-08-14,1380004385,69381.85,20734355.45,829.07,248902.42,2725017.22,829967722.77
India,Asia,2021-08-15,1380004385,70028.33,20804383.79,837.18,249739.6,2703995.17,832671717.94
India,Asia,2021-08-16,1380004385,70420.44,20874804.22,828.01,250567.61,2682942.73,835354660.67
India,Asia,2021-08-17,1380004385,70611.93,20945416.16,849.4,251417.02,2661864.62,838016525.29
India,Asia,2021-08-18,1380004385,71658.04,21017074.2,866.66,252283.68,2640765.52,840657290.82
India,Asia,2021-08-19,1380004385,72050.33,21089124.53,852.0,253135.68,2619650.03,843276940.85
India,Asia,2021-08-20,1380004385,72169.34,21161293.88,860.74,253996.42,2598522.69,845875463.54
India,Asia,2021-08-21,1380004385,72415.2,21233709.07,859.72,254856.14,2577387.96,848452851.5
India,Asia,2021-08-22,1380004385,73238.68,21306947.75,871.14,255727.28,2556250.24,851009101.73
India,Asia,2021-08-23,1380004385,73499.74,21380447.49,882.42,256609.71,2535113.85,853544215.59
India,Asia,2021-08-24,1380004385,73298.27,21453745.76,862.9,257472.61,2513983.06,856058198.65
India,Asia,2021-08-25,1380004385,74136.15,21527881.91,894.55,258367.16,2492862.05,858551060.7
India,Asia,2021-08-26,1380004385,74589.88,21602471.79,901.11,259268.27,2471754.93,861022815.63
India,Asia,2021-08-27,1380004385,74504.67,21676976.46,892.05,260160.31,2450665.72,863473481.35
India,Asia,2021-08-28,1380004385,75190.31,21752166.77,882.44,261042.75,2429598.41,865903079.76
India,Asia,2021-08-29,1380004385,74901.68,21827068.44,890.85,261933.6,2408556.87,868311636.63
India,Asia,2021-08-30,1380004385,76148.01,21903216.45,923.64,262857.24,2387544.91,870699181.54
India,Asia,2021-08-31,1380004385,76368.89,21979585.34,894.2,263751.44,2366566.28,873065747.81
India,Asia,2021-09-01,1380004385,76077.58,22055662.92,910.15,264661.59,2345624.63,875411372.44
India,Asia,2021-09-02,1380004385,76508.94,22132171.85,908.67,265570.26,2324723.55,877736095.99
India,Asia,2021-09-03,1380004385,75735.78,22207907.64,915.27,266485.53,2303866.54,880039962.52
India,Asia,2021-09-04,1380004385,76353.67,22284261.31,910.84,267396.37,2283057.04,882323019.56
India,Asia,2021-09-05,1380004385,76816.18,22361077.49,925.03,268321.4,2262298.4,884585317.96
India,Asia,2021-09-06,1380004385,76685.71,22437763.2,924.75,269246.15,2241593.89,886826911.85
India,Asia,2021-09-07,1380004385,77434.2,22515197.41,943.9,270190.05,2220946.72,889047858.57
India,Asia,2021-09-08,1380004385,77987.57,22593184.98,934.23,271124.28,2200360.02,891248218.59
India,Asia,2021-09-09,1380004385,76962.13,22670147.11,926.55,272050.83,2179836.82,893428055.41
India,Asia,2021-09-10,1380004385,77147.27,22747294.38,913.89,272964.72,2159380.1,895587435.51
India,Asia,2021-09-11,1380004385,77570.17,22824864.55,940.37,273905.08,2138992.75,897726428.26
India,Asia,2021-09-12,1380004385,78079.96,22902944.5,930.88,274835.96,2118677.59,899845105.84
India,Asia,2021-09-13,1380004385,77097.43,22980041.93,920.68,275756.64,2098437.35,901943543.2
India,Asia,2021-09-14,1380004385,77602.5,23057644.44,931.05,276687.69,2078274.72,904021817.92
India,Asia,2021-09-15,1380004385,78123.77,23135768.21,924.98,277612.67,2058192.27,906080010.19
India,Asia,2021-09-16,1380004385,76860.08,23212628.28,924.15,278536.83,2038192.53,908118202.72
India,Asia,2021-09-17,1380004385,76922.65,23289550.93,930.81,279467.64,2018277.93,910136480.65
India,Asia,2021-09-18,1380004385,77136.58,23366687.51,927.98,280395.62,1998450.85,912134931.5
India,Asia,2021-09-19,1380004385,76997.51,23443685.01,911.26,281306.88,1978713.58,914113645.07
India,Asia,2021-09-20,1380004385,77340.13,23521025.14,927.09,282233.97,1959068.34,916072713.42
India,Asia,2021-09-21,1380004385,76997.53,23598022.67,929.91,283163.88,1939517.29,918012230.7
India,Asia,2021-09-22,1380004385,76130.26,23674152.93,898.54,284062.42,1920062.5,919932293.2
India,Asia,2021-09-23,1380004385,76751.89,23750904.81,912.42,284974.84,1900705.98,921832999.19
India,Asia,2021-09-24,1380004385,76170.92,23827075.74,921.06,285895.9,1881449.68,923714448.87
India,Asia,2021-09-25,1380004385,76602.41,23903678.15,921.39,286817.29,1862295.46,925576744.33
India,Asia,2021-09-26,1380004385,75701.87,23979380.01,911.72,287729.01,1843245.12,927419989.45
India,Asia,2021-09-27,1380004385,75445.92,24054825.94,920.23,288649.24,1824300.4,929244289.84
India,Asia,2021-09-28,1380004385,75587.58,24130413.52,910.8,289560.04,1805462.96,931049752.8
India,Asia,2021-09-29,1380004385,75377.08,24205790.6,909.79,290469.83,1786734.4,932836487.2
India,Asia,2021-09-30,1380004385,74961.41,24280752.0,921.22,291391.05,1768116.27,934604603.47
India,Asia,2021-10-01,1380004385,73891.98,24354643.99,884.99,292276.04,1749610.02,936354213.49
India,Asia,2021-10-02,1380004385,74330.71,24428974.7,885.59,293161.63,1731217.07,938085430.55
India,Asia,2021-10-03,1380004385,73424.18,24502398.88,884.51,294046.14,1712938.76,939798369.31
India,Asia,2021-10-04,1380004385,73495.92,24575894.79,885.46,294931.6,1694776.37,941493145.68
India,Asia,2021-10-05,1380004385,72526.5,24648421.29,866.1,295797.71,1676731.13,943169876.82
India,Asia,2021-10-06,1380004385,72776.38,24721197.67,865.06,296662.76,1658804.2,944828681.02
India,Asia,2021-10-07,1380004385,71917.64,24793115.31,881.49,297544.25,1640996.68,946469677.7
India,Asia,2021-10-08,1380004385,71315.52,24864430.83,858.4,298402.66,1623309.62,948092987.33
India,Asia,2021-10-09,1380004385,71563.8,24935994.63,852.91,299255.56,1605744.0,949698731.33
India,Asia,2021-10-10,1380004385,70933.39,25006928.01,858.53,300114.09,1588300.76,951287032.09
India,Asia,2021-10-11,1380004385,70154.43,25077082.45,840.98,300955.07,1570980.77,952858012.86
India,Asia,2021-10-12,1380004385,70383.74,25147466.19,842.58,301797.65,1553784.86,954411797.72
India,Asia,2021-10-13,1380004385,69214.44,25216680.63,835.07,302632.72,1536713.79,955948511.52
India,Asia,2021-10-14,1380004385,68859.43,25285540.05,815.98,303448.7,1519768.29,957468279.81
India,Asia,2021-10-15,1380004385,68408.87,25353948.92,823.73,304272.43,1502949.01,958971228.82
India,Asia,2021-10-16,1380004385,67551.82,25421500.74,825.93,305098.36,1486256.58,960457485.41
India,Asia,2021-10-17,1380004385,67375.33,25488876.07,812.23,305910.59,1469691.57,961927176.97
India,Asia,2021-10-18,1380004385,66453.6,25555329.67,794.43,306705.02,1453254.48,963380431.45
India,Asia,2021-10-19,1380004385,65914.63,25621244.3,786.92,307491.94,1436945.79,964817377.24
India,Asia,2021-10-20,1380004385,65942.94,25687187.24,788.03,308279.97,1420765.93,966238143.18
India,Asia,2021-10-21,1380004385,64498.42,25751685.65,771.95,309051.92,1404715.28,967642858.46
India,Asia,2021-10-22,1380004385,63404.46,25815090.11,757.83,309809.75,1388794.17,969031652.63
India,Asia,2021-10-23,1380004385,64189.16,25879279.27,777.6,310587.35,1373002.9,970404655.54
India,Asia,2021-10-24,1380004385,63884.5,25943163.77,752.75,311340.1,1357341.71,971761997.25
India,Asia,2021-10-25,1380004385,62208.2,26005371.97,753.39,312093.5,1341810.82,973103808.07
India,Asia,2021-10-26,1380004385,61021.26,26066393.23,729.22,312822.71,1326410.39,974430218.46
India,Asia,2021-10-27,1380004385,60931.33,26127324.56,734.19,313556.91,1311140.55,975741359.01
India,Asia,2021-10-28,1380004385,60272.79,26187597.35,714.26,314271.16,1296001.4,977037360.41
India,Asia,2021-10-29,1380004385,59632.02,26247229.37,726.21,314997.38,1280992.98,978318353.4
India,Asia,2021-10-30,1380004385,58627.29,26305856.66,713.49,315710.87,1266115.32,979584468.72
India,Asia,2021-10-31,1380004385,58531.68,26364388.34,710.06,316420.93,1251368.39,980835837.11
India,Asia,2021-11-01,1380004385,57818.06,26422206.4,681.7,317102.63,1236752.15,982072589.26
India,Asia,2021-11-02,1380004385,56411.3,26478617.7,683.57,317786.19,1222266.5,983294855.75
India,Asia,2021-11-03,1380004385,56473.54,26535091.24,680.92,318467.12,1207911.32,984502767.08
India,Asia,2021-11-04,1380004385,56236.78,26591328.02,662.0,319129.11,1193686.47,985696453.55
India,Asia,2021-11-05,1380004385,54863.48,26646191.5,658.17,319787.28,1179591.77,986876045.32
India,Asia,2021-11-06,1380004385,53966.04,26700157.54,650.51,320437.79,1165626.99,988041672.3
India,Asia,2021-11-07,1380004385,53311.47,26753469.01,644.19,321081.98,1151791.89,989193464.2
India,Asia,2021-11-08,1380004385,52850.25,26806319.26,635.62,321717.6,1138086.22,990331550.41
India,Asia,2021-11-09,1380004385,51299.98,26857619.24,617.93,322335.53,1124509.66,991456060.07
India,Asia,2021-11-10,1380004385,51231.52,26908850.77,626.57,322962.09,1111061.9,992567121.97
India,Asia,2021-11-11,1380004385,50303.45,26959154.22,613.45,323575.54,1097742.58,993664864.54
India,Asia,2021-11-12,1380004385,50351.23,27009505.46,581.28,324156.82,1084551.32,994749415.87
India,Asia,2021-11-13,1380004385,48906.55,27058412.01,584.34,324741.16,1071487.74,995820903.61
India,Asia,2021-11-14,1380004385,48813.31,27107225.32,584.44,325325.6,1058551.4,996879455.01
India,Asia,2021-11-15,1380004385,47104.67,27154329.98,551.24,325876.84,1045741.87,997925196.88
India,Asia,2021-11-16,1380004385,46957.71,27201287.69,564.25,326441.09,1033058.66,998958255.54
India,Asia,2021-11-17,1380004385,46125.28,27247412.97,563.49,327004.58,1020501.3,999978756.84
India,Asia,2021-11-18,1380004385,44971.14,27292384.11,530.96,327535.54,1008069.27,1000986826.12
India,Asia,2021-11-19,1380004385,44600.05,27336984.16,537.89,328073.44,995762.05,1001982588.17
India,Asia,2021-11-20,1380004385,44226.2,27381210.36,523.39,328596.82,983579.09,1002966167.25
India,Asia,2021-11-21,1380004385,42953.87,27424164.23,510.07,329106.9,971519.81,1003937687.07
India,Asia,2021-11-22,1380004385,41742.26,27465906.5,512.73,329619.62,959583.65,1004897270.71
India,Asia,2021-11-23,1380004385,41597.74,27507504.24,494.83,330114.45,947769.99,1005845040.7
India,Asia,2021-11-24,1380004385,40560.0,27548064.24,490.42,330604.87,936078.22,1006781118.92
India,Asia,2021-11-25,1380004385,40030.81,27588095.05,465.4,331070.27,924507.71,1007705626.64
India,Asia,2021-11-26,1380004385,39399.98,27627495.03,487.7,331557.97,913057.82,1008618684.45
India,Asia,2021-11-27,1380004385,38112.9,27665607.93,462.18,332020.15,901727.87,1009520412.32
India,Asia,2021-11-28,1380004385,37429.45,27703037.39,447.69,332467.84,890517.2,1010410929.52
India,Asia,2021-11-29,1380004385,37452.71,27740490.1,454.04,332921.88,879425.12,1011290354.64
India,Asia,2021-11-30,1380004385,36394.36,27776884.46,425.45,333347.33,868450.92,1012158805.57
India,Asia,2021-12-01,1380004385,34977.51,27811861.97,429.19,333776.52,857593.9,1013016399.47
India,Asia,2021-12-02,1380004385,35452.51,27847314.48,422.84,334199.36,846853.34,1013863252.81
India,Asia,2021-12-03,1380004385,34580.84,27881895.32,413.34,334612.7,836228.49,1014699481.3
India,Asia,2021-12-04,1380004385,33548.62,27915443.94,398.65,335011.35,825718.61,1015525199.91
India,Asia,2021-12-05,1380004385,32656.06,27948100.0,387.23,335398.57,815322.96,1016340522.87
India,Asia,2021-12-06,1380004385,32733.69,27980833.7,398.36,335796.94,805040.76,1017145563.62
India,Asia,2021-12-07,1380004385,31893.59,28012727.29,384.77,336181.71,794871.24,1017940434.87
India,Asia,2021-12-08,1380004385,31941.53,28044668.81,388.51,336570.22,784813.63,1018725248.5
India,Asia,2021-12-09,1380004385,30597.33,28075266.15,367.1,336937.32,774867.14,1019500115.65
India,Asia,2021-12-10,1380004385,29935.14,28105201.29,363.33,337300.64,765030.98,1020265146.62
India,Asia,2021-12-11,1380004385,29096.91,28134298.19,345.81,337646.46,755304.33,1021020450.95
India,Asia,2021-12-12,1380004385,28803.98,28163102.17,363.49,338009.94,745686.4,1021766137.35
India,Asia,2021-12-13,1380004385,28106.69,28191208.86,324.74,338334.68,736176.37,1022502313.72
India,Asia,2021-12-14,1380004385,27703.02,28218911.89,342.52,338677.2,726773.43,1023229087.15
India,Asia,2021-12-15,1380004385,26466.8,28245378.68,328.54,339005.75,717476.74,1023946563.89
India,Asia,2021-12-16,1380004385,25888.68,28271267.36,303.85,339309.59,708285.48,1024654849.37
India,Asia,2021-12-17,1380004385,25272.79,28296540.15,321.11,339630.7,699198.83,1025354048.2
India,Asia,2021-12-18,1380004385,25124.38,28321664.54,309.46,339940.16,690215.94,1026044264.14
India,Asia,2021-12-19,1380004385,24786.98,28346451.52,305.21,340245.37,681335.97,1026725600.1
India,Asia,2021-12-20,1380004385,23524.84,28369976.35,282.52,340527.89,672558.08,1027398158.18
India,Asia,2021-12-21,1380004385,22967.65,28392944.01,273.87,340801.77,663881.43,1028062039.61
India,Asia,2021-12-22,1380004385,22665.25,28415609.26,270.31,341072.07,655305.17,1028717344.78
India,Asia,2021-12-23,1380004385,21916.49,28437525.75,266.12,341338.2,646828.45,1029364173.23
India,Asia,2021-12-24,1380004385,21791.16,28459316.91,272.7,341610.9,638450.41,1030002623.64
India,Asia,2021-12-25,1380004385,20133.56,28479450.46,243.05,341853.95,630170.22,1030632793.86
India,Asia,2021-12-26,1380004385,20104.44,28499554.91,233.96,342087.91,621987.01,1031254780.87
India,Asia,2021-12-27,1380004385,19600.46,28519155.37,241.8,342329.72,613899.92,1031868680.79
India,Asia,2021-12-28,1380004385,18551.16,28537706.53,229.98,342559.7,605908.11,1032474588.9
India,Asia,2021-12-29,1380004385,18523.46,28556229.99,227.52,342787.22,598010.73,1033072599.63
India,Asia,2021-12-30,1380004385,18046.39,28574276.38,222.52,343009.74,590206.9,1033662806.53
India,Asia,2021-12-31,1380004385,17810.8,28592087.18,211.56,343221.3,582495.79,1034245302.32
India,Asia,2022-01-01,1380004385,17793.74,28609880.92,206.09,343427.39,574876.54,1034820178.86
India,Asia,2022-01-02,1380004385,16850.0,28626730.92,195.25,343622.65,567348.29,1035387527.15
India,Asia,2022-01-03,1380004385,16115.09,28642846.01,180.3,343802.95,559910.19,1035947437.34
India,Asia,2022-01-04,1380004385,16004.57,28658850.58,193.95,343996.9,552561.4,1036499998.74
India,Asia,2022-01-05,1380004385,15948.87,28674799.45,190.72,344187.61,545301.06,1037045299.81
India,Asia,2022-01-06,1380004385,14805.72,28689605.18,174.15,344361.76,538128.33,1037583428.14
India,Asia,2022-01-07,1380004385,14402.73,28704007.91,149.19,344510.95,531042.36,1038114470.5
India,Asia,2022-01-08,1380004385,14499.49,28718507.4,164.02,344674.97,524042.32,1038638512.82
India,Asia,2022-01-09,1380004385,13817.43,28732324.83,174.78,344849.74,517127.35,1039155640.17
India,Asia,2022-01-10,1380004385,13720.92,28746045.75,159.33,345009.08,510296.62,1039665936.78
India,Asia,2022-01-11,1380004385,13097.18,28759142.92,160.05,345169.13,503549.3,1040169486.08
India,Asia,2022-01-12,1380004385,12963.45,28772106.38,144.44,345313.56,496884.55,1040666370.63
India,Asia,2022-01-13,1380004385,11979.72,28784086.1,155.27,345468.83,490301.55,1041156672.18
India,Asia,2022-01-14,1380004385,11970.05,28796056.15,142.49,345611.32,483799.46,1041640471.64
India,Asia,2022-01-15,1380004385,11540.91,28807597.06,140.81,345752.13,477377.47,1042117849.11
India,Asia,2022-01-16,1380004385,10837.48,28818434.54,148.66,345900.79,471034.76,1042588883.88
India,Asia,2022-01-17,1380004385,10372.16,28828806.7,136.6,346037.38,464770.51,1043053654.39
India,Asia,2022-01-18,1380004385,10823.6,28839630.3,127.43,346164.81,458583.91,1043512238.3
India,Asia,2022-01-19,1380004385,10132.76,28849763.06,116.85,346281.66,452474.16,1043964712.46
India,Asia,2022-01-20,1380004385,9577.51,28859340.57,112.33,346393.99,446440.44,1044411152.9
India,Asia,2022-01-21,1380004385,9588.98,28868929.55,119.15,346513.13,440481.96,1044851634.86
India,Asia,2022-01-22,1380004385,9712.33,28878641.88,115.71,346628.84,434597.93,1045286232.79
India,Asia,2022-01-23,1380004385,8221.59,28886863.48,95.5,346724.34,428787.55,1045715020.34
India,Asia,2022-01-24,1380004385,8205.71,28895069.19,110.21,346834.54,423050.03,1046138070.37
India,Asia,2022-01-25,1380004385,8123.46,28903192.65,96.57,346931.11,417384.6,1046555454.97
India,Asia,2022-01-26,1380004385,8681.99,28911874.63,122.58,347053.69,411790.48,1046967245.46
India,Asia,2022-01-27,1380004385,8000.64,28919875.27,96.73,347150.42,406266.9,1047373512.36
India,Asia,2022-01-28,1380004385,7908.42,28927783.69,109.18,347259.61,400813.09,1047774325.44
India,Asia,2022-01-29,1380004385,6985.77,28934769.46,86.69,347346.3,395428.28,1048169753.72
India,Asia,2022-01-30,1380004385,6744.72,28941514.18,88.64,347434.94,390111.72,1048559865.44
India,Asia,2022-01-31,1380004385,7051.66,28948565.84,78.82,347513.76,384862.65,1048944728.09
Italy,Europe,2020-02-01,60461828,0.0,0.0,14.61,14.61,0.0,0.0
Italy,Europe,2020-02-02,60461828,0.0,0.0,0.0,14.61,0.0,0.0
Italy,Europe,2020-02-03,60461828,0.0,0.0,7.47,22.07,0.0,0.0
Italy,Europe,2020-02-04,60461828,0.0,0.0,0.0,22.07,0.0,0.0
Italy,Europe,2020-02-05,60461828,52.64,52.64,0.0,22.07,0.0,0.0
Italy,Europe,2020-02-06,60461828,0.0,52.64,0.0,22.07,0.0,0.0
Italy,Europe,2020-02-07,60461828,42.07,94.7,9.36,31.43,0.0,0.0
Italy,Europe,2020-02-08,60461828,30.01,124.72,2.85,34.28,0.0,0.0
Italy,Europe,2020-02-09,60461828,8.85,133.56,0.0,34.28,0.0,0.0
Italy,Europe,2020-02-10,60461828,82.55,216.11,13.97,48.25,0.0,0.0
Italy,Europe,2020-02-11,60461828,48.29,264.4,0.0,48.25,0.0,0.0
Italy,Europe,2020-02-12,60461828,0.0,264.4,0.0,48.25,0.0,0.0
Italy,Europe,2020-02-13,60461828,0.0,264.4,0.0,48.25,0.0,0.0
Italy,Europe,2020-02-14,60461828,119.83,384.24,6.51,54.77,0.0,0.0
Italy,Europe,2020-02-15,60461828,387.56,771.79,5.46,60.23,0.0,0.0
Italy,Europe,2020-02-16,60461828,426.01,1197.8,5.91,66.14,0.0,0.0
Italy,Europe,2020-02-17,60461828,0.0,1197.8,0.0,66.14,0.0,0.0
Italy,Europe,2020-02-18,60461828,0.0,1197.8,0.0,66.14,0.0,0.0
Italy,Europe,2020-02-19,60461828,0.0,1197.8,0.0,66.14,0.0,0.0
Italy,Europe,2020-02-20,60461828,499.1,1696.9,9.69,75.83,0.0,0.0
Italy,Europe,2020-02-21,60461828,378.86,2075.76,9.66,85.49,0.0,0.0
Italy,Europe,2020-02-22,60461828,197.35,2273.11,0.52,86.01,0.0,0.0
Italy,Europe,2020-02-23,60461828,152.17,2425.28,9.42,95.43,0.0,0.0
Italy,Europe,2020-02-24,60461828,572.91,2998.19,6.24,101.67,0.0,0.0
Italy,Europe,2020-02-25,60461828,543.76,3541.96,2.49,104.16,0.0,0.0
Italy,Europe,2020-02-26,60461828,531.93,4073.88,7.97,112.13,0.0,0.0
Italy,Europe,2020-02-27,60461828,293.59,4367.47,0.0,112.13,0.0,0.0
Italy,Europe,2020-02-28,60461828,19.02,4386.49,2.09,114.22,0.0,0.0
Italy,Europe,2020-02-29,60461828,417.59,4804.08,0.0,114.22,0.0,0.0
Italy,Europe,2020-03-01,60461828,442.93,5247.01,0.0,114.22,0.0,0.0
Italy,Europe,2020-03-02,60461828,99.2,5346.21,0.0,114.22,0.0,0.0
Italy,Europe,2020-03-03,60461828,51.99,5398.21,0.0,114.22,0.0,0.0
Italy,Europe,2020-03-04,60461828,581.01,5979.22,19.85,134.07,0.0,0.0
Italy,Europe,2020-03-05,60461828,776.64,6755.86,8.38,142.46,0.0,0.0
Italy,Europe,2020-03-06,60461828,0.0,6755.86,5.15,147.6,0.0,0.0
Italy,Europe,2020-03-07,60461828,123.06,6878.92,20.3,167.9,0.0,0.0
Italy,Europe,2020-03-08,60461828,349.29,7228.21,7.42,175.32,0.0,0.0
Italy,Europe,2020-03-09,60461828,408.48,7636.69,0.0,175.32,0.0,0.0
Italy,Europe,2020-03-10,60461828,67.55,7704.24,0.0,175.32,0.0,0.0
Italy,Europe,2020-03-11,60461828,922.35,8626.59,11.07,186.4,0.0,0.0
Italy,Europe,2020-03-12,60461828,424.11,9050.7,0.03,186.42,0.0,0.0
Italy,Europe,2020-03-13,60461828,476.18,9526.88,1.25,187.67,0.0,0.0
Italy,Europe,2020-03-14,60461828,920.19,10447.07,18.92,206.6,0.0,0.0
Italy,Europe,2020-03-15,60461828,162.37,10609.44,10.16,216.75,0.0,0.0
Italy,Europe,2020-03-16,60461828,304.16,10913.6,0.0,216.75,0.0,0.0
Italy,Europe,2020-03-17,60461828,0.0,10913.6,0.0,216.75,0.0,0.0
Italy,Europe,2020-03-18,60461828,307.77,11221.37,0.0,216.75,0.0,0.0
Italy,Europe,2020-03-19,60461828,0.0,11221.37,4.79,221.55,0.0,0.0
Italy,Europe,2020-03-20,60461828,665.42,11886.79,17.13,238.68,0.0,0.0
Italy,Europe,2020-03-21,60461828,569.47,12456.25,28.45,267.13,0.0,0.0
Italy,Europe,2020-03-22,60461828,344.99,12801.24,0.41,267.54,0.0,0.0
Italy,Europe,2020-03-23,60461828,427.02,13228.25,1.8,269.34,0.0,0.0
Italy,Europe,2020-03-24,60461828,749.61,13977.86,13.7,283.04,0.0,0.0
Italy,Europe,2020-03-25,60461828,107.24,14085.1,0.0,283.04,0.0,0.0
Italy,Europe,2020-03-26,60461828,598.66,14683.76,6.06,289.1,0.0,0.0
Italy,Europe,2020-03-27,60461828,795.23,15478.99,6.22,295.32,0.0,0.0
Italy,Europe,2020-03-28,60461828,0.0,15478.99,0.0,295.32,0.0,0.0
Italy,Europe,2020-03-29,60461828,838.91,16317.9,11.05,306.37,0.0,0.0
Italy,Europe,2020-03-30,60461828,38.86,16356.76,0.0,306.37,0.0,0.0
Italy,Europe,2020-03-31,60461828,610.06,16966.82,17.49,323.87,0.0,0.0
Italy,Europe,2020-04-01,60461828,271.31,17238.12,3.3,327.16,0.0,0.0
Italy,Europe,2020-04-02,60461828,1207.56,18445.68,4.45,331.62,0.0,0.0
Italy,Europe,2020-04-03,60461828,330.63,18776.31,1.9,333.52,0.0,0.0
Italy,Europe,2020-04-04,60461828,187.92,18964.23,0.0,333.52,0.0,0.0
Italy,Europe,2020-04-05,60461828,842.93,19807.16,0.43,333.95,0.0,0.0
Italy,Europe,2020-04-06,60461828,683.12,20490.27,13.28,347.23,0.0,0.0
Italy,Europe,2020-04-07,60461828,333.87,20824.14,2.03,349.26,0.0,0.0
Italy,Europe,2020-04-08,60461828,1078.0,21902.14,20.32,369.57,0.0,0.0
Italy,Europe,2020-04-09,60461828,231.35,22133.49,0.0,369.57,0.0,0.0
Italy,Europe,2020-04-10,60461828,601.03,22734.52,5.27,374.85,0.0,0.0
Italy,Europe,2020-04-11,60461828,798.67,23533.18,5.78,380.63,0.0,0.0
Italy,Europe,2020-04-12,60461828,1317.99,24851.17,23.46,404.09,0.0,0.0
Italy,Europe,2020-04-13,60461828,1528.79,26379.97,23.73,427.82,0.0,0.0
Italy,Europe,2020-04-14,60461828,1500.47,27880.44,23.14,450.96,0.0,0.0
Italy,Europe,2020-04-15,60461828,1100.92,28981.37,25.54,476.5,0.0,0.0
Italy,Europe,2020-04-16,60461828,346.04,29327.4,1.21,477.71,0.0,0.0
Italy,Europe,2020-04-17,60461828,1374.37,30701.77,27.17,504.88,0.0,0.0
Italy,Europe,2020-04-18,60461828,1795.2,32496.97,13.19,518.07,0.0,0.0
Italy,Europe,2020-04-19,60461828,1756.2,34253.17,12.43,530.5,0.0,0.0
Italy,Europe,2020-04-20,60461828,1531.23,35784.41,24.4,554.9,0.0,0.0
Italy,Europe,2020-04-21,60461828,998.64,36783.05,0.0,554.9,0.0,0.0
Italy,Europe,2020-04-22,60461828,1277.81,38060.86,19.92,574.81,0.0,0.0
Italy,Europe,2020-04-23,60461828,2186.13,40246.99,27.04,601.86,0.0,0.0
Italy,Europe,2020-04-24,60461828,1061.98,41308.96,21.32,623.17,0.0,0.0
Italy,Europe,2020-04-25,60461828,1205.54,42514.5,13.99,637.17,0.0,0.0
Italy,Europe,2020-04-26,60461828,1987.52,44502.02,24.3,661.46,0.0,0.0
Italy,Europe,2020-04-27,60461828,1557.95,46059.97,22.77,684.23,0.0,0.0
Italy,Europe,2020-04-28,60461828,1347.33,47407.3,10.87,695.1,0.0,0.0
Italy,Europe,2020-04-29,60461828,2348.67,49755.97,22.53,717.63,0.0,0.0
Italy,Europe,2020-04-30,60461828,2029.02,51785.0,28.14,745.78,0.0,0.0
Italy,Europe,2020-05-01,60461828,1788.61,53573.61,21.23,767.01,0.0,0.0
Italy,Europe,2020-05-02,60461828,1576.59,55150.2,15.66,782.67,0.0,0.0
Italy,Europe,2020-05-03,60461828,2750.35,57900.54,32.34,815.01,0.0,0.0
Italy,Europe,2020-05-04,60461828,2082.08,59982.63,37.74,852.75,0.0,0.0
Italy,Europe,2020-05-05,60461828,2637.31,62619.93,28.1,880.85,0.0,0.0
Italy,Europe,2020-05-06,60461828,2519.31,65139.24,26.46,907.31,0.0,0.0
Italy,Europe,2020-05-07,60461828,2083.17,67222.41,11.34,918.65,0.0,0.0
Italy,Europe,2020-05-08,60461828,2145.54,69367.95,25.41,944.06,0.0,0.0
Italy,Europe,2020-05-09,60461828,2891.46,72259.41,39.95,984.01,0.0,0.0
Italy,Europe,2020-05-10,60461828,2957.87,75217.29,42.18,1026.19,0.0,0.0
Italy,Europe,2020-05-11,60461828,1850.35,77067.63,23.07,1049.26,0.0,0.0
Italy,Europe,2020-05-12,60461828,2761.45,79829.08,40.78,1090.05,0.0,0.0
Italy,Europe,2020-05-13,60461828,2588.82,82417.9,36.92,1126.96,0.0,0.0
Italy,Europe,2020-05-14,60461828,2332.21,84750.12,36.89,1163.85,0.0,0.0
Italy,Europe,2020-05-15,60461828,2848.49,87598.6,42.06,1205.91,0.0,0.0
Italy,Europe,2020-05-16,60461828,2347.85,89946.45,40.73,1246.64,0.0,0.0
Italy,Europe,2020-05-17,60461828,2720.56,92667.01,31.29,1277.93,0.0,0.0
Italy,Europe,2020-05-18,60461828,2668.21,95335.23,21.4,1299.33,0.0,0.0
Italy,Europe,2020-05-19,60461828,2836.8,98172.02,39.35,1338.69,0.0,0.0
Italy,Europe,2020-05-20,60461828,3050.9,101222.92,42.86,1381.54,0.0,0.0
Italy,Europe,2020-05-21,60461828,2784.76,104007.68,45.98,1427.52,0.0,0.0
Italy,Europe,2020-05-22,60461828,3755.15,107762.84,55.31,1482.83,0.0,0.0
Italy,Europe,2020-05-23,60461828,3441.52,111204.36,56.86,1539.69,0.0,0.0
Italy,Europe,2020-05-24,60461828,3961.24,115165.6,52.49,1592.19,0.0,0.0
Italy,Europe,2020-05-25,60461828,3341.28,118506.87,41.93,1634.11,0.0,0.0
Italy,Europe,2020-05-26,60461828,3269.23,121776.1,28.15,1662.26,0.0,0.0
Italy,Europe,2020-05-27,60461828,4140.53,125916.62,52.15,1714.41,0.0,0.0
Italy,Europe,2020-05-28,60461828,3386.26,129302.89,36.22,1750.63,0.0,0.0
Italy,Europe,2020-05-29,60461828,3589.36,132892.24,44.76,1795.39,0.0,0.0
Italy,Europe,2020-05-30,60461828,3966.56,136858.8,48.03,1843.43,0.0,0.0
Italy,Europe,2020-05-31,60461828,3343.68,140202.48,43.9,1887.33,0.0,0.0
Italy,Europe,2020-06-01,60461828,4087.68,144290.17,48.27,1935.6,0.0,0.0
Italy,Europe,2020-06-02,60461828,4104.19,148394.35,56.73,1992.33,0.0,0.0
Italy,Europe,2020-06-03,60461828,4404.95,152799.3,31.07,2023.4,0.0,0.0
Italy,Europe,2020-06-04,60461828,4332.19,157131.49,53.51,2076.91,0.0,0.0
Italy,Europe,2020-06-05,60461828,4534.93,161666.42,64.04,2140.95,0.0,0.0
Italy,Europe,2020-06-06,60461828,4099.77,165766.19,64.16,2205.11,0.0,0.0
Italy,Europe,2020-06-07,60461828,3894.11,169660.3,52.59,2257.69,0.0,0.0
Italy,Europe,2020-06-08,60461828,4991.27,174651.57,73.37,2331.07,0.0,0.0
Italy,Europe,2020-06-09,60461828,3774.2,178425.76,46.64,2377.71,0.0,0.0
Italy,Europe,2020-06-10,60461828,3864.01,182289.78,46.39,2424.1,0.0,0.0
Italy,Europe,2020-06-11,60461828,4614.77,186904.55,59.61,2483.71,0.0,0.0
Italy,Europe,2020-06-12,60461828,5038.28,191942.82,60.43,2544.15,0.0,0.0
Italy,Europe,2020-06-13,60461828,4587.25,196530.07,48.79,2592.93,0.0,0.0
Italy,Europe,2020-06-14,60461828,4920.82,201450.89,54.93,2647.86,0.0,0.0
Italy,Europe,2020-06-15,60461828,3921.39,205372.28,38.16,2686.02,0.0,0.0
Italy,Europe,2020-06-16,60461828,4492.62,209864.9,58.14,2744.16,0.0,0.0
Italy,Europe,2020-06-17,60461828,4057.73,213922.63,48.78,2792.94,0.0,0.0
Italy,Europe,2020-06-18,60461828,5031.47,218954.1,57.5,2850.44,0.0,0.0
Italy,Europe,2020-06-19,60461828,4260.04,223214.14,46.59,2897.03,0.0,0.0
Italy,Europe,2020-06-20,60461828,4396.06,227610.2,56.79,2953.82,0.0,0.0
Italy,Europe,2020-06-21,60461828,5063.37,232673.57,67.0,3020.82,0.0,0.0
Italy,Europe,2020-06-22,60461828,5293.65,237967.22,54.48,3075.3,0.0,0.0
Italy,Europe,2020-06-23,60461828,4903.28,242870.5,48.54,3123.84,0.0,0.0
Italy,Europe,2020-06-24,60461828,5193.71,248064.2,69.96,3193.8,0.0,0.0
Italy,Europe,2020-06-25,60461828,5215.88,253280.09,51.59,3245.39,0.0,0.0
Italy,Europe,2020-06-26,60461828,4984.01,258264.1,64.19,3309.58,0.0,0.0
Italy,Europe,2020-06-27,60461828,4706.24,262970.34,69.41,3378.99,0.0,0.0
Italy,Europe,2020-06-28,60461828,5315.26,268285.6,76.74,3455.73,0.0,0.0
Italy,Europe,2020-06-29,60461828,5358.46,273644.06,70.2,3525.93,0.0,0.0
Italy,Europe,2020-06-30,60461828,5481.24,279125.3,71.45,3597.38,0.0,0.0
Italy,Europe,2020-07-01,60461828,5300.13,284425.43,81.62,3678.99,0.0,0.0
Italy,Europe,2020-07-02,60461828,4802.6,289228.03,38.96,3717.95,0.0,0.0
Italy,Europe,2020-07-03,60461828,5471.94,294699.97,61.95,3779.9,0.0,0.0
Italy,Europe,2020-07-04,60461828,5246.65,299946.62,69.75,3849.64,0.0,0.0
Italy,Europe,2020-07-05,60461828,5093.04,305039.66,58.42,3908.06,0.0,0.0
Italy,Europe,2020-07-06,60461828,5171.78,310211.43,71.98,3980.04,0.0,0.0
Italy,Europe,2020-07-07,60461828,5044.25,315255.68,60.22,4040.26,0.0,0.0
Italy,Europe,2020-07-08,60461828,5605.9,320861.59,68.32,4108.58,0.0,0.0
Italy,Europe,2020-07-09,60461828,4805.47,325667.05,55.47,4164.05,0.0,0.0
Italy,Europe,2020-07-10,60461828,4959.12,330626.18,55.33,4219.38,0.0,0.0
Italy,Europe,2020-07-11,60461828,5194.84,335821.02,57.96,4277.34,0.0,0.0
Italy,Europe,2020-07-12,60461828,5875.84,341696.85,72.68,4350.02,0.0,0.0
Italy,Europe,2020-07-13,60461828,5679.19,347376.04,61.95,4411.98,0.0,0.0
Italy,Europe,2020-07-14,60461828,4733.12,352109.16,64.42,4476.4,0.0,0.0
Italy,Europe,2020-07-15,60461828,5775.7,357884.86,74.53,4550.93,0.0,0.0
Italy,Europe,2020-07-16,60461828,5768.43,363653.29,78.02,4628.95,0.0,0.0
Italy,Europe,2020-07-17,60461828,4876.76,368530.05,49.49,4678.44,0.0,0.0
Italy,Europe,2020-07-18,60461828,4394.82,372924.87,39.14,4717.58,0.0,0.0
Italy,Europe,2020-07-19,60461828,5239.89,378164.76,62.85,4780.43,0.0,0.0
Italy,Europe,2020-07-20,60461828,5644.05,383808.81,90.92,4871.35,0.0,0.0
Italy,Europe,2020-07-21,60461828,5792.4,389601.2,79.64,4950.98,0.0,0.0
Italy,Europe,2020-07-22,60461828,4913.18,394514.39,54.52,5005.51,0.0,0.0
Italy,Europe,2020-07-23,60461828,5811.98,400326.37,73.14,5078.65,0.0,0.0
Italy,Europe,2020-07-24,60461828,4398.16,404724.52,58.6,5137.24,0.0,0.0
Italy,Europe,2020-07-25,60461828,5026.64,409751.16,49.37,5186.62,0.0,0.0
Italy,Europe,2020-07-26,60461828,4985.37,414736.53,70.78,5257.4,0.0,0.0
Italy,Europe,2020-07-27,60461828,5509.1,420245.63,64.77,5322.17,0.0,0.0
Italy,Europe,2020-07-28,60461828,5533.1,425778.73,65.67,5387.84,0.0,0.0
Italy,Europe,2020-07-29,60461828,5384.13,431162.86,64.8,5452.64,0.0,0.0
Italy,Europe,2020-07-30,60461828,4547.53,435710.38,63.73,5516.37,0.0,0.0
Italy,Europe,2020-07-31,60461828,5290.86,441001.25,57.45,5573.82,0.0,0.0
Italy,Europe,2020-08-01,60461828,5134.55,446135.79,47.96,5621.77,0.0,0.0
Italy,Europe,2020-08-02,60461828,4337.66,450473.45,54.64,5676.41,0.0,0.0
Italy,Europe,2020-08-03,60461828,4164.17,454637.62,33.62,5710.03,0.0,0.0
Italy,Europe,2020-08-04,60461828,5214.84,459852.46,60.17,5770.2,0.0,0.0
Italy,Europe,2020-08-05,60461828,4751.37,464603.83,66.51,5836.71,0.0,0.0
Italy,Europe,2020-08-06,60461828,4326.46,468930.29,56.55,5893.26,0.0,0.0
Italy,Europe,2020-08-07,60461828,4664.35,473594.64,64.31,5957.57,0.0,0.0
Italy,Europe,2020-08-08,60461828,4824.69,478419.32,62.86,6020.43,0.0,0.0
Italy,Europe,2020-08-09,60461828,4627.54,483046.86,74.81,6095.24,0.0,0.0
Italy,Europe,2020-08-10,60461828,4071.86,487118.73,44.16,6139.4,0.0,0.0
Italy,Europe,2020-08-11,60461828,5232.85,492351.58,65.98,6205.38,0.0,0.0
Italy,Europe,2020-08-12,60461828,4881.62,497233.2,55.07,6260.45,0.0,0.0
Italy,Europe,2020-08-13,60461828,4369.46,501602.66,60.09,6320.54,0.0,0.0
Italy,Europe,2020-08-14,60461828,4339.78,505942.44,51.58,6372.13,0.0,0.0
Italy,Europe,2020-08-15,60461828,4524.7,510467.14,68.05,6440.17,0.0,0.0
Italy,Europe,2020-08-16,60461828,3958.99,514426.12,43.26,6483.44,0.0,0.0
Italy,Europe,2020-08-17,60461828,4422.49,518848.62,64.33,6547.76,0.0,0.0
Italy,Europe,2020-08-18,60461828,3798.8,522647.42,50.33,6598.09,0.0,0.0
Italy,Europe,2020-08-19,60461828,4194.72,526842.14,50.08,6648.17,0.0,0.0
Italy,Europe,2020-08-20,60461828,3765.2,530607.34,49.52,6697.69,0.0,0.0
Italy,Europe,2020-08-21,60461828,3737.65,534344.98,46.94,6744.63,0.0,0.0
Italy,Europe,2020-08-22,60461828,4659.82,539004.8,58.77,6803.4,0.0,0.0
Italy,Europe,2020-08-23,60461828,4059.51,543064.31,47.06,6850.46,0.0,0.0
Italy,Europe,2020-08-24,60461828,4066.53,547130.84,43.19,6893.64,0.0,0.0
Italy,Europe,2020-08-25,60461828,3245.36,550376.2,36.26,6929.91,0.0,0.0
Italy,Europe,2020-08-26,60461828,3696.11,554072.31,30.89,6960.8,0.0,0.0
Italy,Europe,2020-08-27,60461828,4022.59,558094.89,55.01,7015.8,0.0,0.0
Italy,Europe,2020-08-28,60461828,3885.65,561980.54,36.75,7052.55,0.0,0.0
Italy,Europe,2020-08-29,60461828,3020.82,565001.36,34.51,7087.06,0.0,0.0
Italy,Europe,2020-08-30,60461828,3804.82,568806.18,50.84,7137.9,0.0,0.0
Italy,Europe,2020-08-31,60461828,3818.82,572625.0,52.54,7190.44,0.0,0.0
Italy,Europe,2020-09-01,60461828,4098.71,576723.72,34.99,7225.43,0.0,0.0
Italy,Europe,2020-09-02,60461828,3379.65,580103.37,39.82,7265.25,0.0,0.0
Italy,Europe,2020-09-03,60461828,2784.62,582887.99,37.09,7302.34,0.0,0.0
Italy,Europe,2020-09-04,60461828,3181.67,586069.66,38.6,7340.94,0.0,0.0
Italy,Europe,2020-09-05,60461828,3108.63,589178.29,48.06,7389.0,0.0,0.0
Italy,Europe,2020-09-06,60461828,3713.43,592891.72,37.99,7426.98,0.0,0.0
Italy,Europe,2020-09-07,60461828,2468.68,595360.4,13.23,7440.21,0.0,0.0
Italy,Europe,2020-09-08,60461828,3227.57,598587.97,45.21,7485.43,0.0,0.0
Italy,Europe,2020-09-09,60461828,3849.54,602437.5,41.9,7527.33,0.0,0.0
Italy,Europe,2020-09-10,60461828,3320.14,605757.64,25.77,7553.1,0.0,0.0
Italy,Europe,2020-09-11,60461828,3599.56,609357.2,41.93,7595.03,0.0,0.0
Italy,Europe,2020-09-12,60461828,2680.62,612037.81,42.01,7637.04,0.0,0.0
Italy,Europe,2020-09-13,60461828,2665.15,614702.97,21.88,7658.91,0.0,0.0
Italy,Europe,2020-09-14,60461828,3700.72,618403.68,63.1,7722.01,0.0,0.0
Italy,Europe,2020-09-15,60461828,3206.2,621609.88,31.77,7753.78,0.0,0.0
Italy,Europe,2020-09-16,60461828,3181.31,624791.19,38.87,7792.65,0.0,0.0
Italy,Europe,2020-09-17,60461828,2729.5,627520.69,23.0,7815.65,0.0,0.0
Italy,Europe,2020-09-18,60461828,3133.17,630653.86,37.93,7853.58,0.0,0.0
Italy,Europe,2020-09-19,60461828,2675.22,633329.08,31.03,7884.62,0.0,0.0
Italy,Europe,2020-09-20,60461828,3471.47,636800.55,29.74,7914.36,0.0,0.0
Italy,Europe,2020-09-21,60461828,3991.98,640792.53,70.51,7984.87,0.0,0.0
Italy,Europe,2020-09-22,60461828,3189.21,643981.74,34.31,8019.18,0.0,0.0
Italy,Europe,2020-09-23,60461828,2781.6,646763.35,29.42,8048.6,0.0,0.0
Italy,Europe,2020-09-24,60461828,2102.5,648865.85,32.98,8081.58,0.0,0.0
Italy,Europe,2020-09-25,60461828,2386.6,651252.45,43.15,8124.74,0.0,0.0
Italy,Europe,2020-09-26,60461828,3508.7,654761.15,51.12,8175.85,0.0,0.0
Italy,Europe,2020-09-27,60461828,2594.08,657355.23,21.52,8197.37,0.0,0.0
Italy,Europe,2020-09-28,60461828,2815.75,660170.98,35.5,8232.87,0.0,0.0
Italy,Europe,2020-09-29,60461828,3167.61,663338.59,22.96,8255.83,0.0,0.0
Italy,Europe,2020-09-30,60461828,3451.21,666789.8,48.63,8304.46,0.0,0.0
Italy,Europe,2020-10-01,60461828,2858.16,669647.96,21.22,8325.68,0.0,0.0
Italy,Europe,2020-10-02,60461828,2783.44,672431.41,26.98,8352.65,0.0,0.0
Italy,Europe,2020-10-03,60461828,2948.64,675380.05,35.36,8388.01,0.0,0.0
Italy,Europe,2020-10-04,60461828,2703.82,678083.87,36.01,8424.02,0.0,0.0
Italy,Europe,2020-10-05,60461828,2724.0,680807.87,30.6,8454.62,0.0,0.0
Italy,Europe,2020-10-06,60461828,3071.75,683879.62,49.01,8503.63,0.0,0.0
Italy,Europe,2020-10-07,60461828,2996.58,686876.2,41.74,8545.38,0.0,0.0
Italy,Europe,2020-10-08,60461828,3683.3,690559.5,49.36,8594.73,0.0,0.0
Italy,Europe,2020-10-09,60461828,3097.7,693657.19,27.34,8622.07,0.0,0.0
Italy,Europe,2020-10-10,60461828,3355.2,697012.39,53.86,8675.93,0.0,0.0
Italy,Europe,2020-10-11,60461828,2586.86,699599.26,24.62,8700.55,0.0,0.0
Italy,Europe,2020-10-12,60461828,3156.42,702755.68,51.78,8752.32,0.0,0.0
Italy,Europe,2020-10-13,60461828,2731.64,705487.31,48.96,8801.28,0.0,0.0
Italy,Europe,2020-10-14,60461828,3136.4,708623.71,41.74,8843.02,0.0,0.0
Italy,Europe,2020-10-15,60461828,3253.49,711877.2,47.3,8890.32,0.0,0.0
Italy,Europe,2020-10-16,60461828,3045.66,714922.86,11.88,8902.2,0.0,0.0
Italy,Europe,2020-10-17,60461828,3887.63,718810.49,45.09,8947.29,0.0,0.0
Italy,Europe,2020-10-18,60461828,3562.83,722373.32,51.57,8998.86,0.0,0.0
Italy,Europe,2020-10-19,60461828,3494.14,725867.46,49.33,9048.19,0.0,0.0
Italy,Europe,2020-10-20,60461828,3369.72,729237.17,30.68,9078.87,0.0,0.0
Italy,Europe,2020-10-21,60461828,3740.53,732977.71,42.54,9121.4,0.0,0.0
Italy,Europe,2020-10-22,60461828,2642.54,735620.24,11.42,9132.82,0.0,0.0
Italy,Europe,2020-10-23,60461828,3648.14,739268.39,47.08,9179.91,0.0,0.0
Italy,Europe,2020-10-24,60461828,2845.59,742113.97,19.08,9198.99,0.0,0.0
Italy,Europe,2020-10-25,60461828,3019.85,745133.82,45.28,9244.27,0.0,0.0
Italy,Europe,2020-10-26,60461828,3439.53,748573.36,50.74,9295.0,0.0,0.0
Italy,Europe,2020-10-27,60461828,3701.14,752274.5,40.62,9335.62,0.0,0.0
Italy,Europe,2020-10-28,60461828,2892.98,755167.48,38.89,9374.51,0.0,0.0
Italy,Europe,2020-10-29,60461828,3145.27,758312.75,36.01,9410.52,0.0,0.0
Italy,Europe,2020-10-30,60461828,3387.39,761700.13,42.58,9453.1,0.0,0.0
Italy,Europe,2020-10-31,60461828,3317.23,765017.37,30.63,9483.73,0.0,0.0
Italy,Europe,2020-11-01,60461828,3711.17,768728.53,49.51,9533.24,0.0,0.0
Italy,Europe,2020-11-02,60461828,4645.16,773373.69,42.61,9575.85,0.0,0.0
Italy,Europe,2020-11-03,60461828,3620.17,776993.86,28.8,9604.66,0.0,0.0
Italy,Europe,2020-11-04,60461828,3247.35,780241.21,37.99,9642.65,0.0,0.0
Italy,Europe,2020-11-05,60461828,3082.56,783323.77,35.3,9677.95,0.0,0.0
Italy,Europe,2020-11-06,60461828,3454.53,786778.3,43.63,9721.58,0.0,0.0
Italy,Europe,2020-11-07,60461828,3271.62,790049.92,34.06,9755.65,0.0,0.0
Italy,Europe,2020-11-08,60461828,3796.95,793846.87,60.65,9816.3,0.0,0.0
Italy,Europe,2020-11-09,60461828,3824.35,797671.22,47.18,9863.47,0.0,0.0
Italy,Europe,2020-11-10,60461828,3537.03,801208.25,44.31,9907.78,0.0,0.0
Italy,Europe,2020-11-11,60461828,4427.01,805635.26,54.7,9962.48,0.0,0.0
Italy,Europe,2020-11-12,60461828,3508.09,809143.36,50.12,10012.6,0.0,0.0
Italy,Europe,2020-11-13,60461828,3756.96,812900.32,49.69,10062.29,0.0,0.0
Italy,Europe,2020-11-14,60461828,4055.72,816956.04,52.2,10114.5,0.0,0.0
Italy,Europe,2020-11-15,60461828,4177.45,821133.49,56.02,10170.52,0.0,0.0
Italy,Europe,2020-11-16,60461828,4345.49,825478.98,37.55,10208.07,0.0,0.0
Italy,Europe,2020-11-17,60461828,4081.3,829560.28,34.68,10242.75,0.0,0.0
Italy,Europe,2020-11-18,60461828,4331.94,833892.22,51.37,10294.12,0.0,0.0
Italy,Europe,2020-11-19,60461828,3763.91,837656.12,43.59,10337.71,0.0,0.0
Italy,Europe,2020-11-20,60461828,4350.33,842006.45,56.84,10394.55,0.0,0.0
Italy,Europe,2020-11-21,60461828,4377.66,846384.11,52.69,10447.24,0.0,0.0
Italy,Europe,2020-11-22,60461828,4622.16,851006.27,60.12,10507.36,0.0,0.0
Italy,Europe,2020-11-23,60461828,3539.95,854546.22,32.51,10539.88,0.0,0.0
Italy,Europe,2020-11-24,60461828,3837.21,858383.43,45.96,10585.84,0.0,0.0
Italy,Europe,2020-11-25,60461828,4473.17,862856.61,42.95,10628.79,0.0,0.0
Italy,Europe,2020-11-26,60461828,3286.94,866143.54,42.54,10671.32,0.0,0.0
Italy,Europe,2020-11-27,60461828,4416.4,870559.95,37.97,10709.3,0.0,0.0
Italy,Europe,2020-11-28,60461828,4643.83,875203.78,58.51,10767.81,0.0,0.0
Italy,Europe,2020-11-29,60461828,4099.24,879303.02,37.44,10805.25,0.0,0.0
Italy,Europe,2020-11-30,60461828,4177.82,883480.85,47.07,10852.31,0.0,0.0
Italy,Europe,2020-12-01,60461828,3979.16,887460.01,54.91,10907.22,0.0,0.0
Italy,Europe,2020-12-02,60461828,4198.55,891658.56,52.2,10959.42,0.0,0.0
Italy,Europe,2020-12-03,60461828,4233.92,895892.48,37.64,10997.06,0.0,0.0
Italy,Europe,2020-12-04,60461828,4191.75,900084.23,44.92,11041.99,0.0,0.0
Italy,Europe,2020-12-05,60461828,4196.16,904280.39,38.34,11080.33,0.0,0.0
Italy,Europe,2020-12-06,60461828,4382.23,908662.62,39.03,11119.36,0.0,0.0
Italy,Europe,2020-12-07,60461828,4399.85,913062.47,53.74,11173.1,0.0,0.0
Italy,Europe,2020-12-08,60461828,5175.82,918238.29,66.59,11239.69,0.0,0.0
Italy,Europe,2020-12-09,60461828,4401.91,922640.2,56.35,11296.04,0.0,0.0
Italy,Europe,2020-12-10,60461828,4679.35,927319.55,60.97,11357.01,0.0,0.0
Italy,Europe,2020-12-11,60461828,4375.02,931694.57,52.4,11409.42,0.0,0.0
Italy,Europe,2020-12-12,60461828,4387.58,936082.16,50.46,11459.88,0.0,0.0
Italy,Europe,2020-12-13,60461828,4013.39,940095.54,39.58,11499.46,0.0,0.0
Italy,Europe,2020-12-14,60461828,4074.85,944170.39,45.38,11544.83,0.0,0.0
Italy,Europe,2020-12-15,60461828,4216.21,948386.6,40.02,11584.86,0.0,0.0
Italy,Europe,2020-12-16,60461828,4715.68,953102.28,49.83,11634.68,0.0,0.0
Italy,Europe,2020-12-17,60461828,5039.66,958141.94,61.19,11695.87,0.0,0.0
Italy,Europe,2020-12-18,60461828,4048.14,962190.07,47.64,11743.51,0.0,0.0
Italy,Europe,2020-12-19,60461828,4490.61,966680.69,78.41,11821.91,0.0,0.0
Italy,Europe,2020-12-20,60461828,4212.54,970893.23,39.78,11861.7,0.0,0.0
Italy,Europe,2020-12-21,60461828,4605.43,975498.66,54.26,11915.96,0.0,0.0
Italy,Europe,2020-12-22,60461828,5080.24,980578.9,49.57,11965.53,4951851.3,4951851.3
Italy,Europe,2020-12-23,60461828,4551.9,985130.8,51.52,12017.05,63671.12,5015522.42
Italy,Europe,2020-12-24,60461828,4695.06,989825.87,53.56,12070.62,64391.27,5079913.69
Italy,Europe,2020-12-25,60461828,5223.19,995049.06,69.44,12140.06,65117.03,5145030.73
Italy,Europe,2020-12-26,60461828,4875.07,999924.13,54.9,12194.96,65848.37,5210879.1
Italy,Europe,2020-12-27,60461828,4448.49,1004372.62,51.85,12246.81,66585.27,5277464.37
Italy,Europe,2020-12-28,60461828,4768.63,1009141.25,53.78,12300.59,67327.7,5344792.08
Italy,Europe,2020-12-29,60461828,4420.62,1013561.87,41.84,12342.43,68075.63,5412867.71
Italy,Europe,2020-12-30,60461828,4853.44,1018415.31,53.02,12395.45,68829.03,5481696.74
Italy,Europe,2020-12-31,60461828,4881.42,1023296.73,55.52,12450.98,69587.87,5551284.62
Italy,Europe,2021-01-01,60461828,4216.09,1027512.82,51.18,12502.16,70352.11,5621636.72
Italy,Europe,2021-01-02,60461828,4748.21,1032261.03,61.45,12563.61,71121.71,5692758.43
Italy,Europe,2021-01-03,60461828,4636.84,1036897.87,53.77,12617.38,71896.63,5764655.06
Italy,Europe,2021-01-04,60461828,4858.49,1041756.36,56.28,12673.66,72676.82,5837331.88
Italy,Europe,2021-01-05,60461828,4947.47,1046703.82,45.6,12719.26,73462.25,5910794.13
Italy,Europe,2021-01-06,60461828,4811.03,1051514.86,62.05,12781.31,74252.86,5985046.99
Italy,Europe,2021-01-07,60461828,4524.04,1056038.89,48.72,12830.03,75048.61,6060095.6
Italy,Europe,2021-01-08,60461828,4941.86,1060980.75,65.28,12895.31,75849.43,6135945.03
Italy,Europe,2021-01-09,60461828,4293.47,1065274.23,62.05,12957.37,76655.28,6212600.31
Italy,Europe,2021-01-10,60461828,4119.55,1069393.77,47.93,13005.3,77466.09,6290066.4
Italy,Europe,2021-01-11,60461828,3444.91,1072838.68,33.15,13038.45,78281.8,6368348.2
Italy,Europe,2021-01-12,60461828,4519.09,1077357.77,54.1,13092.55,79102.35,6447450.55
Italy,Europe,2021-01-13,60461828,4235.35,1081593.12,53.61,13146.16,79927.67,6527378.22
Italy,Europe,2021-01-14,60461828,4640.25,1086233.37,53.16,13199.32,80757.69,6608135.92
Italy,Europe,2021-01-15,60461828,3788.15,1090021.52,40.95,13240.26,81592.34,6689728.26
Italy,Europe,2021-01-16,60461828,4227.53,1094249.05,55.24,13295.5,82431.54,6772159.8
Italy,Europe,2021-01-17,60461828,4593.55,1098842.6,59.1,13354.61,83275.21,6855435.01
Italy,Europe,2021-01-18,60461828,4042.38,1102884.99,45.74,13400.34,84123.28,6939558.28
Italy,Europe,2021-01-19,60461828,4518.91,1107403.9,40.99,13441.34,84975.64,7024533.93
Italy,Europe,2021-01-20,60461828,4152.57,1111556.47,53.48,13494.82,85832.23,7110366.16
Italy,Europe,2021-01-21,60461828,4306.92,1115863.39,45.54,13540.37,86692.94,7197059.1
Italy,Europe,2021-01-22,60461828,4496.64,1120360.03,55.67,13596.04,87557.69,7284616.79
Italy,Europe,2021-01-23,60461828,4590.81,1124950.84,56.3,13652.34,88426.37,7373043.15
Italy,Europe,2021-01-24,60461828,4257.8,1129208.64,35.98,13688.32,89298.88,7462342.03
Italy,Europe,2021-01-25,60461828,3907.74,1133116.38,47.54,13735.86,90175.12,7552517.16
Italy,Europe,2021-01-26,60461828,3998.69,1137115.07,52.1,13787.96,91054.99,7643572.15
Italy,Europe,2021-01-27,60461828,4347.48,1141462.55,57.27,13845.23,91938.37,7735510.52
Italy,Europe,2021-01-28,60461828,3731.85,1145194.39,45.72,13890.95,92825.15,7828335.68
Italy,Europe,2021-01-29,60461828,3990.93,1149185.32,32.07,13923.02,93715.22,7922050.89
Italy,Europe,2021-01-30,60461828,3881.42,1153066.74,56.79,13979.82,94608.44,8016659.34
Italy,Europe,2021-01-31,60461828,3942.82,1157009.56,50.6,14030.42,95504.71,8112164.05
Italy,Europe,2021-02-01,60461828,3587.57,1160597.13,33.42,14063.84,96403.89,8208567.94
Italy,Europe,2021-02-02,60461828,3253.81,1163850.95,32.74,14096.59,97305.85,8305873.79
Italy,Europe,2021-02-03,60461828,4044.8,1167895.75,50.39,14146.98,98210.46,8404084.25
Italy,Europe,2021-02-04,60461828,4159.94,1172055.69,55.36,14202.33,99117.58,8503201.83
Italy,Europe,2021-02-05,60461828,3154.62,1175210.31,33.95,14236.28,100027.07,8603228.9
Italy,Europe,2021-02-06,60461828,3869.86,1179080.18,53.04,14289.33,100938.8,8704167.7
Italy,Europe,2021-02-07,60461828,4078.21,1183158.38,34.6,14323.92,101852.6,8806020.3
Italy,Europe,2021-02-08,60461828,3865.55,1187023.93,38.05,14361.97,102768.33,8908788.63
Italy,Europe,2021-02-09,60461828,3468.59,1190492.52,25.11,14387.08,103685.85,9012474.48
Italy,Europe,2021-02-10,60461828,3241.24,1193733.75,31.72,14418.79,104604.98,9117079.46
Italy,Europe,2021-02-11,60461828,3556.46,1197290.22,54.74,14473.54,105525.57,9222605.03
Italy,Europe,2021-02-12,60461828,3571.16,1200861.38,59.32,14532.85,106447.46,9329052.49
Italy,Europe,2021-02-13,60461828,3473.98,1204335.36,43.56,14576.42,107370.48,9436422.97
Italy,Europe,2021-02-14,60461828,3333.13,1207668.49,34.89,14611.31,108294.45,9544717.42
Italy,Europe,2021-02-15,60461828,2972.73,1210641.22,33.9,14645.21,109219.22,9653936.64
Italy,Europe,2021-02-16,60461828,3454.86,1214096.08,45.25,14690.45,110144.59,9764081.22
Italy,Europe,2021-02-17,60461828,3426.8,1217522.89,28.62,14719.07,111070.38,9875151.61
Italy,Europe,2021-02-18,60461828,3287.22,1220810.11,34.87,14753.94,111996.43,9987148.04
Italy,Europe,2021-02-19,60461828,3210.59,1224020.7,50.01,14803.94,112922.53,10100070.57
Italy,Europe,2021-02-20,60461828,3714.21,1227734.91,36.2,14840.15,113848.5,10213919.07
Italy,Europe,2021-02-21,60461828,2862.6,1230597.51,28.36,14868.51,114774.15,10328693.22
Italy,Europe,2021-02-22,60461828,3484.28,1234081.79,41.92,14910.42,115699.28,10444392.5
Italy,Europe,2021-02-23,60461828,2733.51,1236815.3,35.07,14945.49,116623.69,10561016.18
Italy,Europe,2021-02-24,60461828,3333.24,1240148.54,35.0,14980.49,117547.18,10678563.36
Italy,Europe,2021-02-25,60461828,3331.53,1243480.07,40.59,15021.08,118469.54,10797032.91
Italy,Europe,2021-02-26,60461828,2752.13,1246232.19,37.89,15058.97,119390.58,10916423.49
Italy,Europe,2021-02-27,60461828,3391.0,1249623.2,56.38,15115.36,120310.07,11036733.56
Italy,Europe,2021-02-28,60461828,2928.96,1252552.15,34.14,15149.49,121227.81,11157961.37
Italy,Europe,2021-03-01,60461828,2413.06,1254965.21,28.63,15178.12,122143.58,11280104.94
Italy,Europe,2021-03-02,60461828,2544.67,1257509.89,42.76,15220.88,123057.15,11403162.1
Italy,Europe,2021-03-03,60461828,3027.86,1260537.75,31.94,15252.82,123968.32,11527130.42
Italy,Europe,2021-03-04,60461828,2910.51,1263448.26,24.33,15277.15,124876.86,11652007.28
Italy,Europe,2021-03-05,60461828,2173.46,1265621.71,28.08,15305.23,125782.54,11777789.82
Italy,Europe,2021-03-06,60461828,2451.69,1268073.4,38.03,15343.26,126685.13,11904474.95
Italy,Europe,2021-03-07,60461828,2528.67,1270602.08,33.23,15376.49,127584.41,12032059.36
Italy,Europe,2021-03-08,60461828,2237.17,1272839.25,26.07,15402.56,128480.14,12160539.5
Italy,Europe,2021-03-09,60461828,3197.85,1276037.1,26.79,15429.35,129372.09,12289911.59
Italy,Europe,2021-03-10,60461828,2412.63,1278449.73,28.48,15457.84,130260.02,12420171.61
Italy,Europe,2021-03-11,60461828,2267.88,1280717.61,37.08,15494.92,131143.69,12551315.3
Italy,Europe,2021-03-12,60461828,2665.47,1283383.08,22.11,15517.03,132022.87,12683338.17
Italy,Europe,2021-03-13,60461828,2080.5,1285463.58,23.01,15540.04,132897.31,12816235.48
Italy,Europe,2021-03-14,60461828,2521.1,1287984.68,27.15,15567.19,133766.78,12950002.26
Italy,Europe,2021-03-15,60461828,1545.52,1289530.2,12.96,15580.15,134631.02,13084633.29
Italy,Europe,2021-03-16,60461828,1931.74,1291461.94,25.16,15605.32,135489.8,13220123.08
Italy,Europe,2021-03-17,60461828,2419.58,1293881.52,32.58,15637.9,136342.86,13356465.94
Italy,Europe,2021-03-18,60461828,2564.47,1296446.0,34.24,15672.14,137189.95,13493655.89
Italy,Europe,2021-03-19,60461828,1707.38,1298153.38,12.67,15684.81,138030.84,13631686.74
Italy,Europe,2021-03-20,60461828,1630.38,1299783.76,6.4,15691.21,138865.27,13770552.01
Italy,Europe,2021-03-21,60461828,2104.88,1301888.65,27.36,15718.56,139693.0,13910245.0
Italy,Europe,2021-03-22,60461828,1653.36,1303542.01,15.79,15734.36,140513.76,14050758.76
Italy,Europe,2021-03-23,60461828,1743.28,1305285.29,35.63,15769.98,141327.31,14192086.07
Italy,Europe,2021-03-24,60461828,2110.61,1307395.9,40.4,15810.39,142133.41,14334219.48
Italy,Europe,2021-03-25,60461828,1580.76,1308976.67,34.89,15845.28,142931.79,14477151.27
Italy,Europe,2021-03-26,60461828,1051.4,1310028.06,5.1,15850.38,143722.21,14620873.49
Italy,Europe,2021-03-27,60461828,1252.79,1311280.85,19.59,15869.97,144504.42,14765377.91
Italy,Europe,2021-03-28,60461828,1681.32,1312962.16,27.14,15897.11,145278.17,14910656.08
Italy,Europe,2021-03-29,60461828,996.11,1313958.28,18.02,15915.13,146043.21,15056699.3
Italy,Europe,2021-03-30,60461828,1515.6,1315473.88,15.35,15930.48,146799.29,15203498.59
Italy,Europe,2021-03-31,60461828,1104.52,1316578.39,23.49,15953.97,147546.16,15351044.74
Italy,Europe,2021-04-01,60461828,2138.72,1318717.12,25.67,15979.64,148283.57,15499328.32
Italy,Europe,2021-04-02,60461828,2296.4,1321013.52,28.58,16008.22,149011.28,15648339.6
Italy,Europe,2021-04-03,60461828,1142.97,1322156.48,1.41,16009.63,149729.05,15798068.65
Italy,Europe,2021-04-04,60461828,1578.83,1323735.31,24.1,16033.74,150436.63,15948505.28
Italy,Europe,2021-04-05,60461828,1129.36,1324864.67,11.47,16045.2,151133.77,16099639.05
Italy,Europe,2021-04-06,60461828,1334.68,1326199.35,19.73,16064.94,151820.25,16251459.3
Italy,Europe,2021-04-07,60461828,2052.53,1328251.88,26.51,16091.45,152495.81,16403955.11
Italy,Europe,2021-04-08,60461828,1237.28,1329489.16,16.29,16107.75,153160.23,16557115.35
Italy,Europe,2021-04-09,60461828,1280.76,1330769.91,15.0,16122.75,153813.28,16710928.62
Italy,Europe,2021-04-10,60461828,1032.19,1331802.11,18.68,16141.43,154454.71,16865383.34
Italy,Europe,2021-04-11,60461828,1745.42,1333547.52,19.35,16160.78,155084.31,17020467.65
Italy,Europe,2021-04-12,60461828,185.25,1333732.77,0.0,16160.78,155701.84,17176169.49
Italy,Europe,2021-04-13,60461828,1156.54,1334889.32,18.43,16179.21,156307.09,17332476.58
Italy,Europe,2021-04-14,60461828,1280.58,1336169.89,8.89,16188.11,156899.83,17489376.41
Italy,Europe,2021-04-15,60461828,1051.37,1337221.27,2.02,16190.13,157479.85,17646856.27
Italy,Europe,2021-04-16,60461828,1572.11,1338793.37,10.69,16200.82,158046.94,17804903.2
Italy,Europe,2021-04-17,60461828,1678.7,1340472.08,22.41,16223.23,158600.88,17963504.08
Italy,Europe,2021-04-18,60461828,752.92,1341225.0,8.26,16231.49,159141.47,18122645.55
Italy,Europe,2021-04-19,60461828,1970.03,1343195.03,6.58,16238.07,159668.51,18282314.06
Italy,Europe,2021-04-20,60461828,730.36,1343925.39,5.7,16243.76,160181.79,18442495.85
Italy,Europe,2021-04-21,60461828,1671.75,1345597.14,29.41,16273.18,160681.14,18603176.99
Italy,Europe,2021-04-22,60461828,1266.44,1346863.58,11.59,16284.77,161166.35,18764343.34
Italy,Europe,2021-04-23,60461828,1032.02,1347895.6,11.06,16295.83,161637.24,18925980.58
Italy,Europe,2021-04-24,60461828,1060.39,1348955.99,21.07,16316.9,162093.64,19088074.22
Italy,Europe,2021-04-25,60461828,1188.35,1350144.34,20.62,16337.52,162535.36,19250609.58
Italy,Europe,2021-04-26,60461828,1270.49,1351414.83,23.42,16360.94,162962.24,19413571.82
Italy,Europe,2021-04-27,60461828,874.01,1352288.84,0.0,16360.94,163374.11,19576945.93
Italy,Europe,2021-04-28,60461828,1113.77,1353402.6,27.23,16388.17,163770.81,19740716.74
Italy,Europe,2021-04-29,60461828,926.55,1354329.16,16.21,16404.38,164152.19,19904868.93
Italy,Europe,2021-04-30,60461828,772.73,1355101.89,28.96,16433.35,164518.09,20069387.02
Italy,Europe,2021-05-01,60461828,914.72,1356016.61,4.72,16438.06,164868.37,20234255.39
Italy,Europe,2021-05-02,60461828,802.13,1356818.73,0.0,16438.06,165202.9,20399458.29
Italy,Europe,2021-05-03,60461828,1062.48,1357881.21,12.81,16450.87,165521.54,20564979.83
Italy,Europe,2021-05-04,60461828,1366.88,1359248.09,14.2,16465.07,165824.17,20730804.0
Italy,Europe,2021-05-05,60461828,1264.82,1360512.91,20.41,16485.48,166110.66,20896914.66
Italy,Europe,2021-05-06,60461828,1921.71,1362434.63,31.66,16517.14,166380.9,21063295.57
Italy,Europe,2021-05-07,60461828,466.23,1362900.86,4.9,16522.04,166634.79,21229930.35
Italy,Europe,2021-05-08,60461828,1414.42,1364315.28,15.05,16537.08,166872.21,21396802.56
Italy,Europe,2021-05-09,60461828,1263.74,1365579.02,19.35,16556.43,167093.08,21563895.64
Italy,Europe,2021-05-10,60461828,1559.37,1367138.39,16.66,16573.09,167297.31,21731192.95
Italy,Europe,2021-05-11,60461828,1538.12,1368676.51,15.74,16588.83,167484.8,21898677.75
Italy,Europe,2021-05-12,60461828,1244.14,1369920.66,23.23,16612.06,167655.5,22066333.25
Italy,Europe,2021-05-13,60461828,1377.91,1371298.57,26.61,16638.67,167809.33,22234142.58
Italy,Europe,2021-05-14,60461828,1073.72,1372372.29,21.56,16660.23,167946.22,22402088.8
Italy,Europe,2021-05-15,60461828,1566.64,1373938.93,17.45,16677.68,168066.12,22570154.92
Italy,Europe,2021-05-16,60461828,713.01,1374651.94,0.0,16677.68,168168.99,22738323.9
Italy,Europe,2021-05-17,60461828,1662.32,1376314.27,18.76,16696.44,168254.77,22906578.67
Italy,Europe,2021-05-18,60461828,1403.19,1377717.46,10.77,16707.22,168323.44,23074902.11
Italy,Europe,2021-05-19,60461828,1262.73,1378980.19,14.11,16721.33,168374.97,23243277.08
Italy,Europe,2021-05-20,60461828,1374.75,1380354.94,11.13,16732.46,168409.33,23411686.41
Italy,Europe,2021-05-21,60461828,1424.4,1381779.34,16.93,16749.39,168426.51,23580112.92
Italy,Europe,2021-05-22,60461828,1959.17,1383738.5,15.2,16764.58,168426.51,23748539.43
Italy,Europe,2021-05-23,60461828,2662.85,1386401.36,21.71,16786.29,168409.33,23916948.76
Italy,Europe,2021-05-24,60461828,1985.12,1388386.48,33.6,16819.89,168374.97,24085323.73
Italy,Europe,2021-05-25,60461828,1388.34,1389774.82,8.9,16828.8,168323.44,24253647.17
Italy,Europe,2021-05-26,60461828,1835.67,1391610.48,22.03,16850.83,168254.77,24421901.94
Italy,Europe,2021-05-27,60461828,1880.94,1393491.42,30.21,16881.03,168168.99,24590070.92
Italy,Europe,2021-05-28,60461828,1352.49,1394843.91,23.54,16904.58,168066.12,24758137.04
Italy,Europe,2021-05-29,60461828,1267.0,1396110.91,21.56,16926.14,167946.22,24926083.26
Italy,Europe,2021-05-30,60461828,1719.09,1397830.01,23.05,16949.19,167809.33,25093892.59
Italy,Europe,2021-05-31,60461828,2057.86,1399887.87,30.49,16979.68,167655.5,25261548.09
Italy,Europe,2021-06-01,60461828,1245.89,1401133.75,25.94,17005.62,167484.8,25429032.89
Italy,Europe,2021-06-02,60461828,1593.51,1402727.26,22.52,17028.14,167297.31,25596330.2
Italy,Europe,2021-06-03,60461828,2082.98,1404810.24,10.3,17038.44,167093.08,25763423.28
Italy,Europe,2021-06-04,60461828,1934.79,1406745.03,18.99,17057.42,166872.21,25930295.49
Italy,Europe,2021-06-05,60461828,2454.43,1409199.46,35.02,17092.45,166634.79,26096930.27
Italy,Europe,2021-06-06,60461828,1504.19,1410703.64,13.03,17105.48,166380.9,26263311.18
Italy,Europe,2021-06-07,60461828,2861.73,1413565.38,47.3,17152.78,166110.66,26429421.84
Italy,Europe,2021-06-08,60461828,1541.35,1415106.73,17.99,17170.77,165824.17,26595246.01
Italy,Europe,2021-06-09,60461828,1411.47,1416518.2,17.62,17188.39,165521.54,26760767.55
Italy,Europe,2021-06-10,60461828,2143.91,1418662.11,34.72,17223.12,165202.9,26925970.45
Italy,Europe,2021-06-11,60461828,1811.15,1420473.26,20.27,17243.39,164868.37,27090838.82
Italy,Europe,2021-06-12,60461828,2239.13,1422712.39,28.28,17271.67,164518.09,27255356.91
Italy,Europe,2021-06-13,60461828,2272.16,1424984.55,34.46,17306.13,164152.19,27419509.1
Italy,Europe,2021-06-14,60461828,2275.49,1427260.03,15.53,17321.66,163770.81,27583279.91
Italy,Europe,2021-06-15,60461828,2095.96,1429355.99,22.87,17344.53,163374.11,27746654.02
Italy,Europe,2021-06-16,60461828,2589.76,1431945.75,37.71,17382.24,162962.24,27909616.26
Italy,Europe,2021-06-17,60461828,2375.51,1434321.27,29.03,17411.27,162535.36,28072151.62
Italy,Europe,2021-06-18,60461828,2921.81,1437243.08,46.8,17458.07,162093.64,28234245.26
Italy,Europe,2021-06-19,60461828,2522.02,1439765.1,17.66,17475.72,161637.24,28395882.5
Italy,Europe,2021-06-20,60461828,2297.81,1442062.91,14.05,17489.78,161166.35,28557048.85
Italy,Europe,2021-06-21,60461828,2095.66,1444158.57,31.31,17521.08,160681.14,28717729.99
Italy,Europe,2021-06-22,60461828,2677.66,1446836.23,39.06,17560.14,160181.79,28877911.78
Italy,Europe,2021-06-23,60461828,2345.8,1449182.03,26.6,17586.75,159668.51,29037580.29
Italy,Europe,2021-06-24,60461828,2370.24,1451552.27,31.65,17618.39,159141.47,29196721.76
Italy,Europe,2021-06-25,60461828,3080.59,1454632.86,42.93,17661.32,158600.88,29355322.64
Italy,Europe,2021-06-26,60461828,2327.56,1456960.42,21.42,17682.74,158046.94,29513369.57
Italy,Europe,2021-06-27,60461828,3498.29,1460458.72,36.32,17719.06,157479.85,29670849.43
Italy,Europe,2021-06-28,60461828,3114.67,1463573.39,38.89,17757.96,156899.83,29827749.26
Italy,Europe,2021-06-29,60461828,3098.62,1466672.01,44.42,17802.37,156307.09,29984056.35
Italy,Europe,2021-06-30,60461828,2807.42,1469479.43,24.36,17826.74,155701.84,30139758.19
Italy,Europe,2021-07-01,60461828,3493.14,1472972.57,40.33,17867.07,155084.31,30294842.5
Italy,Europe,2021-07-02,60461828,3280.98,1476253.56,37.42,17904.49,154454.71,30449297.22
Italy,Europe,2021-07-03,60461828,3098.59,1479352.15,40.53,17945.01,153813.28,30603110.49
Italy,Europe,2021-07-04,60461828,3465.71,1482817.86,41.52,17986.53,153160.23,30756270.73
Italy,Europe,2021-07-05,60461828,2864.13,1485681.99,30.0,18016.54,152495.81,30908766.54
Italy,Europe,2021-07-06,60461828,2938.33,1488620.32,45.25,18061.78,151820.25,31060586.79
Italy,Europe,2021-07-07,60461828,3176.44,1491796.75,33.8,18095.59,151133.77,31211720.56
Italy,Europe,2021-07-08,60461828,3748.85,1495545.6,42.65,18138.24,150436.63,31362157.19
Italy,Europe,2021-07-09,60461828,3683.55,1499229.15,31.47,18169.71,149729.05,31511886.24
Italy,Europe,2021-07-10,60461828,4110.14,1503339.29,43.61,18213.32,149011.28,31660897.52
Italy,Europe,2021-07-11,60461828,3479.42,1506818.71,45.88,18259.2,148283.57,31809181.1
Italy,Europe,2021-07-12,60461828,4061.04,1510879.75,51.3,18310.5,147546.16,31956727.25
Italy,Europe,2021-07-13,60461828,3878.58,1514758.32,51.34,18361.84,146799.29,32103526.54
Italy,Europe,2021-07-14,60461828,3646.9,1518405.22,48.17,18410.01,146043.21,32249569.76
Italy,Europe,2021-07-15,60461828,4170.33,1522575.55,66.75,18476.75,145278.17,32394847.93
Italy,Europe,2021-07-16,60461828,4070.82,1526646.37,42.87,18519.62,144504.42,32539352.35
Italy,Europe,2021-07-17,60461828,3932.09,1530578.46,34.23,18553.85,143722.21,32683074.57
Italy,Europe,2021-07-18,60461828,4225.21,1534803.68,42.3,18596.15,142931.79,32826006.36
Italy,Europe,2021-07-19,60461828,4223.25,1539026.93,45.05,18641.2,142133.41,32968139.77
Italy,Europe,2021-07-20,60461828,4272.68,1543299.61,43.48,18684.68,141327.31,33109467.08
Italy,Europe,2021-07-21,60461828,4239.71,1547539.31,51.63,18736.3,140513.76,33249980.84
Italy,Europe,2021-07-22,60461828,3984.77,1551524.09,57.84,18794.14,139693.0,33389673.83
Italy,Europe,2021-07-23,60461828,4524.76,1556048.85,66.61,18860.76,138865.27,33528539.1
Italy,Europe,2021-07-24,60461828,4274.4,1560323.25,55.33,18916.08,138030.84,33666569.95
Italy,Europe,2021-07-25,60461828,4254.63,1564577.88,68.19,18984.27,137189.95,33803759.9
Italy,Europe,2021-07-26,60461828,4583.49,1569161.37,52.15,19036.42,136342.86,33940102.76
Italy,Europe,2021-07-27,60461828,4980.19,1574141.56,46.7,19083.12,135489.8,34075592.55
Italy,Europe,2021-07-28,60461828,4843.33,1578984.88,66.55,19149.67,134631.02,34210223.58
Italy,Europe,2021-07-29,60461828,4647.03,1583631.92,41.06,19190.72,133766.78,34343990.36
Italy,Europe,2021-07-30,60461828,4686.99,1588318.91,50.2,19240.93,132897.31,34476887.67
Italy,Europe,2021-07-31,60461828,5162.95,1593481.86,66.12,19307.04,132022.87,34608910.54
Italy,Europe,2021-08-01,60461828,4154.4,1597636.26,49.03,19356.08,131143.69,34740054.23
Italy,Europe,2021-08-02,60461828,5324.53,1602960.79,62.37,19418.44,130260.02,34870314.25
Italy,Europe,2021-08-03,60461828,4441.06,1607401.85,43.85,19462.29,129372.09,34999686.34
Italy,Europe,2021-08-04,60461828,4652.38,1612054.23,55.74,19518.03,128480.14,35128166.48
Italy,Europe,2021-08-05,60461828,5017.83,1617072.05,68.24,19586.28,127584.41,35255750.89
Italy,Europe,2021-08-06,60461828,6006.64,1623078.69,72.24,19658.51,126685.13,35382436.02
Italy,Europe,2021-08-07,60461828,5882.64,1628961.33,63.95,19722.46,125782.54,35508218.56
Italy,Europe,2021-08-08,60461828,5590.43,1634551.76,57.1,19779.57,124876.86,35633095.42
Italy,Europe,2021-08-09,60461828,5514.67,1640066.44,59.7,19839.27,123968.32,35757063.74
Italy,Europe,2021-08-10,60461828,4783.9,1644850.34,60.55,19899.81,123057.15,35880120.9
Italy,Europe,2021-08-11,60461828,5535.44,1650385.78,69.17,19968.99,122143.58,36002264.47
Italy,Europe,2021-08-12,60461828,5332.24,1655718.02,57.58,20026.57,121227.81,36123492.28
Italy,Europe,2021-08-13,60461828,5281.53,1660999.55,45.69,20072.26,120310.07,36243802.35
Italy,Europe,2021-08-14,60461828,5663.4,1666662.95,71.32,20143.58,119390.58,36363192.93
Italy,Europe,2021-08-15,60461828,5485.12,1672148.07,58.64,20202.22,118469.54,36481662.48
Italy,Europe,2021-08-16,60461828,5993.96,1678142.04,77.44,20279.66,117547.18,36599209.66
Italy,Europe,2021-08-17,60461828,5050.7,1683192.74,54.56,20334.22,116623.69,36715833.34
Italy,Europe,2021-08-18,60461828,5791.97,1688984.7,61.6,20395.82,115699.28,36831532.62
Italy,Europe,2021-08-19,60461828,5494.28,1694478.98,67.16,20462.98,114774.15,36946306.77
Italy,Europe,2021-08-20,60461828,5693.64,1700172.62,87.19,20550.17,113848.5,37060155.27
Italy,Europe,2021-08-21,60461828,5977.45,1706150.08,77.72,20627.89,112922.53,37173077.8
Italy,Europe,2021-08-22,60461828,5512.35,1711662.42,67.24,20695.13,111996.43,37285074.23
Italy,Europe,2021-08-23,60461828,5992.18,1717654.6,74.78,20769.9,111070.38,37396144.62
Italy,Europe,2021-08-24,60461828,5890.38,1723544.98,56.68,20826.58,110144.59,37506289.2
Italy,Europe,2021-08-25,60461828,5762.16,1729307.14,60.17,20886.75,109219.22,37615508.42
Italy,Europe,2021-08-26,60461828,5856.0,1735163.15,50.18,20936.93,108294.45,37723802.87
Italy,Europe,2021-08-27,60461828,5992.59,1741155.73,85.75,21022.68,107370.48,37831173.35
Italy,Europe,2021-08-28,60461828,5802.53,1746958.26,81.85,21104.53,106447.46,37937620.81
Italy,Europe,2021-08-29,60461828,6096.95,1753055.21,76.31,21180.84,105525.57,38043146.38
Italy,Europe,2021-08-30,60461828,6018.88,1759074.09,73.31,21254.14,104604.98,38147751.36
Italy,Europe,2021-08-31,60461828,5922.64,1764996.74,58.66,21312.8,103685.85,38251437.21
Italy,Europe,2021-09-01,60461828,6711.93,1771708.67,78.79,21391.59,102768.33,38354205.54
Italy,Europe,2021-09-02,60461828,6318.26,1778026.93,90.16,21481.75,101852.6,38456058.14
Italy,Europe,2021-09-03,60461828,6054.94,1784081.87,73.71,21555.46,100938.8,38556996.94
Italy,Europe,2021-09-04,60461828,6254.42,1790336.29,70.54,21626.0,100027.07,38657024.01
Italy,Europe,2021-09-05,60461828,5856.96,1796193.26,56.22,21682.21,99117.58,38756141.59
Italy,Europe,2021-09-06,60461828,6074.95,1802268.21,83.94,21766.16,98210.46,38854352.05
Italy,Europe,2021-09-07,60461828,6125.75,1808393.96,72.95,21839.1,97305.85,38951657.9
Italy,Europe,2021-09-08,60461828,5809.83,1814203.79,55.66,21894.77,96403.89,39048061.79
Italy,Europe,2021-09-09,60461828,6388.69,1820592.48,69.27,21964.04,95504.71,39143566.5
Italy,Europe,2021-09-10,60461828,6081.52,1826674.0,62.76,22026.8,94608.44,39238174.95
Italy,Europe,2021-09-11,60461828,6137.9,1832811.9,72.6,22099.4,93715.22,39331890.16
Italy,Europe,2021-09-12,60461828,6065.55,1838877.45,74.45,22173.84,92825.15,39424715.32
Italy,Europe,2021-09-13,60461828,7301.03,1846178.48,83.59,22257.43,91938.37,39516653.69
Italy,Europe,2021-09-14,60461828,6032.63,1852211.11,78.61,22336.04,91054.99,39607708.68
Italy,Europe,2021-09-15,60461828,5538.16,1857749.27,67.09,22403.13,90175.12,39697883.81
Italy,Europe,2021-09-16,60461828,5698.33,1863447.6,76.88,22480.0,89298.88,39787182.69
Italy,Europe,2021-09-17,60461828,6518.64,1869966.24,75.37,22555.37,88426.37,39875609.05
Italy,Europe,2021-09-18,60461828,6713.67,1876679.91,104.93,22660.3,87557.69,39963166.74
Italy,Europe,2021-09-19,60461828,5998.79,1882678.7,67.47,22727.77,86692.94,40049859.68
Italy,Europe,2021-09-20,60461828,6675.03,1889353.73,72.87,22800.64,85832.23,40135691.91
Italy,Europe,2021-09-21,60461828,6475.42,1895829.15,69.49,22870.14,84975.64,40220667.56
Italy,Europe,2021-09-22,60461828,6136.49,1901965.64,71.95,22942.09,84123.28,40304790.83
Italy,Europe,2021-09-23,60461828,6097.11,1908062.75,59.41,23001.49,83275.21,40388066.04
Italy,Europe,2021-09-24,60461828,6235.53,1914298.28,77.18,23078.68,82431.54,40470497.58
Italy,Europe,2021-09-25,60461828,6461.82,1920760.1,62.3,23140.98,81592.34,40552089.92
Italy,Europe,2021-09-26,60461828,6274.79,1927034.89,76.59,23217.57,80757.69,40632847.62
Italy,Europe,2021-09-27,60461828,5878.42,1932913.31,59.73,23277.3,79927.67,40712775.29
Italy,Europe,2021-09-28,60461828,6032.47,1938945.78,69.34,23346.64,79102.35,40791877.64
Italy,Europe,2021-09-29,60461828,6763.6,1945709.38,86.0,23432.64,78281.8,40870159.44
Italy,Europe,2021-09-30,60461828,6133.39,1951842.77,92.03,23524.67,77466.09,40947625.53
Italy,Europe,2021-10-01,60461828,6323.66,1958166.43,67.26,23591.93,76655.28,41024280.81
Italy,Europe,2021-10-02,60461828,6180.91,1964347.34,72.97,23664.9,75849.43,41100130.24
Italy,Europe,2021-10-03,60461828,6058.84,1970406.18,66.92,23731.81,75048.61,41175178.85
Italy,Europe,2021-10-04,60461828,5971.1,1976377.28,64.69,23796.51,74252.86,41249431.71
Italy,Europe,2021-10-05,60461828,6215.72,1982593.0,68.87,23865.38,73462.25,41322893.96
Italy,Europe,2021-10-06,60461828,6120.46,1988713.45,80.04,23945.42,72676.82,41395570.78
Italy,Europe,2021-10-07,60461828,5927.33,1994640.79,67.22,24012.64,71896.63,41467467.41
Italy,Europe,2021-10-08,60461828,5556.96,2000197.74,84.68,24097.32,71121.71,41538589.12
Italy,Europe,2021-10-09,60461828,5898.31,2006096.06,74.11,24171.43,70352.11,41608941.22
Italy,Europe,2021-10-10,60461828,5702.32,2011798.38,60.35,24231.77,69587.87,41678529.1
Italy,Europe,2021-10-11,60461828,5579.14,2017377.51,64.02,24295.79,68829.03,41747358.13
Italy,Europe,2021-10-12,60461828,6584.71,2023962.23,72.6,24368.39,68075.63,41815433.76
Italy,Europe,2021-10-13,60461828,5067.49,2029029.71,67.21,24435.6,67327.7,41882761.47
Italy,Europe,2021-10-14,60461828,5899.57,2034929.28,57.68,24493.29,66585.27,41949346.74
Italy,Europe,2021-10-15,60461828,5219.05,2040148.33,51.9,24545.19,65848.37,42015195.11
Italy,Europe,2021-10-16,60461828,5522.77,2045671.1,61.54,24606.73,65117.03,42080312.15
Italy,Europe,2021-10-17,60461828,6330.74,2052001.84,81.43,24688.16,64391.27,42144703.42
Italy,Europe,2021-10-18,60461828,5048.83,2057050.67,70.45,24758.61,63671.12,42208374.54
Italy,Europe,2021-10-19,60461828,5085.3,2062135.96,72.07,24830.68,62956.59,42271331.13
Italy,Europe,2021-10-20,60461828,5284.62,2067420.59,67.65,24898.33,62247.7,42333578.83
Italy,Europe,2021-10-21,60461828,4945.46,2072366.05,58.68,24957.01,61544.48,42395123.31
Italy,Europe,2021-10-22,60461828,5501.81,2077867.87,72.38,25029.39,60846.93,42455970.25
Italy,Europe,2021-10-23,60461828,4954.91,2082822.78,50.3,25079.7,60155.07,42516125.32
Italy,Europe,2021-10-24,60461828,5319.74,2088142.51,49.08,25128.78,59468.91,42575594.23
Italy,Europe,2021-10-25,60461828,4573.72,2092716.23,58.38,25187.15,58788.46,42634382.69
Italy,Europe,2021-10-26,60461828,4353.94,2097070.17,44.2,25231.36,58113.73,42692496.42
Italy,Europe,2021-10-27,60461828,4852.91,2101923.08,57.71,25289.07,57444.71,42749941.13
Italy,Europe,2021-10-28,60461828,4330.17,2106253.26,52.92,25341.99,56781.42,42806722.56
Italy,Europe,2021-10-29,60461828,5356.04,2111609.29,66.26,25408.24,56123.86,42862846.42
Italy,Europe,2021-10-30,60461828,4234.13,2115843.42,58.31,25466.56,55472.03,42918318.45
Italy,Europe,2021-10-31,60461828,4350.76,2120194.18,58.87,25525.42,54825.93,42973144.38
Italy,Europe,2021-11-01,60461828,4802.6,2124996.79,59.19,25584.61,54185.55,43027329.93
Italy,Europe,2021-11-02,60461828,4396.03,2129392.81,49.22,25633.83,53550.89,43080880.82
Italy,Europe,2021-11-03,60461828,4012.8,2133405.61,49.02,25682.85,52921.95,43133802.77
Italy,Europe,2021-11-04,60461828,5200.8,2138606.41,57.64,25740.48,52298.72,43186101.5
Italy,Europe,2021-11-05,60461828,4078.46,2142684.87,47.37,25787.86,51681.19,43237782.69
Italy,Europe,2021-11-06,60461828,4302.21,2146987.08,72.57,25860.43,51069.36,43288852.05
Italy,Europe,2021-11-07,60461828,4239.26,2151226.35,52.33,25912.76,50463.2,43339315.25
Italy,Europe,2021-11-08,60461828,4502.39,2155728.74,57.63,25970.39,49862.72,43389177.97
Italy,Europe,2021-11-09,60461828,4356.68,2160085.42,46.64,26017.02,49267.89,43438445.87
Italy,Europe,2021-11-10,60461828,3846.34,2163931.76,54.32,26071.34,48678.71,43487124.58
Italy,Europe,2021-11-11,60461828,3962.37,2167894.13,53.63,26124.97,48095.15,43535219.73
Italy,Europe,2021-11-12,60461828,3937.54,2171831.66,53.39,26178.36,47517.21,43582736.94
Italy,Europe,2021-11-13,60461828,4219.53,2176051.2,52.35,26230.71,46944.86,43629681.79
Italy,Europe,2021-11-14,60461828,3488.85,2179540.04,50.14,26280.85,46378.08,43676059.87
Italy,Europe,2021-11-15,60461828,4544.41,2184084.45,64.71,26345.56,45816.86,43721876.73
Italy,Europe,2021-11-16,60461828,3512.65,2187597.1,44.42,26389.98,45261.17,43767137.9
Italy,Europe,2021-11-17,60461828,3715.6,2191312.7,43.67,26433.65,44711.0,43811848.9
Italy,Europe,2021-11-18,60461828,3253.01,2194565.71,46.19,26479.84,44166.32,43856015.22
Italy,Europe,2021-11-19,60461828,3145.06,2197710.77,30.51,26510.35,43627.1,43899642.32
Italy,Europe,2021-11-20,60461828,3233.87,2200944.64,33.06,26543.41,43093.33,43942735.66
Italy,Europe,2021-11-21,60461828,3140.87,2204085.52,37.26,26580.67,42564.98,43985300.64
Italy,Europe,2021-11-22,60461828,3276.35,2207361.86,25.39,26606.06,42042.03,44027342.67
Italy,Europe,2021-11-23,60461828,3019.66,2210381.52,42.86,26648.91,41524.44,44068867.1
Italy,Europe,2021-11-24,60461828,3546.9,2213928.42,34.86,26683.77,41012.19,44109879.29
Italy,Europe,2021-11-25,60461828,2970.8,2216899.22,31.88,26715.65,40505.25,44150384.55
Italy,Europe,2021-11-26,60461828,2873.65,2219772.87,32.78,26748.43,40003.6,44190388.15
Italy,Europe,2021-11-27,60461828,2990.87,2222763.74,36.2,26784.63,39507.2,44229895.35
Italy,Europe,2021-11-28,60461828,3418.12,2226181.87,38.27,26822.9,39016.03,44268911.38
Italy,Europe,2021-11-29,60461828,3088.38,2229270.24,36.52,26859.42,38530.06,44307441.44
Italy,Europe,2021-11-30,60461828,2921.17,2232191.42,34.58,26894.0,38049.25,44345490.69
Italy,Europe,2021-12-01,60461828,2397.75,2234589.17,25.2,26919.2,37573.57,44383064.27
Italy,Europe,2021-12-02,60461828,2443.01,2237032.18,23.13,26942.33,37103.0,44420167.26
Italy,Europe,2021-12-03,60461828,2339.57,2239371.74,36.73,26979.06,36637.49,44456804.76
Italy,Europe,2021-12-04,60461828,3188.88,2242560.63,21.43,27000.49,36177.03,44492981.79
Italy,Europe,2021-12-05,60461828,2862.1,2245422.73,32.7,27033.19,35721.57,44528703.35
Italy,Europe,2021-12-06,60461828,2320.22,2247742.95,24.09,27057.28,35271.07,44563974.42
Italy,Europe,2021-12-07,60461828,2370.13,2250113.08,31.79,27089.07,34825.52,44598799.94
Italy,Europe,2021-12-08,60461828,2225.17,2252338.25,15.07,27104.14,34384.87,44633184.81
Italy,Europe,2021-12-09,60461828,2150.84,2254489.09,21.81,27125.95,33949.08,44667133.89
Italy,Europe,2021-12-10,60461828,2569.4,2257058.49,30.01,27155.96,33518.13,44700652.03
Italy,Europe,2021-12-11,60461828,2255.6,2259314.1,35.63,27191.59,33091.98,44733744.01
Italy,Europe,2021-12-12,60461828,3033.15,2262347.25,39.06,27230.65,32670.59,44766414.6
Italy,Europe,2021-12-13,60461828,2691.44,2265038.68,22.83,27253.48,32253.93,44798668.54
Italy,Europe,2021-12-14,60461828,2661.78,2267700.47,28.04,27281.52,31841.96,44830510.5
Italy,Europe,2021-12-15,60461828,2388.68,2270089.15,35.75,27317.27,31434.65,44861945.15
Italy,Europe,2021-12-16,60461828,1956.63,2272045.78,13.87,27331.14,31031.96,44892977.11
Italy,Europe,2021-12-17,60461828,2265.25,2274311.02,26.55,27357.7,30633.84,44923610.95
Italy,Europe,2021-12-18,60461828,1886.01,2276197.03,22.56,27380.26,30240.28,44953851.23
Italy,Europe,2021-12-19,60461828,2531.42,2278728.45,27.29,27407.55,29851.22,44983702.45
Italy,Europe,2021-12-20,60461828,2055.68,2280784.13,46.23,27453.78,29466.64,45013169.09
Italy,Europe,2021-12-21,60461828,1960.01,2282744.15,20.22,27474.0,29086.49,45042255.58
Italy,Europe,2021-12-22,60461828,1867.32,2284611.47,26.01,27500.0,28710.74,45070966.32
Italy,Europe,2021-12-23,60461828,2387.27,2286998.74,22.52,27522.52,28339.35,45099305.67
Italy,Europe,2021-12-24,60461828,1232.35,2288231.09,19.01,27541.53,27972.29,45127277.96
Italy,Europe,2021-12-25,60461828,2334.22,2290565.31,34.98,27576.51,27609.51,45154887.47
Italy,Europe,2021-12-26,60461828,1583.01,2292148.32,14.29,27590.8,27250.98,45182138.45
Italy,Europe,2021-12-27,60461828,1114.03,2293262.34,12.93,27603.73,26896.66,45209035.11
Italy,Europe,2021-12-28,60461828,1301.61,2294563.95,8.46,27612.19,26546.52,45235581.63
Italy,Europe,2021-12-29,60461828,946.48,2295510.43,2.2,27614.39,26200.51,45261782.14
Italy,Europe,2021-12-30,60461828,1713.12,2297223.55,28.85,27643.24,25858.6,45287640.75
Italy,Europe,2021-12-31,60461828,1081.7,2298305.25,8.55,27651.79,25520.76,45313161.51
Italy,Europe,2022-01-01,60461828,1465.59,2299770.83,0.0,27651.79,25186.94,45338348.45
Italy,Europe,2022-01-02,60461828,1765.67,2301536.5,35.31,27687.1,24857.11,45363205.55
Italy,Europe,2022-01-03,60461828,1096.32,2302632.83,6.74,27693.84,24531.22,45387736.77
Italy,Europe,2022-01-04,60461828,1201.21,2303834.04,12.44,27706.29,24209.25,45411946.03
Italy,Europe,2022-01-05,60461828,803.08,2304637.12,22.76,27729.05,23891.16,45435837.18
Italy,Europe,2022-01-06,60461828,1088.23,2305725.35,11.92,27740.97,23576.9,45459414.08
Italy,Europe,2022-01-07,60461828,2090.65,2307816.0,23.78,27764.76,23266.44,45482680.52
Italy,Europe,2022-01-08,60461828,1428.28,2309244.28,7.31,27772.07,22959.75,45505640.27
Italy,Europe,2022-01-09,60461828,1030.29,2310274.57,0.0,27772.07,22656.79,45528297.06
Italy,Europe,2022-01-10,60461828,876.48,2311151.05,9.19,27781.26,22357.51,45550654.57
Italy,Europe,2022-01-11,60461828,1043.94,2312194.98,15.43,27796.69,22061.89,45572716.47
Italy,Europe,2022-01-12,60461828,1073.34,2313268.32,15.32,27812.01,21769.89,45594486.36
Italy,Europe,2022-01-13,60461828,850.77,2314119.09,6.36,27818.37,21481.47,45615967.83
Italy,Europe,2022-01-14,60461828,1153.24,2315272.33,14.0,27832.37,21196.6,45637164.43
Italy,Europe,2022-01-15,60461828,604.95,2315877.28,0.0,27832.37,20915.23,45658079.67
Italy,Europe,2022-01-16,60461828,574.81,2316452.09,10.58,27842.95,20637.34,45678717.01
Italy,Europe,2022-01-17,60461828,1012.04,2317464.13,13.44,27856.38,20362.89,45699079.9
Italy,Europe,2022-01-18,60461828,446.31,2317910.44,21.14,27877.53,20091.84,45719171.73
Italy,Europe,2022-01-19,60461828,1083.98,2318994.42,13.07,27890.6,19824.15,45738995.88
Italy,Europe,2022-01-20,60461828,797.94,2319792.36,2.03,27892.63,19559.8,45758555.68
Italy,Europe,2022-01-21,60461828,137.9,2319930.26,1.25,27893.88,19298.74,45777854.42
Italy,Europe,2022-01-22,60461828,791.34,2320721.6,6.87,27900.75,19040.94,45796895.36
Italy,Europe,2022-01-23,60461828,139.15,2320860.75,5.15,27905.9,18786.37,45815681.74
Italy,Europe,2022-01-24,60461828,948.17,2321808.92,11.59,27917.49,18535.0,45834216.73
Italy,Europe,2022-01-25,60461828,595.57,2322404.49,0.0,27917.49,18286.78,45852503.51
Italy,Europe,2022-01-26,60461828,1308.2,2323712.69,2.61,27920.11,18041.69,45870545.2
Italy,Europe,2022-01-27,60461828,1013.55,2324726.24,14.27,27934.37,17799.68,45888344.88
Italy,Europe,2022-01-28,60461828,246.19,2324972.43,14.02,27948.39,17560.74,45905905.62
Italy,Europe,2022-01-29,60461828,0.0,2324972.43,0.63,27949.03,17324.81,45923230.43
Italy,Europe,2022-01-30,60461828,312.47,2325284.9,10.26,27959.28,17091.88,45940322.31
Italy,Europe,2022-01-31,60461828,129.79,2325414.68,9.66,27968.94,16861.9,45957184.21
Japan,Asia,2020-02-01,126476458,3.69,3.69,7.5,7.5,0.0,0.0
Japan,Asia,2020-02-02,126476458,43.36,47.05,0.0,7.5,0.0,0.0
Japan,Asia,2020-02-03,126476458,0.0,47.05,7.91,15.4,0.0,0.0
Japan,Asia,2020-02-04,126476458,42.85,89.9,5.54,20.94,0.0,0.0
Japan,Asia,2020-02-05,126476458,0.0,89.9,0.0,20.94,0.0,0.0
Japan,Asia,2020-02-06,126476458,32.94,122.84,10.57,31.51,0.0,0.0
Japan,Asia,2020-02-07,126476458,27.13,149.97,0.0,31.51,0.0,0.0
Japan,Asia,2020-02-08,126476458,0.0,149.97,0.0,31.51,0.0,0.0
Japan,Asia,2020-02-09,126476458,0.0,149.97,0.0,31.51,0.0,0.0
Japan,Asia,2020-02-10,126476458,52.32,202.29,0.0,31.51,0.0,0.0
Japan,Asia,2020-02-11,126476458,20.98,223.28,2.68,34.19,0.0,0.0
Japan,Asia,2020-02-12,126476458,310.04,533.31,14.2,48.39,0.0,0.0
Japan,Asia,2020-02-13,126476458,234.8,768.12,12.8,61.19,0.0,0.0
Japan,Asia,2020-02-14,126476458,113.52,881.64,7.15,68.34,0.0,0.0
Japan,Asia,2020-02-15,126476458,0.0,881.64,0.0,68.34,0.0,0.0
Japan,Asia,2020-02-16,126476458,0.0,881.64,0.0,68.34,0.0,0.0
Japan,Asia,2020-02-17,126476458,553.38,1435.02,7.97,76.31,0.0,0.0
Japan,Asia,2020-02-18,126476458,0.0,1435.02,0.0,76.31,0.0,0.0
Japan,Asia,2020-02-19,126476458,132.36,1567.37,0.0,76.31,0.0,0.0
Japan,Asia,2020-02-20,126476458,214.97,1782.34,17.82,94.14,0.0,0.0
Japan,Asia,2020-02-21,126476458,34.58,1816.92,1.26,95.4,0.0,0.0
Japan,Asia,2020-02-22,126476458,0.0,1816.92,4.34,99.74,0.0,0.0
Japan,Asia,2020-02-23,126476458,0.0,1816.92,7.9,107.64,0.0,0.0
Japan,Asia,2020-02-24,126476458,0.0,1816.92,0.44,108.08,0.0,0.0
Japan,Asia,2020-02-25,126476458,0.0,1816.92,20.73,128.81,0.0,0.0
Japan,Asia,2020-02-26,126476458,663.35,2480.27,0.44,129.25,0.0,0.0
Japan,Asia,2020-02-27,126476458,206.67,2686.94,0.0,129.25,0.0,0.0
Japan,Asia,2020-02-28,126476458,38.29,2725.23,0.0,129.25,0.0,0.0
Japan,Asia,2020-02-29,126476458,271.37,2996.59,15.76,145.0,0.0,0.0
Japan,Asia,2020-03-01,126476458,480.62,3477.21,12.18,157.19,0.0,0.0
Japan,Asia,2020-03-02,126476458,139.72,3616.93,0.0,157.19,0.0,0.0
Japan,Asia,2020-03-03,126476458,590.16,4207.09,0.17,157.36,0.0,0.0
Japan,Asia,2020-03-04,126476458,0.0,4207.09,11.08,168.44,0.0,0.0
Japan,Asia,2020-03-05,126476458,714.66,4921.75,11.47,179.91,0.0,0.0
Japan,Asia,2020-03-06,126476458,317.72,5239.46,15.1,195.0,0.0,0.0
Japan,Asia,2020-03-07,126476458,320.91,5560.37,3.37,198.37,0.0,0.0
Japan,Asia,2020-03-08,126476458,112.76,5673.14,5.45,203.82,0.0,0.0
Japan,Asia,2020-03-09,126476458,0.0,5673.14,2.4,206.22,0.0,0.0
Japan,Asia,2020-03-10,126476458,0.0,5673.14,0.0,206.22,0.0,0.0
Japan,Asia,2020-03-11,126476458,145.86,5818.99,0.6,206.82,0.0,0.0
Japan,Asia,2020-03-12,126476458,639.33,6458.32,0.0,206.82,0.0,0.0
Japan,Asia,2020-03-13,126476458,118.87,6577.19,5.38,212.2,0.0,0.0
Japan,Asia,2020-03-14,126476458,0.0,6577.19,6.09,218.29,0.0,0.0
Japan,Asia,2020-03-15,126476458,183.19,6760.39,10.12,228.41,0.0,0.0
Japan,Asia,2020-03-16,126476458,391.09,7151.48,10.03,238.43,0.0,0.0
Japan,Asia,2020-03-17,126476458,430.24,7581.72,4.14,242.57,0.0,0.0
Japan,Asia,2020-03-18,126476458,532.43,8114.15,18.8,261.37,0.0,0.0
Japan,Asia,2020-03-19,126476458,966.34,9080.5,18.73,280.11,0.0,0.0
Japan,Asia,2020-03-20,126476458,1070.6,10151.09,23.96,304.06,0.0,0.0
Japan,Asia,2020-03-21,126476458,1364.77,11515.86,27.99,332.05,0.0,0.0
Japan,Asia,2020-03-22,126476458,124.72,11640.58,0.49,332.54,0.0,0.0
Japan,Asia,2020-03-23,126476458,425.58,12066.16,8.21,340.75,0.0,0.0
Japan,Asia,2020-03-24,126476458,1002.45,13068.61,18.23,358.98,0.0,0.0
Japan,Asia,2020-03-25,126476458,633.07,13701.69,0.0,358.98,0.0,0.0
Japan,Asia,2020-03-26,126476458,1128.45,14830.14,4.53,363.5,0.0,0.0
Japan,Asia,2020-03-27,126476458,936.07,15766.21,0.84,364.34,0.0,0.0
Japan,Asia,2020-03-28,126476458,1453.94,17220.15,16.58,380.92,0.0,0.0
Japan,Asia,2020-03-29,126476458,1305.07,18525.22,12.99,393.92,0.0,0.0
Japan,Asia,2020-03-30,126476458,1351.65,19876.86,4.73,398.65,0.0,0.0
Japan,Asia,2020-03-31,126476458,877.61,20754.47,11.73,410.38,0.0,0.0
Japan,Asia,2020-04-01,126476458,1030.45,21784.92,11.6,421.98,0.0,0.0
Japan,Asia,2020-04-02,126476458,1001.86,22786.78,21.48,443.46,0.0,0.0
Japan,Asia,2020-04-03,126476458,627.13,23413.9,23.63,467.09,0.0,0.0
Japan,Asia,2020-04-04,126476458,1716.18,25130.08,24.25,491.34,0.0,0.0
Japan,Asia,2020-04-05,126476458,1510.21,26640.29,12.55,503.88,0.0,0.0
Japan,Asia,2020-04-06,126476458,1178.24,27818.53,19.31,523.2,0.0,0.0
Japan,Asia,2020-04-07,126476458,1806.71,29625.24,21.75,544.95,0.0,0.0
Japan,Asia,2020-04-08,126476458,1182.01,30807.24,12.26,557.22,0.0,0.0
Japan,Asia,2020-04-09,126476458,813.28,31620.52,2.87,560.08,0.0,0.0
Japan,Asia,2020-04-10,126476458,1864.65,33485.17,18.66,578.74,0.0,0.0
Japan,Asia,2020-04-11,126476458,1121.5,34606.67,12.04,590.78,0.0,0.0
Japan,Asia,2020-04-12,126476458,1558.87,36165.54,25.14,615.92,0.0,0.0
Japan,Asia,2020-04-13,126476458,1759.42,37924.97,25.2,641.12,0.0,0.0
Japan,Asia,2020-04-14,126476458,1883.57,39808.53,37.21,678.33,0.0,0.0
Japan,Asia,2020-04-15,126476458,2108.47,41917.0,30.7,709.02,0.0,0.0
Japan,Asia,2020-04-16,126476458,2079.19,43996.19,28.34,737.37,0.0,0.0
Japan,Asia,2020-04-17,126476458,2134.22,46130.41,23.16,760.53,0.0,0.0
Japan,Asia,2020-04-18,126476458,1732.35,47862.76,12.49,773.02,0.0,0.0
Japan,Asia,2020-04-19,126476458,2180.94,50043.7,21.61,794.63,0.0,0.0
Japan,Asia,2020-04-20,126476458,1621.34,51665.05,13.86,808.49,0.0,0.0
Japan,Asia,2020-04-21,126476458,2766.84,54431.89,12.71,821.2,0.0,0.0
Japan,Asia,2020-04-22,126476458,1802.47,56234.35,13.56,834.76,0.0,0.0
Japan,Asia,2020-04-23,126476458,2246.83,58481.19,39.78,874.54,0.0,0.0
Japan,Asia,2020-04-24,126476458,1982.65,60463.83,26.74,901.28,0.0,0.0
Japan,Asia,2020-04-25,126476458,2266.28,62730.11,24.18,925.47,0.0,0.0
Japan,Asia,2020-04-26,126476458,2605.53,65335.64,34.45,959.92,0.0,0.0
Japan,Asia,2020-04-27,126476458,2496.13,67831.77,14.33,974.25,0.0,0.0
Japan,Asia,2020-04-28,126476458,3163.42,70995.19,40.22,1014.46,0.0,0.0
Japan,Asia,2020-04-29,126476458,2925.41,73920.6,45.32,1059.79,0.0,0.0
Japan,Asia,2020-04-30,126476458,2768.34,76688.95,32.25,1092.04,0.0,0.0
Japan,Asia,2020-05-01,126476458,2969.25,79658.2,21.46,1113.5,0.0,0.0
Japan,Asia,2020-05-02,126476458,3529.78,83187.98,39.05,1152.54,0.0,0.0
Japan,Asia,2020-05-03,126476458,3509.08,86697.06,52.34,1204.88,0.0,0.0
Japan,Asia,2020-05-04,126476458,2881.66,89578.72,36.65,1241.53,0.0,0.0
Japan,Asia,2020-05-05,126476458,3132.38,92711.09,26.24,1267.78,0.0,0.0
Japan,Asia,2020-05-06,126476458,3628.24,96339.34,62.48,1330.26,0.0,0.0
Japan,Asia,2020-05-07,126476458,3678.24,100017.58,34.11,1364.36,0.0,0.0
Japan,Asia,2020-05-08,126476458,3280.42,103297.99,37.42,1401.79,0.0,0.0
Japan,Asia,2020-05-09,126476458,4004.67,107302.66,39.76,1441.54,0.0,0.0
Japan,Asia,2020-05-10,126476458,3525.97,110828.63,34.02,1475.57,0.0,0.0
Japan,Asia,2020-05-11,126476458,4390.26,115218.89,49.07,1524.63,0.0,0.0
Japan,Asia,2020-05-12,126476458,4216.13,119435.02,55.68,1580.31,0.0,0.0
Japan,Asia,2020-05-13,126476458,3732.27,123167.29,55.11,1635.43,0.0,0.0
Japan,Asia,2020-05-14,126476458,4041.53,127208.82,45.41,1680.84,0.0,0.0
Japan,Asia,2020-05-15,126476458,4134.3,131343.11,41.53,1722.37,0.0,0.0
Japan,Asia,2020-05-16,126476458,4480.88,135823.99,57.6,1779.97,0.0,0.0
Japan,Asia,2020-05-17,126476458,4453.34,140277.34,57.5,1837.47,0.0,0.0
Japan,Asia,2020-05-18,126476458,4224.0,144501.34,52.61,1890.08,0.0,0.0
Japan,Asia,2020-05-19,126476458,4237.42,148738.77,53.06,1943.14,0.0,0.0
Japan,Asia,2020-05-20,126476458,5018.29,153757.06,59.32,2002.45,0.0,0.0
Japan,Asia,2020-05-21,126476458,5027.19,158784.25,61.11,2063.57,0.0,0.0
Japan,Asia,2020-05-22,126476458,5064.88,163849.13,59.33,2122.89,0.0,0.0
Japan,Asia,2020-05-23,126476458,5223.64,169072.76,71.25,2194.14,0.0,0.0
Japan,Asia,2020-05-24,126476458,5013.1,174085.87,77.98,2272.12,0.0,0.0
Japan,Asia,2020-05-25,126476458,5394.79,179480.66,66.17,2338.3,0.0,0.0
Japan,Asia,2020-05-26,126476458,6319.28,185799.94,75.78,2414.08,0.0,0.0
Japan,Asia,2020-05-27,126476458,5941.97,191741.91,73.35,2487.43,0.0,0.0
Japan,Asia,2020-05-28,126476458,5529.57,197271.48,61.09,2548.52,0.0,0.0
Japan,Asia,2020-05-29,126476458,5546.45,202817.93,72.68,2621.19,0.0,0.0
Japan,Asia,2020-05-30,126476458,4826.99,207644.92,61.45,2682.65,0.0,0.0
Japan,Asia,2020-05-31,126476458,6300.0,213944.92,72.24,2754.88,0.0,0.0
Japan,Asia,2020-06-01,126476458,6298.3,220243.22,82.8,2837.68,0.0,0.0
Japan,Asia,2020-06-02,126476458,5928.81,226172.03,71.3,2908.98,0.0,0.0
Japan,Asia,2020-06-03,126476458,5713.24,231885.27,60.8,2969.78,0.0,0.0
Japan,Asia,2020-06-04,126476458,5904.12,237789.39,73.66,3043.44,0.0,0.0
Japan,Asia,2020-06-05,126476458,6556.99,244346.38,80.58,3124.02,0.0,0.0
Japan,Asia,2020-06-06,126476458,6461.93,250808.31,85.23,3209.24,0.0,0.0
Japan,Asia,2020-06-07,126476458,6825.68,257633.99,88.56,3297.81,0.0,0.0
Japan,Asia,2020-06-08,126476458,6702.88,264336.87,79.56,3377.37,0.0,0.0
Japan,Asia,2020-06-09,126476458,7098.49,271435.36,81.41,3458.77,0.0,0.0
Japan,Asia,2020-06-10,126476458,6975.38,278410.75,83.72,3542.49,0.0,0.0
Japan,Asia,2020-06-11,126476458,7220.34,285631.09,89.55,3632.04,0.0,0.0
Japan,Asia,2020-06-12,126476458,6281.33,291912.42,79.25,3711.29,0.0,0.0
Japan,Asia,2020-06-13,126476458,6661.32,298573.74,82.35,3793.63,0.0,0.0
Japan,Asia,2020-06-14,126476458,7044.5,305618.23,83.81,3877.44,0.0,0.0
Japan,Asia,2020-06-15,126476458,7626.54,313244.77,99.49,3976.93,0.0,0.0
Japan,Asia,2020-06-16,126476458,7981.46,321226.23,90.38,4067.32,0.0,0.0
Japan,Asia,2020-06-17,126476458,7338.2,328564.43,107.89,4175.21,0.0,0.0
Japan,Asia,2020-06-18,126476458,7251.79,335816.22,93.13,4268.34,0.0,0.0
Japan,Asia,2020-06-19,126476458,6849.46,342665.68,73.17,4341.51,0.0,0.0
Japan,Asia,2020-06-20,126476458,7901.41,350567.09,96.3,4437.81,0.0,0.0
Japan,Asia,2020-06-21,126476458,7469.61,358036.7,95.82,4533.63,0.0,0.0
Japan,Asia,2020-06-22,126476458,8758.08,366794.78,102.3,4635.93,0.0,0.0
Japan,Asia,2020-06-23,126476458,7521.79,374316.57,78.3,4714.23,0.0,0.0
Japan,Asia,2020-06-24,126476458,8572.69,382889.26,94.56,4808.79,0.0,0.0
Japan,Asia,2020-06-25,126476458,8150.35,391039.62,102.14,4910.93,0.0,0.0
Japan,Asia,2020-06-26,126476458,7578.36,398617.97,76.9,4987.83,0.0,0.0
Japan,Asia,2020-06-27,126476458,8066.53,406684.51,85.2,5073.04,0.0,0.0
Japan,Asia,2020-06-28,126476458,8299.45,414983.96,103.89,5176.92,0.0,0.0
Japan,Asia,2020-06-29,126476458,7991.93,422975.89,94.12,5271.05,0.0,0.0
Japan,Asia,2020-06-30,126476458,8402.44,431378.33,95.26,5366.31,0.0,0.0
Japan,Asia,2020-07-01,126476458,8430.15,439808.48,97.2,5463.51,0.0,0.0
Japan,Asia,2020-07-02,126476458,8385.71,448194.19,88.86,5552.38,0.0,0.0
Japan,Asia,2020-07-03,126476458,8200.64,456394.84,102.28,5654.66,0.0,0.0
Japan,Asia,2020-07-04,126476458,7821.56,464216.4,87.41,5742.07,0.0,0.0
Japan,Asia,2020-07-05,126476458,8229.23,472445.62,94.46,5836.53,0.0,0.0
Japan,Asia,2020-07-06,126476458,8337.97,480783.6,102.83,5939.36,0.0,0.0
Japan,Asia,2020-07-07,126476458,7636.9,488420.49,89.59,6028.95,0.0,0.0
Japan,Asia,2020-07-08,126476458,8366.82,496787.31,94.76,6123.72,0.0,0.0
Japan,Asia,2020-07-09,126476458,8284.69,505072.0,83.5,6207.22,0.0,0.0
Japan,Asia,2020-07-10,126476458,7872.65,512944.65,97.41,6304.63,0.0,0.0
Japan,Asia,2020-07-11,126476458,8214.73,521159.38,99.21,6403.84,0.0,0.0
Japan,Asia,2020-07-12,126476458,8223.88,529383.27,94.55,6498.38,0.0,0.0
Japan,Asia,2020-07-13,126476458,9007.25,538390.52,99.79,6598.17,0.0,0.0
Japan,Asia,2020-07-14,126476458,8404.41,546794.93,100.96,6699.13,0.0,0.0
Japan,Asia,2020-07-15,126476458,8682.63,555477.56,108.04,6807.16,0.0,0.0
Japan,Asia,2020-07-16,126476458,8268.43,563745.99,100.0,6907.16,0.0,0.0
Japan,Asia,2020-07-17,126476458,7640.5,571386.5,104.79,7011.96,0.0,0.0
Japan,Asia,2020-07-18,126476458,8515.48,579901.98,107.82,7119.78,0.0,0.0
Japan,Asia,2020-07-19,126476458,8030.71,587932.7,95.51,7215.29,0.0,0.0
Japan,Asia,2020-07-20,126476458,8121.7,596054.4,103.37,7318.66,0.0,0.0
Japan,Asia,2020-07-21,126476458,7845.92,603900.32,94.54,7413.2,0.0,0.0
Japan,Asia,2020-07-22,126476458,8212.5,612112.83,98.91,7512.11,0.0,0.0
Japan,Asia,2020-07-23,126476458,8529.74,620642.57,112.73,7624.84,0.0,0.0
Japan,Asia,2020-07-24,126476458,8450.67,629093.24,94.22,7719.06,0.0,0.0
Japan,Asia,2020-07-25,126476458,8644.11,637737.34,103.92,7822.98,0.0,0.0
Japan,Asia,2020-07-26,126476458,8655.97,646393.31,113.39,7936.36,0.0,0.0
Japan,Asia,2020-07-27,126476458,7294.96,653688.27,90.01,8026.38,0.0,0.0
Japan,Asia,2020-07-28,126476458,7550.73,661239.0,87.66,8114.03,0.0,0.0
Japan,Asia,2020-07-29,126476458,7290.85,668529.85,73.84,8187.87,0.0,0.0
Japan,Asia,2020-07-30,126476458,8097.93,676627.78,79.01,8266.89,0.0,0.0
Japan,Asia,2020-07-31,126476458,7585.11,684212.89,107.63,8374.52,0.0,0.0
Japan,Asia,2020-08-01,126476458,7605.38,691818.27,93.73,8468.25,0.0,0.0
Japan,Asia,2020-08-02,126476458,7647.77,699466.04,87.1,8555.35,0.0,0.0
Japan,Asia,2020-08-03,126476458,7802.61,707268.65,96.43,8651.78,0.0,0.0
Japan,Asia,2020-08-04,126476458,7092.24,714360.89,77.53,8729.3,0.0,0.0
Japan,Asia,2020-08-05,126476458,7113.23,721474.12,82.71,8812.01,0.0,0.0
Japan,Asia,2020-08-06,126476458,7494.46,728968.58,82.41,8894.42,0.0,0.0
Japan,Asia,2020-08-07,126476458,7852.27,736820.85,82.92,8977.34,0.0,0.0
Japan,Asia,2020-08-08,126476458,7361.16,744182.01,71.49,9048.83,0.0,0.0
Japan,Asia,2020-08-09,126476458,7029.05,751211.07,71.57,9120.4,0.0,0.0
Japan,Asia,2020-08-10,126476458,6489.18,757700.25,86.04,9206.44,0.0,0.0
Japan,Asia,2020-08-11,126476458,7508.35,765208.6,82.21,9288.65,0.0,0.0
Japan,Asia,2020-08-12,126476458,6850.25,772058.85,86.48,9375.13,0.0,0.0
Japan,Asia,2020-08-13,126476458,6638.28,778697.13,87.31,9462.44,0.0,0.0
Japan,Asia,2020-08-14,126476458,6370.83,785067.96,76.58,9539.02,0.0,0.0
Japan,Asia,2020-08-15,126476458,6398.19,791466.15,74.39,9613.41,0.0,0.0
Japan,Asia,2020-08-16,126476458,6495.59,797961.73,79.01,9692.42,0.0,0.0
Japan,Asia,2020-08-17,126476458,6678.13,804639.86,76.8,9769.23,0.0,0.0
Japan,Asia,2020-08-18,126476458,6268.05,810907.91,84.85,9854.08,0.0,0.0
Japan,Asia,2020-08-19,126476458,6685.28,817593.19,95.24,9949.31,0.0,0.0
Japan,Asia,2020-08-20,126476458,6463.08,824056.28,89.16,10038.47,0.0,0.0
Japan,Asia,2020-08-21,126476458,7256.09,831312.36,69.86,10108.33,0.0,0.0
Japan,Asia,2020-08-22,126476458,5810.98,837123.34,66.24,10174.56,0.0,0.0
Japan,Asia,2020-08-23,126476458,6393.39,843516.73,76.75,10251.32,0.0,0.0
Japan,Asia,2020-08-24,126476458,6327.41,849844.14,79.63,10330.95,0.0,0.0
Japan,Asia,2020-08-25,126476458,5835.85,855679.99,56.21,10387.16,0.0,0.0
Japan,Asia,2020-08-26,126476458,6160.41,861840.39,59.98,10447.14,0.0,0.0
Japan,Asia,2020-08-27,126476458,6327.55,868167.94,86.38,10533.52,0.0,0.0
Japan,Asia,2020-08-28,126476458,6023.77,874191.7,67.81,10601.34,0.0,0.0
Japan,Asia,2020-08-29,126476458,6407.14,880598.85,64.99,10666.32,0.0,0.0
Japan,Asia,2020-08-30,126476458,5093.85,885692.7,52.3,10718.62,0.0,0.0
Japan,Asia,2020-08-31,126476458,5495.68,891188.37,69.07,10787.69,0.0,0.0
Japan,Asia,2020-09-01,126476458,6242.19,897430.56,68.33,10856.02,0.0,0.0
Japan,Asia,2020-09-02,126476458,5981.73,903412.29,73.71,10929.73,0.0,0.0
Japan,Asia,2020-09-03,126476458,5789.51,909201.8,61.64,10991.38,0.0,0.0
Japan,Asia,2020-09-04,126476458,5971.06,915172.86,57.7,11049.08,0.0,0.0
Japan,Asia,2020-09-05,126476458,4809.12,919981.98,69.1,11118.18,0.0,0.0
Japan,Asia,2020-09-06,126476458,5700.3,925682.28,71.59,11189.77,0.0,0.0
Japan,Asia,2020-09-07,126476458,5737.8,931420.08,66.18,11255.95,0.0,0.0
Japan,Asia,2020-09-08,126476458,5079.75,936499.83,56.79,11312.74,0.0,0.0
Japan,Asia,2020-09-09,126476458,6177.2,942677.03,85.85,11398.58,0.0,0.0
Japan,Asia,2020-09-10,126476458,5274.08,947951.1,68.02,11466.61,0.0,0.0
Japan,Asia,2020-09-11,126476458,4388.04,952339.15,61.83,11528.44,0.0,0.0
Japan,Asia,2020-09-12,126476458,5240.95,957580.1,58.22,11586.66,0.0,0.0
Japan,Asia,2020-09-13,126476458,4809.43,962389.52,58.12,11644.78,0.0,0.0
Japan,Asia,2020-09-14,126476458,5424.93,967814.45,68.32,11713.09,0.0,0.0
Japan,Asia,2020-09-15,126476458,5166.75,972981.2,57.6,11770.69,0.0,0.0
Japan,Asia,2020-09-16,126476458,4725.5,977706.7,55.94,11826.64,0.0,0.0
Japan,Asia,2020-09-17,126476458,5422.5,983129.2,60.4,11887.04,0.0,0.0
Japan,Asia,2020-09-18,126476458,5189.43,988318.63,65.47,11952.5,0.0,0.0
Japan,Asia,2020-09-19,126476458,4536.95,992855.58,43.87,11996.37,0.0,0.0
Japan,Asia,2020-09-20,126476458,4741.78,997597.36,61.48,12057.85,0.0,0.0
Japan,Asia,2020-09-21,126476458,4946.37,1002543.73,61.84,12119.69,0.0,0.0
Japan,Asia,2020-09-22,126476458,4610.64,1007154.37,53.7,12173.4,0.0,0.0
Japan,Asia,2020-09-23,126476458,4596.0,1011750.37,58.75,12232.14,0.0,0.0
Japan,Asia,2020-09-24,126476458,4703.05,1016453.42,53.52,12285.66,0.0,0.0
Japan,Asia,2020-09-25,126476458,4296.59,1020750.01,46.2,12331.86,0.0,0.0
Japan,Asia,2020-09-26,126476458,3869.86,1024619.87,50.79,12382.65,0.0,0.0
Japan,Asia,2020-09-27,126476458,4719.0,1029338.87,61.32,12443.97,0.0,0.0
Japan,Asia,2020-09-28,126476458,3925.46,1033264.33,43.05,12487.02,0.0,0.0
Japan,Asia,2020-09-29,126476458,4262.56,1037526.9,46.41,12533.42,0.0,0.0
Japan,Asia,2020-09-30,126476458,3980.91,1041507.81,46.31,12579.73,0.0,0.0
Japan,Asia,2020-10-01,126476458,4017.12,1045524.93,43.79,12623.52,0.0,0.0
Japan,Asia,2020-10-02,126476458,4738.69,1050263.62,69.07,12692.59,0.0,0.0
Japan,Asia,2020-10-03,126476458,4509.3,1054772.92,56.64,12749.23,0.0,0.0
Japan,Asia,2020-10-04,126476458,4496.55,1059269.46,54.08,12803.3,0.0,0.0
Japan,Asia,2020-10-05,126476458,4128.53,1063397.99,42.08,12845.39,0.0,0.0
Japan,Asia,2020-10-06,126476458,4363.86,1067761.85,58.28,12903.66,0.0,0.0
Japan,Asia,2020-10-07,126476458,4731.66,1072493.5,51.89,12955.55,0.0,0.0
Japan,Asia,2020-10-08,126476458,4590.31,1077083.81,49.86,13005.41,0.0,0.0
Japan,Asia,2020-10-09,126476458,4907.25,1081991.06,65.07,13070.48,0.0,0.0
Japan,Asia,2020-10-10,126476458,4969.96,1086961.02,62.74,13133.22,0.0,0.0
Japan,Asia,2020-10-11,126476458,4558.83,1091519.85,34.68,13167.9,0.0,0.0
Japan,Asia,2020-10-12,126476458,4015.76,1095535.61,46.93,13214.82,0.0,0.0
Japan,Asia,2020-10-13,126476458,4418.16,1099953.77,54.02,13268.85,0.0,0.0
Japan,Asia,2020-10-14,126476458,4669.67,1104623.44,53.32,13322.17,0.0,0.0
Japan,Asia,2020-10-15,126476458,4454.87,1109078.32,54.74,13376.91,0.0,0.0
Japan,Asia,2020-10-16,126476458,4382.16,1113460.48,38.11,13415.01,0.0,0.0
Japan,Asia,2020-10-17,126476458,4802.14,1118262.61,34.98,13449.99,0.0,0.0
Japan,Asia,2020-10-18,126476458,5656.53,1123919.14,60.07,13510.07,0.0,0.0
Japan,Asia,2020-10-19,126476458,4664.97,1128584.11,58.24,13568.3,0.0,0.0
Japan,Asia,2020-10-20,126476458,4866.42,1133450.53,32.6,13600.9,0.0,0.0
Japan,Asia,2020-10-21,126476458,4441.35,1137891.88,46.55,13647.45,0.0,0.0
Japan,Asia,2020-10-22,126476458,5370.46,1143262.35,49.06,13696.51,0.0,0.0
Japan,Asia,2020-10-23,126476458,5277.63,1148539.97,61.39,13757.9,0.0,0.0
Japan,Asia,2020-10-24,126476458,5291.09,1153831.06,79.16,13837.06,0.0,0.0
Japan,Asia,2020-10-25,126476458,5524.0,1159355.07,64.55,13901.61,0.0,0.0
Japan,Asia,2020-10-26,126476458,4938.79,1164293.86,58.41,13960.02,0.0,0.0
Japan,Asia,2020-10-27,126476458,5024.04,1169317.9,67.0,14027.02,0.0,0.0
Japan,Asia,2020-10-28,126476458,5771.05,1175088.95,69.42,14096.44,0.0,0.0
Japan,Asia,2020-10-29,126476458,5437.86,1180526.82,63.53,14159.98,0.0,0.0
Japan,Asia,2020-10-30,126476458,4484.54,1185011.36,61.23,14221.2,0.0,0.0
Japan,Asia,2020-10-31,126476458,5466.29,1190477.65,69.37,14290.57,0.0,0.0
Japan,Asia,2020-11-01,126476458,5150.26,1195627.91,64.11,14354.69,0.0,0.0
Japan,Asia,2020-11-02,126476458,5715.8,1201343.71,67.48,14422.17,0.0,0.0
Japan,Asia,2020-11-03,126476458,5592.66,1206936.37,64.34,14486.51,0.0,0.0
Japan,Asia,2020-11-04,126476458,4889.66,1211826.03,66.01,14552.52,0.0,0.0
Japan,Asia,2020-11-05,126476458,5642.63,1217468.66,65.02,14617.54,0.0,0.0
Japan,Asia,2020-11-06,126476458,5672.51,1223141.17,77.92,14695.46,0.0,0.0
Japan,Asia,2020-11-07,126476458,5776.74,1228917.91,60.94,14756.41,0.0,0.0
Japan,Asia,2020-11-08,126476458,5902.12,1234820.03,82.3,14838.7,0.0,0.0
Japan,Asia,2020-11-09,126476458,6275.78,1241095.82,79.09,14917.79,0.0,0.0
Japan,Asia,2020-11-10,126476458,5948.84,1247044.65,63.64,14981.43,0.0,0.0
Japan,Asia,2020-11-11,126476458,5863.98,1252908.64,74.44,15055.87,0.0,0.0
Japan,Asia,2020-11-12,126476458,6309.88,1259218.52,70.52,15126.38,0.0,0.0
Japan,Asia,2020-11-13,126476458,6745.24,1265963.75,81.21,15207.59,0.0,0.0
Japan,Asia,2020-11-14,126476458,6332.74,1272296.49,72.1,15279.69,0.0,0.0
Japan,Asia,2020-11-15,126476458,6136.74,1278433.23,72.58,15352.27,0.0,0.0
Japan,Asia,2020-11-16,126476458,6267.91,1284701.14,82.75,15435.02,0.0,0.0
Japan,Asia,2020-11-17,126476458,6257.88,1290959.02,79.24,15514.26,0.0,0.0
Japan,Asia,2020-11-18,126476458,6226.21,1297185.23,65.71,15579.97,0.0,0.0
Japan,Asia,2020-11-19,126476458,7028.65,1304213.88,75.8,15655.77,0.0,0.0
Japan,Asia,2020-11-20,126476458,6059.36,1310273.24,74.88,15730.65,0.0,0.0
Japan,Asia,2020-11-21,126476458,6775.95,1317049.2,84.06,15814.7,0.0,0.0
Japan,Asia,2020-11-22,126476458,6377.34,1323426.54,71.13,15885.84,0.0,0.0
Japan,Asia,2020-11-23,126476458,5952.28,1329378.82,84.16,15969.99,0.0,0.0
Japan,Asia,2020-11-24,126476458,6452.88,1335831.7,83.94,16053.94,0.0,0.0
Japan,Asia,2020-11-25,126476458,6375.04,1342206.74,71.5,16125.43,0.0,0.0
Japan,Asia,2020-11-26,126476458,6815.38,1349022.12,76.01,16201.44,0.0,0.0
Japan,Asia,2020-11-27,126476458,6691.13,1355713.25,78.47,16279.91,0.0,0.0
Japan,Asia,2020-11-28,126476458,6346.5,1362059.75,73.5,16353.41,0.0,0.0
Japan,Asia,2020-11-29,126476458,7263.11,1369322.86,97.21,16450.62,0.0,0.0
Japan,Asia,2020-11-30,126476458,7172.82,1376495.68,93.95,16544.57,0.0,0.0
Japan,Asia,2020-12-01,126476458,7388.31,1383883.99,88.94,16633.51,0.0,0.0
Japan,Asia,2020-12-02,126476458,6956.9,1390840.9,88.91,16722.42,0.0,0.0
Japan,Asia,2020-12-03,126476458,6901.03,1397741.93,89.4,16811.81,0.0,0.0
Japan,Asia,2020-12-04,126476458,7198.11,1404940.05,86.84,16898.66,0.0,0.0
Japan,Asia,2020-12-05,126476458,6786.78,1411726.82,84.66,16983.32,0.0,0.0
Japan,Asia,2020-12-06,126476458,7070.1,1418796.92,89.59,17072.91,0.0,0.0
Japan,Asia,2020-12-07,126476458,6997.38,1425794.3,87.87,17160.78,0.0,0.0
Japan,Asia,2020-12-08,126476458,6580.35,1432374.65,72.73,17233.52,0.0,0.0
Japan,Asia,2020-12-09,126476458,7167.7,1439542.35,80.59,17314.11,0.0,0.0
Japan,Asia,2020-12-10,126476458,6998.6,1446540.95,81.67,17395.78,0.0,0.0
Japan,Asia,2020-12-11,126476458,7096.34,1453637.28,79.5,17475.28,0.0,0.0
Japan,Asia,2020-12-12,126476458,7335.25,1460972.53,76.24,17551.52,0.0,0.0
Japan,Asia,2020-12-13,126476458,7678.38,1468650.91,97.55,17649.07,0.0,0.0
Japan,Asia,2020-12-14,126476458,6959.32,1475610.22,86.28,17735.35,0.0,0.0
Japan,Asia,2020-12-15,126476458,7160.29,1482770.51,75.21,17810.56,0.0,0.0
Japan,Asia,2020-12-16,126476458,7030.28,1489800.79,82.44,17893.0,0.0,0.0
Japan,Asia,2020-12-17,126476458,7025.71,1496826.49,82.83,17975.83,0.0,0.0
Japan,Asia,2020-12-18,126476458,7124.6,1503951.1,86.95,18062.78,0.0,0.0
Japan,Asia,2020-12-19,126476458,7278.57,1511229.67,78.69,18141.47,0.0,0.0
Japan,Asia,2020-12-20,126476458,7565.19,1518794.86,79.95,18221.42,0.0,0.0
Japan,Asia,2020-12-21,126476458,7483.24,1526278.09,93.96,18315.38,0.0,0.0
Japan,Asia,2020-12-22,126476458,7010.27,1533288.36,71.85,18387.23,10358479.62,10358479.62
Japan,Asia,2020-12-23,126476458,7840.33,1541128.69,92.22,18479.45,133189.78,10491669.4
Japan,Asia,2020-12-24,126476458,7723.22,1548851.91,90.07,18569.52,134696.23,10626365.63
Japan,Asia,2020-12-25,126476458,7080.66,1555932.58,83.98,18653.5,136214.4,10762580.03
Japan,Asia,2020-12-26,126476458,7826.0,1563758.58,95.93,18749.44,137744.25,10900324.28
Japan,Asia,2020-12-27,126476458,7511.54,1571270.12,102.93,18852.36,139285.72,11039610.0
Japan,Asia,2020-12-28,126476458,7339.98,1578610.1,75.28,18927.65,140838.77,11180448.77
Japan,Asia,2020-12-29,126476458,7515.75,1586125.86,97.2,19024.85,142403.32,11322852.09
Japan,Asia,2020-12-30,126476458,7375.15,1593501.01,68.4,19093.25,143979.31,11466831.4
Japan,Asia,2020-12-31,126476458,7566.76,1601067.77,101.95,19195.21,145566.68,11612398.08
Japan,Asia,2021-01-01,126476458,7431.41,1608499.18,72.83,19268.04,147165.34,11759563.42
Japan,Asia,2021-01-02,126476458,7235.69,1615734.87,106.32,19374.36,148775.22,11908338.64
Japan,Asia,2021-01-03,126476458,6630.76,1622365.63,76.45,19450.81,150396.22,12058734.86
Japan,Asia,2021-01-04,126476458,7508.4,1629874.03,100.42,19551.23,152028.27,12210763.13
Japan,Asia,2021-01-05,126476458,7175.29,1637049.32,94.78,19646.01,153671.26,12364434.39
Japan,Asia,2021-01-06,126476458,7558.63,1644607.95,87.21,19733.22,155325.1,12519759.49
Japan,Asia,2021-01-07,126476458,7433.33,1652041.28,86.32,19819.54,156989.67,12676749.15
Japan,Asia,2021-01-08,126476458,7119.58,1659160.86,78.74,19898.28,158664.86,12835414.01
Japan,Asia,2021-01-09,126476458,7573.98,1666734.84,97.19,19995.47,160350.56,12995764.58
Japan,Asia,2021-01-10,126476458,7260.46,1673995.3,83.74,20079.21,162046.65,13157811.22
Japan,Asia,2021-01-11,126476458,7217.05,1681212.35,80.05,20159.26,163752.99,13321564.21
Japan,Asia,2021-01-12,126476458,7080.66,1688293.01,89.27,20248.52,165469.45,13487033.65
Japan,Asia,2021-01-13,126476458,7685.69,1695978.7,85.05,20333.58,167195.88,13654229.54
Japan,Asia,2021-01-14,126476458,6812.51,1702791.21,79.12,20412.69,168932.15,13823161.69
Japan,Asia,2021-01-15,126476458,6913.2,1709704.41,83.82,20496.51,170678.11,13993839.8
Japan,Asia,2021-01-16,126476458,6555.36,1716259.77,73.52,20570.03,172433.58,14166273.37
Japan,Asia,2021-01-17,126476458,7203.42,1723463.19,82.51,20652.54,174198.4,14340471.78
Japan,Asia,2021-01-18,126476458,6704.31,1730167.5,92.73,20745.27,175972.41,14516444.19
Japan,Asia,2021-01-19,126476458,6700.95,1736868.44,78.78,20824.05,177755.43,14694199.62
Japan,Asia,2021-01-20,126476458,6640.37,1743508.82,76.81,20900.86,179547.27,14873746.9
Japan,Asia,2021-01-21,126476458,6797.56,1750306.38,80.17,20981.03,181347.75,15055094.64
Japan,Asia,2021-01-22,126476458,6290.65,1756597.03,79.12,21060.15,183156.65,15238251.3
Japan,Asia,2021-01-23,126476458,5894.64,1762491.67,62.46,21122.62,184973.79,15423225.09
Japan,Asia,2021-01-24,126476458,6789.92,1769281.59,84.9,21207.51,186798.95,15610024.04
Japan,Asia,2021-01-25,126476458,5838.54,1775120.12,72.11,21279.62,188631.91,15798655.95
Japan,Asia,2021-01-26,126476458,6824.45,1781944.58,67.58,21347.21,190472.46,15989128.41
Japan,Asia,2021-01-27,126476458,7016.92,1788961.5,98.56,21445.76,192320.35,16181448.76
Japan,Asia,2021-01-28,126476458,6358.64,1795320.14,87.99,21533.75,194175.35,16375624.11
Japan,Asia,2021-01-29,126476458,6814.4,1802134.54,75.37,21609.12,196037.22,16571661.33
Japan,Asia,2021-01-30,126476458,6293.39,1808427.93,66.54,21675.66,197905.71,16769567.04
Japan,Asia,2021-01-31,126476458,6802.8,1815230.73,83.46,21759.12,199780.55,16969347.6
Japan,Asia,2021-02-01,126476458,6023.5,1821254.23,60.88,21820.0,201661.49,17171009.09
Japan,Asia,2021-02-02,126476458,5294.54,1826548.77,74.45,21894.45,203548.25,17374557.33
Japan,Asia,2021-02-03,126476458,6032.38,1832581.16,68.64,21963.09,205440.55,17579997.88
Japan,Asia,2021-02-04,126476458,6595.31,1839176.46,92.12,22055.2,207338.1,17787335.98
Japan,Asia,2021-02-05,126476458,6121.04,1845297.5,66.86,22122.06,209240.62,17996576.6
Japan,Asia,2021-02-06,126476458,5688.88,1850986.38,67.37,22189.43,211147.79,18207724.39
Japan,Asia,2021-02-07,126476458,5919.02,1856905.4,81.17,22270.6,213059.32,18420783.71
Japan,Asia,2021-02-08,126476458,6077.71,1862983.12,70.35,22340.94,214974.89,18635758.61
Japan,Asia,2021-02-09,126476458,5641.09,1868624.2,69.87,22410.81,216894.18,18852652.79
Japan,Asia,2021-02-10,126476458,6522.88,1875147.08,87.02,22497.83,218816.86,19071469.64
Japan,Asia,2021-02-11,126476458,5354.55,1880501.63,59.81,22557.64,220742.59,19292212.23
Japan,Asia,2021-02-12,126476458,5817.99,1886319.62,59.72,22617.36,222671.03,19514883.27
Japan,Asia,2021-02-13,126476458,5664.76,1891984.38,56.31,22673.66,224601.84,19739485.1
Japan,Asia,2021-02-14,126476458,5083.68,1897068.06,65.67,22739.34,226534.65,19966019.75
Japan,Asia,2021-02-15,126476458,5110.22,1902178.28,64.43,22803.77,228469.1,20194488.85
Japan,Asia,2021-02-16,126476458,5544.92,1907723.19,75.03,22878.8,230404.83,20424893.68
Japan,Asia,2021-02-17,126476458,5168.78,1912891.97,59.83,22938.63,232341.45,20657235.13
Japan,Asia,2021-02-18,126476458,5165.72,1918057.69,50.54,22989.18,234278.59,20891513.72
Japan,Asia,2021-02-19,126476458,4403.9,1922461.59,34.02,23023.2,236215.84,21127729.56
Japan,Asia,2021-02-20,126476458,5135.05,1927596.64,84.56,23107.77,238152.83,21365882.39
Japan,Asia,2021-02-21,126476458,4934.87,1932531.52,63.43,23171.2,240089.13,21605971.52
Japan,Asia,2021-02-22,126476458,4740.78,1937272.3,57.98,23229.18,242024.35,21847995.88
Japan,Asia,2021-02-23,126476458,4818.3,1942090.6,60.05,23289.23,243958.07,22091953.95
Japan,Asia,2021-02-24,126476458,4477.66,1946568.26,42.28,23331.51,245889.87,22337843.82
Japan,Asia,2021-02-25,126476458,4342.72,1950910.98,45.75,23377.27,247819.31,22585663.12
Japan,Asia,2021-02-26,126476458,4394.37,1955305.36,66.68,23443.95,249745.96,22835409.09
Japan,Asia,2021-02-27,126476458,4245.91,1959551.27,56.22,23500.16,251669.4,23087078.48
Japan,Asia,2021-02-28,126476458,5101.16,1964652.43,55.11,23555.27,253589.16,23340667.64
Japan,Asia,2021-03-01,126476458,4587.02,1969239.45,45.23,23600.5,255504.79,23596172.43
Japan,Asia,2021-03-02,126476458,3859.12,1973098.56,42.18,23642.68,257415.85,23853588.29
Japan,Asia,2021-03-03,126476458,4841.38,1977939.94,55.57,23698.26,259321.87,24112910.16
Japan,Asia,2021-03-04,126476458,3908.2,1981848.15,63.29,23761.55,261222.39,24374132.55
Japan,Asia,2021-03-05,126476458,4001.5,1985849.65,46.51,23808.06,263116.92,24637249.47
Japan,Asia,2021-03-06,126476458,4237.29,1990086.93,41.33,23849.39,265005.0,24902254.47
Japan,Asia,2021-03-07,126476458,3166.25,1993253.18,37.53,23886.92,266886.15,25169140.61
Japan,Asia,2021-03-08,126476458,3705.93,1996959.11,46.59,23933.5,268759.87,25437900.48
Japan,Asia,2021-03-09,126476458,3521.99,2000481.1,32.02,23965.52,270625.68,25708526.16
Japan,Asia,2021-03-10,126476458,3728.89,2004209.99,47.96,24013.49,272483.09,25981009.25
Japan,Asia,2021-03-11,126476458,3721.79,2007931.77,54.33,24067.82,274331.59,26255340.84
Japan,Asia,2021-03-12,126476458,3501.14,2011432.91,43.12,24110.94,276170.7,26531511.54
Japan,Asia,2021-03-13,126476458,3421.6,2014854.51,34.68,24145.62,277999.89,26809511.43
Japan,Asia,2021-03-14,126476458,3775.19,2018629.7,41.07,24186.7,279818.67,27089330.1
Japan,Asia,2021-03-15,126476458,3446.29,2022075.99,28.08,24214.78,281626.53,27370956.63
Japan,Asia,2021-03-16,126476458,3294.54,2025370.53,38.46,24253.24,283422.95,27654379.58
Japan,Asia,2021-03-17,126476458,3271.99,2028642.52,41.75,24294.99,285207.41,27939586.99
Japan,Asia,2021-03-18,126476458,3803.96,2032446.48,38.47,24333.47,286979.41,28226566.4
Japan,Asia,2021-03-19,126476458,3163.99,2035610.47,53.49,24386.95,288738.41,28515304.81
Japan,Asia,2021-03-20,126476458,2866.67,2038477.14,40.74,24427.69,290483.91,28805788.72
Japan,Asia,2021-03-21,126476458,2322.81,2040799.95,13.53,24441.22,292215.37,29098004.08
Japan,Asia,2021-03-22,126476458,2434.4,2043234.35,15.03,24456.26,293932.27,29391936.36
Japan,Asia,2021-03-23,126476458,2719.25,2045953.6,24.76,24481.02,295634.1,29687570.45
Japan,Asia,2021-03-24,126476458,2792.35,2048745.95,46.09,24527.11,297320.32,29984890.77
Japan,Asia,2021-03-25,126476458,2584.56,2051330.51,38.14,24565.25,298990.41,30283881.18
Japan,Asia,2021-03-26,126476458,2851.86,2054182.37,47.21,24612.47,300643.85,30584525.02
Japan,Asia,2021-03-27,126476458,2481.15,2056663.52,29.86,24642.32,302280.11,30886805.13
Japan,Asia,2021-03-28,126476458,2312.46,2058975.97,26.07,24668.39,303898.67,31190703.79
Japan,Asia,2021-03-29,126476458,2800.63,2061776.61,23.63,24692.02,305499.0,31496202.8
Japan,Asia,2021-03-30,126476458,3020.47,2064797.07,39.04,24731.07,307080.6,31803283.39
Japan,Asia,2021-03-31,126476458,2109.96,2066907.03,23.75,24754.82,308642.93,32111926.32
Japan,Asia,2021-04-01,126476458,2540.39,2069447.42,28.61,24783.42,310185.48,32422111.8
Japan,Asia,2021-04-02,126476458,1747.32,2071194.74,33.91,24817.34,311707.73,32733819.53
Japan,Asia,2021-04-03,126476458,1858.35,2073053.09,21.29,24838.62,313209.19,33047028.72
Japan,Asia,2021-04-04,126476458,2130.13,2075183.22,36.21,24874.83,314689.32,33361718.04
Japan,Asia,2021-04-05,126476458,2696.59,2077879.81,19.65,24894.49,316147.64,33677865.68
Japan,Asia,2021-04-06,126476458,1991.44,2079871.25,45.4,24939.89,317583.63,33995449.32
Japan,Asia,2021-04-07,126476458,1944.41,2081815.66,20.35,24960.24,318996.81,34314446.13
Japan,Asia,2021-04-08,126476458,2210.21,2084025.87,32.18,24992.42,320386.67,34634832.8
Japan,Asia,2021-04-09,126476458,2179.57,2086205.44,33.09,25025.5,321752.74,34956585.54
Japan,Asia,2021-04-10,126476458,1862.31,2088067.76,18.37,25043.87,323094.51,35279680.05
Japan,Asia,2021-04-11,126476458,2804.31,2090872.07,40.2,25084.08,324411.53,35604091.58
Japan,Asia,2021-04-12,126476458,1989.81,2092861.89,30.85,25114.92,325703.31,35929794.89
Japan,Asia,2021-04-13,126476458,2097.54,2094959.43,19.47,25134.39,326969.39,36256764.29
Japan,Asia,2021-04-14,126476458,1893.81,2096853.24,17.12,25151.5,328209.32,36584973.6
Japan,Asia,2021-04-15,126476458,2166.63,2099019.87,26.36,25177.86,329422.62,36914396.23
Japan,Asia,2021-04-16,126476458,2424.66,2101444.53,28.17,25206.04,330608.87,37245005.1
Japan,Asia,2021-04-17,126476458,2556.08,2104000.62,41.82,25247.85,331767.63,37576772.73
Japan,Asia,2021-04-18,126476458,1689.98,2105690.59,25.9,25273.75,332898.46,37909671.19
Japan,Asia,2021-04-19,126476458,2326.62,2108017.21,27.36,25301.11,334000.94,38243672.12
Japan,Asia,2021-04-20,126476458,2119.92,2110137.13,30.29,25331.4,335074.65,38578746.77
Japan,Asia,2021-04-21,126476458,2256.42,2112393.55,10.7,25342.1,336119.2,38914865.97
Japan,Asia,2021-04-22,126476458,1872.62,2114266.17,17.55,25359.65,337134.18,39252000.16
Japan,Asia,2021-04-23,126476458,1830.38,2116096.55,24.27,25383.92,338119.22,39590119.37
Japan,Asia,2021-04-24,126476458,2216.07,2118312.61,35.52,25419.43,339073.92,39929193.3
Japan,Asia,2021-04-25,126476458,2217.07,2120529.69,28.2,25447.64,339997.94,40269191.24
Japan,Asia,2021-04-26,126476458,2426.95,2122956.64,40.79,25488.43,340890.9,40610082.13
Japan,Asia,2021-04-27,126476458,1946.12,2124902.77,30.3,25518.72,341752.46,40951834.6
Japan,Asia,2021-04-28,126476458,1838.56,2126741.32,18.16,25536.88,342582.3,41294416.9
Japan,Asia,2021-04-29,126476458,1016.04,2127757.36,11.07,25547.95,343380.08,41637796.97
Japan,Asia,2021-04-30,126476458,1315.73,2129073.09,19.06,25567.01,344145.48,41981942.46
Japan,Asia,2021-05-01,126476458,1746.04,2130819.12,17.36,25584.37,344878.22,42326820.68
Japan,Asia,2021-05-02,126476458,1504.68,2132323.81,30.31,25614.68,345578.01,42672398.69
Japan,Asia,2021-05-03,126476458,2182.71,2134506.52,17.32,25632.0,346244.55,43018643.24
Japan,Asia,2021-05-04,126476458,1448.64,2135955.16,19.91,25651.91,346877.6,43365520.84
Japan,Asia,2021-05-05,126476458,1742.76,2137697.93,26.8,25678.71,347476.89,43712997.73
Japan,Asia,2021-05-06,126476458,1769.26,2139467.18,18.72,25697.43,348042.19,44061039.92
Japan,Asia,2021-05-07,126476458,2367.05,2141834.24,24.09,25721.53,348573.28,44409613.19
Japan,Asia,2021-05-08,126476458,1748.62,2143582.85,20.37,25741.9,349069.93,44758683.13
Japan,Asia,2021-05-09,126476458,2137.63,2145720.48,32.15,25774.05,349531.95,45108215.08
Japan,Asia,2021-05-10,126476458,2067.24,2147787.72,20.81,25794.86,349959.16,45458174.24
Japan,Asia,2021-05-11,126476458,2336.02,2150123.74,19.48,25814.34,350351.38,45808525.62
Japan,Asia,2021-05-12,126476458,2340.25,2152463.99,37.29,25851.63,350708.45,46159234.07
Japan,Asia,2021-05-13,126476458,2055.44,2154519.43,27.86,25879.49,351030.23,46510264.3
Japan,Asia,2021-05-14,126476458,1499.57,2156019.01,26.06,25905.54,351316.58,46861580.88
Japan,Asia,2021-05-15,126476458,2039.96,2158058.97,30.55,25936.1,351567.4,47213148.28
Japan,Asia,2021-05-16,126476458,2143.53,2160202.49,43.16,25979.26,351782.58,47564930.85
Japan,Asia,2021-05-17,126476458,2281.71,2162484.2,36.3,26015.56,351962.02,47916892.88
Japan,Asia,2021-05-18,126476458,1956.19,2164440.39,17.68,26033.24,352105.67,48268998.55
Japan,Asia,2021-05-19,126476458,2648.02,2167088.41,35.54,26068.78,352213.45,48621212.0
Japan,Asia,2021-05-20,126476458,2289.46,2169377.87,23.01,26091.79,352285.34,48973497.34
Japan,Asia,2021-05-21,126476458,2000.13,2171378.0,20.37,26112.16,352321.28,49325818.62
Japan,Asia,2021-05-22,126476458,2201.15,2173579.15,15.11,26127.28,352321.28,49678139.9
Japan,Asia,2021-05-23,126476458,3077.34,2176656.5,34.64,26161.92,352285.34,50030425.24
Japan,Asia,2021-05-24,126476458,2677.3,2179333.8,36.49,26198.4,352213.45,50382638.69
Japan,Asia,2021-05-25,126476458,2855.72,2182189.52,33.74,26232.14,352105.67,50734744.36
Japan,Asia,2021-05-26,126476458,2169.77,2184359.3,17.24,26249.39,351962.02,51086706.39
Japan,Asia,2021-05-27,126476458,2340.36,2186699.65,15.9,26265.29,351782.58,51438488.96
Japan,Asia,2021-05-28,126476458,2391.62,2189091.27,45.59,26310.88,351567.4,51790056.36
Japan,Asia,2021-05-29,126476458,2744.85,2191836.11,35.54,26346.42,351316.58,52141372.94
Japan,Asia,2021-05-30,126476458,2671.12,2194507.24,25.46,26371.88,351030.23,52492403.17
Japan,Asia,2021-05-31,126476458,2613.91,2197121.15,35.06,26406.94,350708.45,52843111.62
Japan,Asia,2021-06-01,126476458,2712.51,2199833.66,50.06,26457.01,350351.38,53193463.0
Japan,Asia,2021-06-02,126476458,2618.19,2202451.85,36.38,26493.39,349959.16,53543422.16
Japan,Asia,2021-06-03,126476458,2890.79,2205342.64,12.39,26505.78,349531.95,53892954.11
Japan,Asia,2021-06-04,126476458,3402.41,2208745.05,62.05,26567.83,349069.93,54242024.05
Japan,Asia,2021-06-05,126476458,2543.66,2211288.72,15.73,26583.56,348573.28,54590597.32
Japan,Asia,2021-06-06,126476458,3256.4,2214545.12,37.43,26620.99,348042.19,54938639.51
Japan,Asia,2021-06-07,126476458,3681.41,2218226.53,35.11,26656.1,347476.89,55286116.4
Japan,Asia,2021-06-08,126476458,3198.87,2221425.4,32.47,26688.56,346877.6,55632994.0
Japan,Asia,2021-06-09,126476458,3143.81,2224569.21,40.0,26728.56,346244.55,55979238.55
Japan,Asia,2021-06-10,126476458,3719.65,2228288.86,28.07,26756.63,345578.01,56324816.56
Japan,Asia,2021-06-11,126476458,3120.22,2231409.08,36.72,26793.35,344878.22,56669694.78
Japan,Asia,2021-06-12,126476458,3526.55,2234935.63,51.5,26844.85,344145.48,57013840.27
Japan,Asia,2021-06-13,126476458,3241.58,2238177.2,32.15,26877.0,343380.08,57357220.34
Japan,Asia,2021-06-14,126476458,3023.23,2241200.43,25.16,26902.16,342582.3,57699802.64
Japan,Asia,2021-06-15,126476458,3697.99,2244898.41,43.26,26945.42,341752.46,58041555.11
Japan,Asia,2021-06-16,126476458,3383.57,2248281.99,37.9,26983.32,340890.9,58382446.0
Japan,Asia,2021-06-17,126476458,3897.38,2252179.37,42.01,27025.32,339997.94,58722443.94
Japan,Asia,2021-06-18,126476458,4368.52,2256547.89,42.92,27068.24,339073.92,59061517.87
Japan,Asia,2021-06-19,126476458,4705.11,2261253.0,60.61,27128.85,338119.22,59399637.08
Japan,Asia,2021-06-20,126476458,4167.75,2265420.75,54.78,27183.63,337134.18,59736771.27
Japan,Asia,2021-06-21,126476458,4571.64,2269992.39,46.33,27229.96,336119.2,60072890.47
Japan,Asia,2021-06-22,126476458,4435.41,2274427.8,45.81,27275.77,335074.65,60407965.12
Japan,Asia,2021-06-23,126476458,4243.48,2278671.28,52.01,27327.78,334000.94,60741966.05
Japan,Asia,2021-06-24,126476458,3786.58,2282457.86,37.72,27365.5,332898.46,61074864.51
Japan,Asia,2021-06-25,126476458,5113.08,2287570.94,62.79,27428.29,331767.63,61406632.14
Japan,Asia,2021-06-26,126476458,4260.99,2291831.93,62.88,27491.16,330608.87,61737241.01
Japan,Asia,2021-06-27,126476458,5197.3,2297029.23,61.89,27553.05,329422.62,62066663.64
Japan,Asia,2021-06-28,126476458,4987.11,2302016.35,50.14,27603.19,328209.32,62394872.95
Japan,Asia,2021-06-29,126476458,4544.23,2306560.58,57.67,27660.86,326969.39,62721842.35
Japan,Asia,2021-06-30,126476458,5082.31,2311642.89,59.57,27720.42,325703.31,63047545.66
Japan,Asia,2021-07-01,126476458,5807.52,2317450.41,68.49,27788.91,324411.53,63371957.19
Japan,Asia,2021-07-02,126476458,5686.95,2323137.36,72.05,27860.96,323094.51,63695051.7
Japan,Asia,2021-07-03,126476458,5059.04,2328196.4,66.24,27927.2,321752.74,64016804.44
Japan,Asia,2021-07-04,126476458,5078.8,2333275.2,61.23,27988.43,320386.67,64337191.11
Japan,Asia,2021-07-05,126476458,5453.01,2338728.21,64.95,28053.38,318996.81,64656187.92
Japan,Asia,2021-07-06,126476458,5450.36,2344178.58,81.91,28135.29,317583.63,64973771.56
Japan,Asia,2021-07-07,126476458,6018.91,2350197.49,81.83,28217.12,316147.64,65289919.2
Japan,Asia,2021-07-08,126476458,5948.88,2356146.37,78.05,28295.18,314689.32,65604608.52
Japan,Asia,2021-07-09,126476458,5189.02,2361335.38,63.32,28358.49,313209.19,65917817.71
Japan,Asia,2021-07-10,126476458,6033.33,2367368.71,64.35,28422.85,311707.73,66229525.44
Japan,Asia,2021-07-11,126476458,5901.76,2373270.47,79.84,28502.69,310185.48,66539710.92
Japan,Asia,2021-07-12,126476458,6069.2,2379339.67,73.98,28576.67,308642.93,66848353.85
Japan,Asia,2021-07-13,126476458,6235.17,2385574.84,70.2,28646.88,307080.6,67155434.44
Japan,Asia,2021-07-14,126476458,6659.44,2392234.28,77.97,28724.85,305499.0,67460933.45
Japan,Asia,2021-07-15,126476458,6673.91,2398908.19,72.36,28797.2,303898.67,67764832.11
Japan,Asia,2021-07-16,126476458,6160.98,2405069.17,82.39,28879.59,302280.11,68067112.22
Japan,Asia,2021-07-17,126476458,6494.44,2411563.62,83.4,28962.99,300643.85,68367756.06
Japan,Asia,2021-07-18,126476458,6449.34,2418012.96,78.85,29041.84,298990.41,68666746.47
Japan,Asia,2021-07-19,126476458,6108.79,2424121.75,72.96,29114.8,297320.32,68964066.79
Japan,Asia,2021-07-20,126476458,6749.97,2430871.73,75.55,29190.35,295634.1,69259700.88
Japan,Asia,2021-07-21,126476458,7524.37,2438396.1,73.25,29263.61,293932.27,69553633.16
Japan,Asia,2021-07-22,126476458,6369.53,2444765.63,65.13,29328.74,292215.37,69845848.52
Japan,Asia,2021-07-23,126476458,7049.9,2451815.54,78.66,29407.39,290483.91,70136332.43
Japan,Asia,2021-07-24,126476458,7127.73,2458943.26,78.39,29485.78,288738.41,70425070.84
Japan,Asia,2021-07-25,126476458,7336.56,2466279.83,90.35,29576.14,286979.41,70712050.25
Japan,Asia,2021-07-26,126476458,6986.75,2473266.57,90.33,29666.47,285207.41,70997257.66
Japan,Asia,2021-07-27,126476458,6912.07,2480178.64,81.92,29748.39,283422.95,71280680.61
Japan,Asia,2021-07-28,126476458,7014.77,2487193.41,95.45,29843.84,281626.53,71562307.14
Japan,Asia,2021-07-29,126476458,8048.73,2495242.14,90.32,29934.16,279818.67,71842125.81
Japan,Asia,2021-07-30,126476458,7323.74,2502565.88,86.8,30020.96,277999.89,72120125.7
Japan,Asia,2021-07-31,126476458,7576.7,2510142.58,90.51,30111.47,276170.7,72396296.4
Japan,Asia,2021-08-01,126476458,8571.07,2518713.65,111.59,30223.06,274331.59,72670627.99
Japan,Asia,2021-08-02,126476458,7659.36,2526373.01,92.76,30315.82,272483.09,72943111.08
Japan,Asia,2021-08-03,126476458,8117.01,2534490.02,98.47,30414.29,270625.68,73213736.76
Japan,Asia,2021-08-04,126476458,8449.22,2542939.24,88.15,30502.44,268759.87,73482496.63
Japan,Asia,2021-08-05,126476458,8510.92,2551450.15,94.93,30597.38,266886.15,73749382.77
Japan,Asia,2021-08-06,126476458,7766.67,2559216.82,101.97,30699.34,265005.0,74014387.77
Japan,Asia,2021-08-07,126476458,8059.08,2567275.9,80.11,30779.45,263116.92,74277504.69
Japan,Asia,2021-08-08,126476458,8489.27,2575765.17,112.62,30892.07,261222.39,74538727.08
Japan,Asia,2021-08-09,126476458,9131.92,2584897.09,113.58,31005.65,259321.87,74798048.95
Japan,Asia,2021-08-10,126476458,8262.12,2593159.21,93.17,31098.81,257415.85,75055464.81
Japan,Asia,2021-08-11,126476458,8426.29,2601585.5,94.46,31193.27,255504.79,75310969.6
Japan,Asia,2021-08-12,126476458,8814.78,2610400.28,120.95,31314.21,253589.16,75564558.76
Japan,Asia,2021-08-13,126476458,8952.11,2619352.39,118.72,31432.93,251669.4,75816228.15
Japan,Asia,2021-08-14,126476458,9038.99,2628391.38,107.51,31540.44,249745.96,76065974.12
Japan,Asia,2021-08-15,126476458,8568.68,2636960.06,103.9,31644.34,247819.31,76313793.42
Japan,Asia,2021-08-16,126476458,8740.97,2645701.03,99.72,31744.07,245889.87,76559683.29
Japan,Asia,2021-08-17,126476458,9063.14,2654764.17,109.84,31853.9,243958.07,76803641.36
Japan,Asia,2021-08-18,126476458,9488.25,2664252.42,108.47,31962.37,242024.35,77045665.72
Japan,Asia,2021-08-19,126476458,9019.85,2673272.27,107.61,32069.98,240089.13,77285754.85
Japan,Asia,2021-08-20,126476458,9150.5,2682422.77,124.29,32194.27,238152.83,77523907.68
Japan,Asia,2021-08-21,126476458,8852.3,2691275.07,105.46,32299.73,236215.84,77760123.52
Japan,Asia,2021-08-22,126476458,9914.61,2701189.68,110.59,32410.32,234278.59,77994402.11
Japan,Asia,2021-08-23,126476458,9365.57,2710555.25,101.46,32511.78,232341.45,78226743.56
Japan,Asia,2021-08-24,126476458,9735.86,2720291.11,117.85,32629.63,230404.83,78457148.39
Japan,Asia,2021-08-25,126476458,9414.1,2729705.21,106.88,32736.51,228469.1,78685617.49
Japan,Asia,2021-08-26,126476458,9476.37,2739181.58,115.69,32852.2,226534.65,78912152.14
Japan,Asia,2021-08-27,126476458,8962.17,2748143.75,94.59,32946.79,224601.84,79136753.97
Japan,Asia,2021-08-28,126476458,8773.1,2756916.84,110.8,33057.59,222671.03,79359425.01
Japan,Asia,2021-08-29,126476458,10000.42,2766917.27,111.52,33169.11,220742.59,79580167.6
Japan,Asia,2021-08-30,126476458,9623.75,2776541.01,115.86,33284.97,218816.86,79798984.45
Japan,Asia,2021-08-31,126476458,9700.6,2786241.61,113.7,33398.67,216894.18,80015878.63
Japan,Asia,2021-09-01,126476458,9220.83,2795462.45,124.4,33523.06,214974.89,80230853.53
Japan,Asia,2021-09-02,126476458,9369.29,2804831.74,113.8,33636.87,213059.32,80443912.85
Japan,Asia,2021-09-03,126476458,10082.22,2814913.95,136.55,33773.42,211147.79,80655060.64
Japan,Asia,2021-09-04,126476458,10342.18,2825256.13,128.59,33902.01,209240.62,80864301.26
Japan,Asia,2021-09-05,126476458,9536.04,2834792.17,125.84,34027.84,207338.1,81071639.36
Japan,Asia,2021-09-06,126476458,10006.51,2844798.69,118.41,34146.25,205440.55,81277079.91
Japan,Asia,2021-09-07,126476458,9853.62,2854652.31,121.01,34267.26,203548.25,81480628.15
Japan,Asia,2021-09-08,126476458,9758.16,2864410.47,126.85,34394.11,201661.49,81682289.64
Japan,Asia,2021-09-09,126476458,10459.36,2874869.83,132.75,34526.86,199780.55,81882070.2
Japan,Asia,2021-09-10,126476458,9660.98,2884530.82,120.18,34647.04,197905.71,82079975.91
Japan,Asia,2021-09-11,126476458,10259.86,2894790.68,120.49,34767.53,196037.22,82276013.13
Japan,Asia,2021-09-12,126476458,9962.7,2904753.37,118.28,34885.82,194175.35,82470188.48
Japan,Asia,2021-09-13,126476458,9824.45,2914577.83,126.99,35012.81,192320.35,82662508.83
Japan,Asia,2021-09-14,126476458,10309.31,2924887.14,134.48,35147.29,190472.46,82852981.29
Japan,Asia,2021-09-15,126476458,9926.97,2934814.12,114.38,35261.67,188631.91,83041613.2
Japan,Asia,2021-09-16,126476458,9785.58,2944599.69,111.48,35373.15,186798.95,83228412.15
Japan,Asia,2021-09-17,126476458,10293.61,2954893.31,116.29,35489.44,184973.79,83413385.94
Japan,Asia,2021-09-18,126476458,10237.12,2965130.43,129.48,35618.92,183156.65,83596542.6
Japan,Asia,2021-09-19,126476458,10207.24,2975337.66,115.05,35733.97,181347.75,83777890.34
Japan,Asia,2021-09-20,126476458,8410.1,2983747.76,107.46,35841.43,179547.27,83957437.62
Japan,Asia,2021-09-21,126476458,9906.78,2993654.54,123.25,35964.68,177755.43,84135193.05
Japan,Asia,2021-09-22,126476458,9806.49,3003461.04,113.32,36078.0,175972.41,84311165.46
Japan,Asia,2021-09-23,126476458,9697.22,3013158.26,128.88,36206.88,174198.4,84485363.87
Japan,Asia,2021-09-24,126476458,9897.69,3023055.95,107.07,36313.95,172433.58,84657797.44
Japan,Asia,2021-09-25,126476458,9747.98,3032803.93,130.25,36444.2,170678.11,84828475.55
Japan,Asia,2021-09-26,126476458,9864.24,3042668.17,120.92,36565.12,168932.15,84997407.7
Japan,Asia,2021-09-27,126476458,9501.17,3052169.34,97.43,36662.55,167195.88,85164603.59
Japan,Asia,2021-09-28,126476458,10085.01,3062254.35,133.76,36796.31,165469.45,85330073.03
Japan,Asia,2021-09-29,126476458,9796.74,3072051.09,125.34,36921.64,163752.99,85493826.02
Japan,Asia,2021-09-30,126476458,9675.26,3081726.35,112.68,37034.32,162046.65,85655872.66
Japan,Asia,2021-10-01,126476458,9617.26,3091343.62,107.69,37142.01,160350.56,85816223.23
Japan,Asia,2021-10-02,126476458,9806.46,3101150.08,105.12,37247.14,158664.86,85974888.09
Japan,Asia,2021-10-03,126476458,9713.83,3110863.91,135.89,37383.03,156989.67,86131877.75
Japan,Asia,2021-10-04,126476458,9269.52,3120133.43,103.85,37486.87,155325.1,86287202.85
Japan,Asia,2021-10-05,126476458,9606.31,3129739.74,105.17,37592.04,153671.26,86440874.11
Japan,Asia,2021-10-06,126476458,9269.31,3139009.05,113.38,37705.41,152028.27,86592902.38
Japan,Asia,2021-10-07,126476458,9826.03,3148835.08,104.81,37810.22,150396.22,86743298.6
Japan,Asia,2021-10-08,126476458,9484.09,3158319.17,105.96,37916.18,148775.22,86892073.82
Japan,Asia,2021-10-09,126476458,8823.8,3167142.96,113.85,38030.03,147165.34,87039239.16
Japan,Asia,2021-10-10,126476458,9799.53,3176942.49,121.31,38151.33,145566.68,87184805.84
Japan,Asia,2021-10-11,126476458,8187.26,3185129.75,95.16,38246.49,143979.31,87328785.15
Japan,Asia,2021-10-12,126476458,9083.48,3194213.23,109.15,38355.64,142403.32,87471188.47
Japan,Asia,2021-10-13,126476458,8552.41,3202765.63,99.09,38454.73,140838.77,87612027.24
Japan,Asia,2021-10-14,126476458,9388.86,3212154.49,112.17,38566.9,139285.72,87751312.96
Japan,Asia,2021-10-15,126476458,8750.94,3220905.43,98.92,38665.81,137744.25,87889057.21
Japan,Asia,2021-10-16,126476458,8315.39,3229220.81,95.14,38760.96,136214.4,88025271.61
Japan,Asia,2021-10-17,126476458,8429.15,3237649.96,96.26,38857.22,134696.23,88159967.84
Japan,Asia,2021-10-18,126476458,8200.25,3245850.22,92.6,38949.82,133189.78,88293157.62
Japan,Asia,2021-10-19,126476458,8269.36,3254119.58,107.58,39057.4,131695.1,88424852.72
Japan,Asia,2021-10-20,126476458,8186.2,3262305.78,104.4,39161.8,130212.23,88555064.94
Japan,Asia,2021-10-21,126476458,7961.81,3270267.59,88.08,39249.88,128741.19,88683806.14
Japan,Asia,2021-10-22,126476458,8241.42,3278509.01,89.34,39339.22,127282.04,88811088.17
Japan,Asia,2021-10-23,126476458,8204.75,3286713.77,97.2,39436.42,125834.78,88936922.95
Japan,Asia,2021-10-24,126476458,7638.84,3294352.61,108.91,39545.33,124399.44,89061322.39
Japan,Asia,2021-10-25,126476458,7325.72,3301678.33,79.69,39625.02,122976.04,89184298.43
Japan,Asia,2021-10-26,126476458,7932.42,3309610.75,93.9,39718.91,121564.61,89305863.04
Japan,Asia,2021-10-27,126476458,7926.17,3317536.92,95.82,39814.74,120165.13,89426028.17
Japan,Asia,2021-10-28,126476458,7911.0,3325447.91,94.06,39908.8,118777.64,89544805.82
Japan,Asia,2021-10-29,126476458,7762.81,3333210.72,89.49,39998.29,117402.13,89662207.95
Japan,Asia,2021-10-30,126476458,8033.93,3341244.65,105.65,40103.94,116038.6,89778246.55
Japan,Asia,2021-10-31,126476458,7745.19,3348989.84,96.58,40200.51,114687.06,89892933.61
Japan,Asia,2021-11-01,126476458,8246.11,3357235.95,105.72,40306.23,113347.49,90006281.09
Japan,Asia,2021-11-02,126476458,8304.62,3365540.57,104.37,40410.61,112019.89,90118300.98
Japan,Asia,2021-11-03,126476458,6514.6,3372055.17,85.33,40495.93,110704.25,90229005.23
Japan,Asia,2021-11-04,126476458,6270.84,3378326.01,87.93,40583.86,109400.55,90338405.78
Japan,Asia,2021-11-05,126476458,6946.59,3385272.6,94.01,40677.86,108108.78,90446514.56
Japan,Asia,2021-11-06,126476458,7034.46,3392307.06,103.01,40780.88,106828.92,90553343.47
Japan,Asia,2021-11-07,126476458,6739.75,3399046.81,90.62,40871.49,105560.94,90658904.41
Japan,Asia,2021-11-08,126476458,6920.47,3405967.28,77.69,40949.18,104304.82,90763209.24
Japan,Asia,2021-11-09,126476458,6487.17,3412454.45,84.62,41033.81,103060.54,90866269.78
Japan,Asia,2021-11-10,126476458,6246.09,3418700.53,80.64,41114.44,101828.06,90968097.84
Japan,Asia,2021-11-11,126476458,6205.9,3424906.43,89.83,41204.28,100607.36,91068705.2
Japan,Asia,2021-11-12,126476458,6232.58,3431139.01,67.05,41271.33,99398.39,91168103.58
Japan,Asia,2021-11-13,126476458,6504.41,3437643.42,82.52,41353.85,98201.12,91266304.7
Japan,Asia,2021-11-14,126476458,5945.25,3443588.67,65.89,41419.74,97015.51,91363320.21
Japan,Asia,2021-11-15,126476458,5920.82,3449509.49,75.15,41494.89,95841.53,91459161.74
Japan,Asia,2021-11-16,126476458,6127.85,3455637.34,71.82,41566.71,94679.12,91553840.86
Japan,Asia,2021-11-17,126476458,5765.03,3461402.36,73.02,41639.72,93528.25,91647369.11
Japan,Asia,2021-11-18,126476458,6131.85,3467534.22,62.3,41702.02,92388.86,91739757.97
Japan,Asia,2021-11-19,126476458,5325.68,3472859.9,70.25,41772.28,91260.91,91831018.88
Japan,Asia,2021-11-20,126476458,5156.43,3478016.33,63.53,41835.8,90144.35,91921163.23
Japan,Asia,2021-11-21,126476458,5567.63,3483583.96,68.03,41903.83,89039.13,92010202.35
Japan,Asia,2021-11-22,126476458,5509.6,3489093.56,81.72,41985.55,87945.18,92098147.54
Japan,Asia,2021-11-23,126476458,4972.72,3494066.29,56.61,42042.16,86862.47,92185010.01
Japan,Asia,2021-11-24,126476458,5653.4,3499719.69,70.58,42112.74,85790.93,92270800.94
Japan,Asia,2021-11-25,126476458,5764.91,3505484.6,69.98,42182.72,84730.5,92355531.44
Japan,Asia,2021-11-26,126476458,4779.87,3510264.47,58.94,42241.66,83681.12,92439212.56
Japan,Asia,2021-11-27,126476458,5429.05,3515693.52,82.92,42324.59,82642.74,92521855.31
Japan,Asia,2021-11-28,126476458,3984.09,3519677.61,48.32,42372.91,81615.29,92603470.6
Japan,Asia,2021-11-29,126476458,5104.33,3524781.94,56.71,42429.62,80598.71,92684069.31
Japan,Asia,2021-11-30,126476458,4337.86,3529119.8,67.02,42496.64,79592.93,92763662.24
Japan,Asia,2021-12-01,126476458,4890.67,3534010.47,56.23,42552.87,78597.89,92842260.14
Japan,Asia,2021-12-02,126476458,4124.17,3538134.65,36.65,42589.52,77613.53,92919873.67
Japan,Asia,2021-12-03,126476458,4348.86,3542483.51,46.26,42635.78,76639.77,92996513.43
Japan,Asia,2021-12-04,126476458,4002.18,3546485.69,38.05,42673.83,75676.55,93072189.98
Japan,Asia,2021-12-05,126476458,4124.44,3550610.13,35.09,42708.92,74723.79,93146913.77
Japan,Asia,2021-12-06,126476458,4754.08,3555364.21,54.14,42763.07,73781.43,93220695.21
Japan,Asia,2021-12-07,126476458,3990.89,3559355.1,47.33,42810.4,72849.41,93293544.61
Japan,Asia,2021-12-08,126476458,4683.12,3564038.22,65.64,42876.04,71927.63,93365472.24
Japan,Asia,2021-12-09,126476458,3726.12,3567764.34,49.75,42925.79,71016.04,93436488.29
Japan,Asia,2021-12-10,126476458,4300.75,3572065.09,56.28,42982.07,70114.57,93506602.85
Japan,Asia,2021-12-11,126476458,3127.97,3575193.06,30.39,43012.46,69223.13,93575825.98
Japan,Asia,2021-12-12,126476458,3515.88,3578708.94,49.27,43061.73,68341.65,93644167.63
Japan,Asia,2021-12-13,126476458,3348.61,3582057.54,51.31,43113.04,67470.06,93711637.69
Japan,Asia,2021-12-14,126476458,3995.45,3586052.99,51.1,43164.14,66608.29,93778245.98
Japan,Asia,2021-12-15,126476458,3444.02,3589497.01,44.71,43208.85,65756.25,93844002.23
Japan,Asia,2021-12-16,126476458,2571.23,3592068.24,20.74,43229.59,64913.88,93908916.11
Japan,Asia,2021-12-17,126476458,2767.36,3594835.6,41.64,43271.23,64081.09,93972997.2
Japan,Asia,2021-12-18,126476458,2796.3,3597631.9,47.8,43319.03,63257.82,94036255.02
Japan,Asia,2021-12-19,126476458,3403.46,3601035.36,43.43,43362.46,62443.98,94098699.0
Japan,Asia,2021-12-20,126476458,3285.11,3604320.47,34.67,43397.13,61639.49,94160338.49
Japan,Asia,2021-12-21,126476458,2826.06,3607146.53,32.62,43429.74,60844.28,94221182.76
Japan,Asia,2021-12-22,126476458,2668.08,3609814.62,28.65,43458.4,60058.27,94281241.03
Japan,Asia,2021-12-23,126476458,3040.7,3612855.32,33.6,43492.0,59281.38,94340522.42
Japan,Asia,2021-12-24,126476458,2325.58,3615180.89,33.09,43525.09,58513.54,94399035.96
Japan,Asia,2021-12-25,126476458,2813.1,3617993.99,35.99,43561.09,57754.67,94456790.63
Japan,Asia,2021-12-26,126476458,2716.36,3620710.35,40.63,43601.71,57004.68,94513795.32
Japan,Asia,2021-12-27,126476458,2424.0,3623134.35,32.06,43633.77,56263.51,94570058.82
Japan,Asia,2021-12-28,126476458,2594.49,3625728.84,24.22,43657.99,55531.06,94625589.89
Japan,Asia,2021-12-29,126476458,2427.31,3628156.15,25.12,43683.11,54807.27,94680397.16
Japan,Asia,2021-12-30,126476458,2503.03,3630659.18,25.53,43708.65,54092.06,94734489.22
Japan,Asia,2021-12-31,126476458,1800.44,3632459.62,20.11,43728.76,53385.34,94787874.56
Japan,Asia,2022-01-01,126476458,2421.97,3634881.59,43.42,43772.18,52687.04,94840561.6
Japan,Asia,2022-01-02,126476458,2506.8,3637388.39,45.72,43817.9,51997.08,94892558.69
Japan,Asia,2022-01-03,126476458,2201.51,3639589.9,33.11,43851.01,51315.39,94943874.07
Japan,Asia,2022-01-04,126476458,2242.37,3641832.26,27.86,43878.87,50641.87,94994515.95
Japan,Asia,2022-01-05,126476458,1937.32,3643769.58,12.35,43891.22,49976.47,95044492.42
Japan,Asia,2022-01-06,126476458,2232.68,3646002.26,28.55,43919.78,49319.09,95093811.51
Japan,Asia,2022-01-07,126476458,1889.55,3647891.8,16.35,43936.13,48669.67,95142481.18
Japan,Asia,2022-01-08,126476458,1412.0,3649303.8,29.99,43966.12,48028.12,95190509.3
Japan,Asia,2022-01-09,126476458,2048.99,3651352.78,11.74,43977.86,47394.37,95237903.67
Japan,Asia,2022-01-10,126476458,1139.15,3652491.94,16.75,43994.6,46768.34,95284672.0
Japan,Asia,2022-01-11,126476458,1760.33,3654252.27,14.13,44008.73,46149.95,95330821.95
Japan,Asia,2022-01-12,126476458,1478.17,3655730.44,17.66,44026.4,45539.13,95376361.08
Japan,Asia,2022-01-13,126476458,1408.15,3657138.59,22.23,44048.62,44935.8,95421296.88
Japan,Asia,2022-01-14,126476458,1578.56,3658717.15,27.12,44075.74,44339.89,95465636.77
Japan,Asia,2022-01-15,126476458,1224.51,3659941.66,14.21,44089.95,43751.32,95509388.09
Japan,Asia,2022-01-16,126476458,1607.45,3661549.11,25.38,44115.33,43170.01,95552558.1
Japan,Asia,2022-01-17,126476458,1404.48,3662953.59,11.55,44126.88,42595.9,95595154.0
Japan,Asia,2022-01-18,126476458,1125.97,3664079.56,15.48,44142.36,42028.9,95637182.91
Japan,Asia,2022-01-19,126476458,1768.79,3665848.35,29.24,44171.6,41468.95,95678651.85
Japan,Asia,2022-01-20,126476458,1331.49,3667179.84,18.63,44190.24,40915.96,95719567.81
Japan,Asia,2022-01-21,126476458,1440.95,3668620.79,13.06,44203.29,40369.87,95759937.69
Japan,Asia,2022-01-22,126476458,1677.29,3670298.08,17.9,44221.19,39830.6,95799768.29
Japan,Asia,2022-01-23,126476458,1633.8,3671931.88,27.73,44248.92,39298.09,95839066.37
Japan,Asia,2022-01-24,126476458,1309.85,3673241.73,6.98,44255.9,38772.25,95877838.62
Japan,Asia,2022-01-25,126476458,965.1,3674206.83,4.03,44259.93,38253.01,95916091.63
Japan,Asia,2022-01-26,126476458,535.65,3674742.48,11.24,44271.17,37740.32,95953831.95
Japan,Asia,2022-01-27,126476458,1074.3,3675816.78,9.38,44280.55,37234.08,95991066.03
Japan,Asia,2022-01-28,126476458,1351.85,3677168.63,4.6,44285.15,36734.25,96027800.28
Japan,Asia,2022-01-29,126476458,1060.42,3678229.05,23.53,44308.68,36240.73,96064041.01
Japan,Asia,2022-01-30,126476458,0.0,3678229.05,0.0,44308.68,35753.47,96099794.48
Japan,Asia,2022-01-31,126476458,1178.81,3679407.87,12.55,44321.23,35272.4,96135066.88
United Kingdom,Europe,2020-02-01,67886004,0.0,0.0,2.78,2.78,0.0,0.0
United Kingdom,Europe,2020-02-02,67886004,31.03,31.03,0.0,2.78,0.0,0.0
United Kingdom,Europe,2020-02-03,67886004,40.6,71.63,15.81,18.59,0.0,0.0
United Kingdom,Europe,2020-02-04,67886004,22.48,94.11,0.0,18.59,0.0,0.0
United Kingdom,Europe,2020-02-05,67886004,0.0,94.11,0.03,18.63,0.0,0.0
United Kingdom,Europe,2020-02-06,67886004,0.0,94.11,0.12,18.75,0.0,0.0
United Kingdom,Europe,2020-02-07,67886004,0.0,94.11,3.22,21.97,0.0,0.0
United Kingdom,Europe,2020-02-08,67886004,114.86,208.96,0.0,21.97,0.0,0.0
United Kingdom,Europe,2020-02-09,67886004,169.45,378.41,4.55,26.52,0.0,0.0
United Kingdom,Europe,2020-02-10,67886004,171.71,550.12,0.71,27.23,0.0,0.0
United Kingdom,Europe,2020-02-11,67886004,0.0,550.12,0.0,27.23,0.0,0.0
United Kingdom,Europe,2020-02-12,67886004,0.0,550.12,0.08,27.3,0.0,0.0
United Kingdom,Europe,2020-02-13,67886004,0.0,550.12,0.0,27.3,0.0,0.0
United Kingdom,Europe,2020-02-14,67886004,319.04,869.17,0.0,27.3,0.0,0.0
United Kingdom,Europe,2020-02-15,67886004,0.0,869.17,1.09,28.4,0.0,0.0
United Kingdom,Europe,2020-02-16,67886004,0.0,869.17,3.9,32.3,0.0,0.0
United Kingdom,Europe,2020-02-17,67886004,448.01,1317.18,9.59,41.89,0.0,0.0
United Kingdom,Europe,2020-02-18,67886004,381.97,1699.14,9.12,51.01,0.0,0.0
United Kingdom,Europe,2020-02-19,67886004,75.67,1774.82,0.0,51.01,0.0,0.0
United Kingdom,Europe,2020-02-20,67886004,0.0,1774.82,0.0,51.01,0.0,0.0
United Kingdom,Europe,2020-02-21,67886004,46.72,1821.54,16.35,67.36,0.0,0.0
United Kingdom,Europe,2020-02-22,67886004,164.99,1986.53,0.0,67.36,0.0,0.0
United Kingdom,Europe,2020-02-23,67886004,620.63,2607.16,12.33,79.7,0.0,0.0
United Kingdom,Europe,2020-02-24,67886004,257.79,2864.96,0.0,79.7,0.0,0.0
United Kingdom,Europe,2020-02-25,67886004,381.57,3246.53,5.22,84.91,0.0,0.0
United Kingdom,Europe,2020-02-26,67886004,543.96,3790.49,1.46,86.37,0.0,0.0
United Kingdom,Europe,2020-02-27,67886004,0.0,3790.49,4.49,90.87,0.0,0.0
United Kingdom,Europe,2020-02-28,67886004,414.49,4204.97,6.07,96.93,0.0,0.0
United Kingdom,Europe,2020-02-29,67886004,55.54,4260.51,0.0,96.93,0.0,0.0
United Kingdom,Europe,2020-03-01,67886004,0.0,4260.51,0.0,96.93,0.0,0.0
United Kingdom,Europe,2020-03-02,67886004,0.0,4260.51,2.14,99.08,0.0,0.0
United Kingdom,Europe,2020-03-03,67886004,0.0,4260.51,0.0,99.08,0.0,0.0
United Kingdom,Europe,2020-03-04,67886004,382.08,4642.59,8.0,107.08,0.0,0.0
United Kingdom,Europe,2020-03-05,67886004,246.46,4889.04,23.97,131.05,0.0,0.0
United Kingdom,Europe,2020-03-06,67886004,282.11,5171.15,14.19,145.24,0.0,0.0
United Kingdom,Europe,2020-03-07,67886004,911.84,6082.99,16.69,161.93,0.0,0.0
United Kingdom,Europe,2020-03-08,67886004,0.0,6082.99,0.0,161.93,0.0,0.0
United Kingdom,Europe,2020-03-09,67886004,243.81,6326.8,0.0,161.93,0.0,0.0
United Kingdom,Europe,2020-03-10,67886004,372.96,6699.76,0.0,161.93,0.0,0.0
United Kingdom,Europe,2020-03-11,67886004,22.26,6722.02,10.53,172.46,0.0,0.0
United Kingdom,Europe,2020-03-12,67886004,303.98,7026.0,0.0,172.46,0.0,0.0
United Kingdom,Europe,2020-03-13,67886004,0.0,7026.0,0.0,172.46,0.0,0.0
United Kingdom,Europe,2020-03-14,67886004,817.54,7843.54,8.49,180.94,0.0,0.0
United Kingdom,Europe,2020-03-15,67886004,101.43,7944.96,0.0,180.94,0.0,0.0
United Kingdom,Europe,2020-03-16,67886004,1067.54,9012.5,3.0,183.94,0.0,0.0
United Kingdom,Europe,2020-03-17,67886004,362.4,9374.9,3.94,187.88,0.0,0.0
United Kingdom,Europe,2020-03-18,67886004,751.47,10126.37,1.89,189.77,0.0,0.0
United Kingdom,Europe,2020-03-19,67886004,391.57,10517.94,0.0,189.77,0.0,0.0
United Kingdom,Europe,2020-03-20,67886004,418.74,10936.68,0.0,189.77,0.0,0.0
United Kingdom,Europe,2020-03-21,67886004,245.09,11181.77,7.12,196.89,0.0,0.0
United Kingdom,Europe,2020-03-22,67886004,511.94,11693.7,4.29,201.17,0.0,0.0
United Kingdom,Europe,2020-03-23,67886004,603.04,12296.74,5.81,206.98,0.0,0.0
United Kingdom,Europe,2020-03-24,67886004,239.52,12536.26,7.65,214.63,0.0,0.0
United Kingdom,Europe,2020-03-25,67886004,493.3,13029.57,4.78,219.42,0.0,0.0
United Kingdom,Europe,2020-03-26,67886004,347.4,13376.97,1.94,221.36,0.0,0.0
United Kingdom,Europe,2020-03-27,67886004,1390.5,14767.47,20.45,241.81,0.0,0.0
United Kingdom,Europe,2020-03-28,67886004,579.74,15347.21,12.3,254.11,0.0,0.0
United Kingdom,Europe,2020-03-29,67886004,1178.35,16525.56,12.96,267.07,0.0,0.0
United Kingdom,Europe,2020-03-30,67886004,596.3,17121.86,7.8,274.87,0.0,0.0
United Kingdom,Europe,2020-03-31,67886004,783.64,17905.5,3.15,278.02,0.0,0.0
United Kingdom,Europe,2020-04-01,67886004,259.43,18164.93,0.0,278.02,0.0,0.0
United Kingdom,Europe,2020-04-02,67886004,595.36,18760.3,13.3,291.32,0.0,0.0
United Kingdom,Europe,2020-04-03,67886004,856.38,19616.68,13.84,305.16,0.0,0.0
United Kingdom,Europe,2020-04-04,67886004,1369.58,20986.25,20.08,325.23,0.0,0.0
United Kingdom,Europe,2020-04-05,67886004,924.9,21911.15,13.35,338.58,0.0,0.0
United Kingdom,Europe,2020-04-06,67886004,1365.19,23276.35,16.75,355.33,0.0,0.0
United Kingdom,Europe,2020-04-07,67886004,1139.8,24416.15,19.25,374.58,0.0,0.0
United Kingdom,Europe,2020-04-08,67886004,1520.76,25936.91,25.73,400.31,0.0,0.0
United Kingdom,Europe,2020-04-09,67886004,967.12,26904.02,18.9,419.21,0.0,0.0
United Kingdom,Europe,2020-04-10,67886004,1861.96,28765.99,21.54,440.74,0.0,0.0
United Kingdom,Europe,2020-04-11,67886004,894.09,29660.08,21.83,462.57,0.0,0.0
United Kingdom,Europe,2020-04-12,67886004,835.32,30495.41,11.85,474.42,0.0,0.0
United Kingdom,Europe,2020-04-13,67886004,720.68,31216.08,13.71,488.13,0.0,0.0
United Kingdom,Europe,2020-04-14,67886004,2001.68,33217.76,26.28,514.4,0.0,0.0
United Kingdom,Europe,2020-04-15,67886004,1515.26,34733.02,20.16,534.56,0.0,0.0
United Kingdom,Europe,2020-04-16,67886004,1155.16,35888.18,7.98,542.54,0.0,0.0
United Kingdom,Europe,2020-04-17,67886004,1753.92,37642.1,26.66,569.2,0.0,0.0
United Kingdom,Europe,2020-04-18,67886004,1603.13,39245.23,42.0,611.2,0.0,0.0
United Kingdom,Europe,2020-04-19,67886004,2097.27,41342.51,22.17,633.37,0.0,0.0
United Kingdom,Europe,2020-04-20,67886004,915.08,42257.59,11.55,644.91,0.0,0.0
United Kingdom,Europe,2020-04-21,67886004,1412.64,43670.22,13.38,658.3,0.0,0.0
United Kingdom,Europe,2020-04-22,67886004,1393.32,45063.54,12.82,671.11,0.0,0.0
United Kingdom,Europe,2020-04-23,67886004,915.08,45978.63,23.34,694.45,0.0,0.0
United Kingdom,Europe,2020-04-24,67886004,2028.64,48007.26,18.96,713.41,0.0,0.0
United Kingdom,Europe,2020-04-25,67886004,1615.5,49622.76,15.59,729.0,0.0,0.0
United Kingdom,Europe,2020-04-26,67886004,2022.57,51645.33,11.57,740.57,0.0,0.0
United Kingdom,Europe,2020-04-27,67886004,2644.13,54289.46,25.67,766.24,0.0,0.0
United Kingdom,Europe,2020-04-28,67886004,1749.99,56039.45,7.33,773.57,0.0,0.0
United Kingdom,Europe,2020-04-29,67886004,1782.55,57822.01,26.45,800.02,0.0,0.0
United Kingdom,Europe,2020-04-30,67886004,2028.7,59850.71,46.74,846.76,0.0,0.0
United Kingdom,Europe,2020-05-01,67886004,2390.78,62241.49,25.76,872.52,0.0,0.0
United Kingdom,Europe,2020-05-02,67886004,1905.81,64147.31,9.54,882.05,0.0,0.0
United Kingdom,Europe,2020-05-03,67886004,1943.06,66090.37,30.52,912.57,0.0,0.0
United Kingdom,Europe,2020-05-04,67886004,2594.44,68684.81,25.32,937.89,0.0,0.0
United Kingdom,Europe,2020-05-05,67886004,2418.24,71103.05,39.41,977.3,0.0,0.0
United Kingdom,Europe,2020-05-06,67886004,1632.08,72735.13,17.33,994.63,0.0,0.0
United Kingdom,Europe,2020-05-07,67886004,1981.57,74716.7,18.72,1013.35,0.0,0.0
United Kingdom,Europe,2020-05-08,67886004,2999.29,77715.99,34.57,1047.92,0.0,0.0
United Kingdom,Europe,2020-05-09,67886004,2678.56,80394.55,38.2,1086.13,0.0,0.0
United Kingdom,Europe,2020-05-10,67886004,2335.75,82730.3,26.21,1112.34,0.0,0.0
United Kingdom,Europe,2020-05-11,67886004,2608.07,85338.36,27.32,1139.66,0.0,0.0
United Kingdom,Europe,2020-05-12,67886004,2738.06,88076.42,31.27,1170.93,0.0,0.0
United Kingdom,Europe,2020-05-13,67886004,3057.13,91133.55,26.51,1197.44,0.0,0.0
United Kingdom,Europe,2020-05-14,67886004,2390.87,93524.42,31.87,1229.3,0.0,0.0
United Kingdom,Europe,2020-05-15,67886004,2638.96,96163.39,17.37,1246.68,0.0,0.0
United Kingdom,Europe,2020-05-16,67886004,3096.21,99259.6,33.6,1280.28,0.0,0.0
United Kingdom,Europe,2020-05-17,67886004,3033.42,102293.02,42.48,1322.75,0.0,0.0
United Kingdom,Europe,2020-05-18,67886004,3336.46,105629.47,42.46,1365.22,0.0,0.0
United Kingdom,Europe,2020-05-19,67886004,2774.12,108403.6,38.01,1403.23,0.0,0.0
United Kingdom,Europe,2020-05-20,67886004,3397.75,111801.34,40.25,1443.48,0.0,0.0
United Kingdom,Europe,2020-05-21,67886004,3723.21,115524.55,54.04,1497.52,0.0,0.0
United Kingdom,Europe,2020-05-22,67886004,3579.99,119104.55,50.36,1547.88,0.0,0.0
United Kingdom,Europe,2020-05-23,67886004,3526.74,122631.29,45.89,1593.77,0.0,0.0
United Kingdom,Europe,2020-05-24,67886004,3512.88,126144.17,49.57,1643.34,0.0,0.0
United Kingdom,Europe,2020-05-25,67886004,3322.51,129466.67,45.87,1689.21,0.0,0.0
United Kingdom,Europe,2020-05-26,67886004,3657.6,133124.27,40.38,1729.59,0.0,0.0
United Kingdom,Europe,2020-05-27,67886004,4191.55,137315.82,39.55,1769.14,0.0,0.0
United Kingdom,Europe,2020-05-28,67886004,3776.56,141092.39,48.68,1817.82,0.0,0.0
United Kingdom,Europe,2020-05-29,67886004,3574.01,144666.4,47.26,1865.08,0.0,0.0
United Kingdom,Europe,2020-05-30,67886004,3779.96,148446.35,54.08,1919.16,0.0,0.0
United Kingdom,Europe,2020-05-31,67886004,4088.88,152535.23,41.58,1960.73,0.0,0.0
United Kingdom,Europe,2020-06-01,67886004,3953.65,156488.88,40.19,2000.93,0.0,0.0
United Kingdom,Europe,2020-06-02,67886004,4319.44,160808.32,55.51,2056.44,0.0,0.0
United Kingdom,Europe,2020-06-03,67886004,4397.13,165205.45,52.2,2108.64,0.0,0.0
United Kingdom,Europe,2020-06-04,67886004,4589.11,169794.56,39.98,2148.62,0.0,0.0
United Kingdom,Europe,2020-06-05,67886004,4839.27,174633.83,61.07,2209.69,0.0,0.0
United Kingdom,Europe,2020-06-06,67886004,4751.79,179385.62,42.2,2251.89,0.0,0.0
United Kingdom,Europe,2020-06-07,67886004,4137.57,183523.19,42.09,2293.98,0.0,0.0
United Kingdom,Europe,2020-06-08,67886004,4208.68,187731.87,61.32,2355.3,0.0,0.0
United Kingdom,Europe,2020-06-09,67886004,4557.73,192289.6,69.29,2424.59,0.0,0.0
United Kingdom,Europe,2020-06-10,67886004,4484.6,196774.2,44.09,2468.68,0.0,0.0
United Kingdom,Europe,2020-06-11,67886004,4301.21,201075.41,48.98,2517.66,0.0,0.0
United Kingdom,Europe,2020-06-12,67886004,4600.95,205676.36,55.55,2573.21,0.0,0.0
United Kingdom,Europe,2020-06-13,67886004,4644.13,210320.49,69.98,2643.19,0.0,0.0
United Kingdom,Europe,2020-06-14,67886004,4628.42,214948.92,51.6,2694.79,0.0,0.0
United Kingdom,Europe,2020-06-15,67886004,4805.04,219753.95,53.85,2748.64,0.0,0.0
United Kingdom,Europe,2020-06-16,67886004,5378.59,225132.55,76.93,2825.57,0.0,0.0
United Kingdom,Europe,2020-06-17,67886004,5084.97,230217.52,58.02,2883.59,0.0,0.0
United Kingdom,Europe,2020-06-18,67886004,5927.96,236145.48,76.91,2960.5,0.0,0.0
United Kingdom,Europe,2020-06-19,67886004,5168.51,241313.99,50.21,3010.71,0.0,0.0
United Kingdom,Europe,2020-06-20,67886004,5051.71,246365.69,59.25,3069.96,0.0,0.0
United Kingdom,Europe,2020-06-21,67886004,5197.4,251563.1,49.09,3119.05,0.0,0.0
United Kingdom,Europe,2020-06-22,67886004,5326.75,256889.85,55.48,3174.53,0.0,0.0
United Kingdom,Europe,2020-06-23,67886004,5428.59,262318.44,71.86,3246.39,0.0,0.0
United Kingdom,Europe,2020-06-24,67886004,6040.58,268359.02,72.09,3318.47,0.0,0.0
United Kingdom,Europe,2020-06-25,67886004,5053.52,273412.55,58.09,3376.56,0.0,0.0
United Kingdom,Europe,2020-06-26,67886004,5683.84,279096.39,62.22,3438.78,0.0,0.0
United Kingdom,Europe,2020-06-27,67886004,5487.78,284584.17,64.09,3502.87,0.0,0.0
United Kingdom,Europe,2020-06-28,67886004,4895.15,289479.31,61.15,3564.02,0.0,0.0
United Kingdom,Europe,2020-06-29,67886004,5742.78,295222.1,76.78,3640.79,0.0,0.0
United Kingdom,Europe,2020-06-30,67886004,5942.73,301164.83,50.31,3691.11,0.0,0.0
United Kingdom,Europe,2020-07-01,67886004,5223.07,306387.9,56.02,3747.13,0.0,0.0
United Kingdom,Europe,2020-07-02,67886004,5541.95,311929.85,67.78,3814.9,0.0,0.0
United Kingdom,Europe,2020-07-03,67886004,4961.15,316891.0,58.74,3873.65,0.0,0.0
United Kingdom,Europe,2020-07-04,67886004,5142.33,322033.32,64.93,3938.58,0.0,0.0
United Kingdom,Europe,2020-07-05,67886004,5965.53,327998.85,73.73,4012.31,0.0,0.0
United Kingdom,Europe,2020-07-06,67886004,5449.2,333448.06,62.95,4075.26,0.0,0.0
United Kingdom,Europe,2020-07-07,67886004,5236.01,338684.06,58.62,4133.88,0.0,0.0
United Kingdom,Europe,2020-07-08,67886004,5713.94,344398.01,66.6,4200.48,0.0,0.0
United Kingdom,Europe,2020-07-09,67886004,5458.24,349856.25,74.69,4275.17,0.0,0.0
United Kingdom,Europe,2020-07-10,67886004,5481.65,355337.89,59.92,4335.09,0.0,0.0
United Kingdom,Europe,2020-07-11,67886004,5908.47,361246.36,70.4,4405.49,0.0,0.0
United Kingdom,Europe,2020-07-12,67886004,5244.28,366490.64,64.4,4469.89,0.0,0.0
United Kingdom,Europe,2020-07-13,67886004,5333.12,371823.76,76.48,4546.37,0.0,0.0
United Kingdom,Europe,2020-07-14,67886004,5700.98,377524.74,66.01,4612.38,0.0,0.0
United Kingdom,Europe,2020-07-15,67886004,5981.35,383506.09,79.45,4691.83,0.0,0.0
United Kingdom,Europe,2020-07-16,67886004,6068.4,389574.49,82.68,4774.5,0.0,0.0
United Kingdom,Europe,2020-07-17,67886004,5393.26,394967.75,64.21,4838.71,0.0,0.0
United Kingdom,Europe,2020-07-18,67886004,5943.12,400910.87,69.63,4908.34,0.0,0.0
United Kingdom,Europe,2020-07-19,67886004,5327.64,406238.51,61.3,4969.64,0.0,0.0
United Kingdom,Europe,2020-07-20,67886004,6226.41,412464.92,72.67,5042.31,0.0,0.0
United Kingdom,Europe,2020-07-21,67886004,5173.66,417638.58,68.92,5111.23,0.0,0.0
United Kingdom,Europe,2020-07-22,67886004,6016.85,423655.43,74.05,5185.28,0.0,0.0
United Kingdom,Europe,2020-07-23,67886004,5301.7,428957.13,65.5,5250.78,0.0,0.0
United Kingdom,Europe,2020-07-24,67886004,6213.92,435171.04,65.57,5316.35,0.0,0.0
United Kingdom,Europe,2020-07-25,67886004,5692.32,440863.36,60.57,5376.92,0.0,0.0
United Kingdom,Europe,2020-07-26,67886004,5104.15,445967.52,78.4,5455.32,0.0,0.0
United Kingdom,Europe,2020-07-27,67886004,5249.73,451217.25,61.57,5516.89,0.0,0.0
United Kingdom,Europe,2020-07-28,67886004,5677.1,456894.35,61.93,5578.82,0.0,0.0
United Kingdom,Europe,2020-07-29,67886004,5741.75,462636.09,80.35,5659.17,0.0,0.0
United Kingdom,Europe,2020-07-30,67886004,5316.72,467952.82,66.06,5725.22,0.0,0.0
United Kingdom,Europe,2020-07-31,67886004,5323.83,473276.64,68.51,5793.73,0.0,0.0
United Kingdom,Europe,2020-08-01,67886004,5538.98,478815.62,65.36,5859.1,0.0,0.0
United Kingdom,Europe,2020-08-02,67886004,5283.73,484099.34,60.86,5919.95,0.0,0.0
United Kingdom,Europe,2020-08-03,67886004,4747.67,488847.01,55.62,5975.57,0.0,0.0
United Kingdom,Europe,2020-08-04,67886004,4877.46,493724.47,47.47,6023.03,0.0,0.0
United Kingdom,Europe,2020-08-05,67886004,5204.78,498929.25,61.75,6084.79,0.0,0.0
United Kingdom,Europe,2020-08-06,67886004,5507.33,504436.59,68.46,6153.24,0.0,0.0
United Kingdom,Europe,2020-08-07,67886004,5605.94,510042.53,82.08,6235.32,0.0,0.0
United Kingdom,Europe,2020-08-08,67886004,5270.7,515313.23,63.94,6299.26,0.0,0.0
United Kingdom,Europe,2020-08-09,67886004,5055.07,520368.3,41.99,6341.24,0.0,0.0
United Kingdom,Europe,2020-08-10,67886004,5172.47,525540.76,61.32,6402.56,0.0,0.0
United Kingdom,Europe,2020-08-11,67886004,4632.17,530172.94,77.5,6480.06,0.0,0.0
United Kingdom,Europe,2020-08-12,67886004,4766.41,534939.34,64.13,6544.19,0.0,0.0
United Kingdom,Europe,2020-08-13,67886004,4485.52,539424.86,47.34,6591.53,0.0,0.0
United Kingdom,Europe,2020-08-14,67886004,4290.32,543715.18,56.21,6647.74,0.0,0.0
United Kingdom,Europe,2020-08-15,67886004,4797.11,548512.3,51.63,6699.37,0.0,0.0
United Kingdom,Europe,2020-08-16,67886004,4697.93,553210.23,45.54,6744.92,0.0,0.0
United Kingdom,Europe,2020-08-17,67886004,4826.01,558036.24,55.13,6800.04,0.0,0.0
United Kingdom,Europe,2020-08-18,67886004,4728.59,562764.83,57.48,6857.52,0.0,0.0
United Kingdom,Europe,2020-08-19,67886004,4574.34,567339.17,39.91,6897.43,0.0,0.0
United Kingdom,Europe,2020-08-20,67886004,4636.13,571975.3,46.44,6943.87,0.0,0.0
United Kingdom,Europe,2020-08-21,67886004,4378.26,576353.56,52.62,6996.49,0.0,0.0
United Kingdom,Europe,2020-08-22,67886004,4489.66,580843.22,50.61,7047.1,0.0,0.0
United Kingdom,Europe,2020-08-23,67886004,4043.08,584886.3,51.68,7098.78,0.0,0.0
United Kingdom,Europe,2020-08-24,67886004,4378.91,589265.21,42.83,7141.61,0.0,0.0
United Kingdom,Europe,2020-08-25,67886004,4436.01,593701.22,58.95,7200.55,0.0,0.0
United Kingdom,Europe,2020-08-26,67886004,3920.57,597621.79,37.58,7238.13,0.0,0.0
United Kingdom,Europe,2020-08-27,67886004,4126.39,601748.17,62.66,7300.79,0.0,0.0
United Kingdom,Europe,2020-08-28,67886004,3843.74,605591.91,32.4,7333.19,0.0,0.0
United Kingdom,Europe,2020-08-29,67886004,3832.01,609423.92,37.24,7370.43,0.0,0.0
United Kingdom,Europe,2020-08-30,67886004,3577.44,613001.36,46.27,7416.7,0.0,0.0
United Kingdom,Europe,2020-08-31,67886004,4369.71,617371.07,65.75,7482.45,0.0,0.0
United Kingdom,Europe,2020-09-01,67886004,4255.92,621626.98,53.59,7536.04,0.0,0.0
United Kingdom,Europe,2020-09-02,67886004,4028.03,625655.02,52.84,7588.88,0.0,0.0
United Kingdom,Europe,2020-09-03,67886004,4488.03,630143.04,54.0,7642.88,0.0,0.0
United Kingdom,Europe,2020-09-04,67886004,3690.23,633833.27,36.07,7678.95,0.0,0.0
United Kingdom,Europe,2020-09-05,67886004,4777.22,638610.49,53.41,7732.36,0.0,0.0
United Kingdom,Europe,2020-09-06,67886004,3597.08,642207.56,33.47,7765.82,0.0,0.0
United Kingdom,Europe,2020-09-07,67886004,3727.67,645935.24,34.5,7800.33,0.0,0.0
United Kingdom,Europe,2020-09-08,67886004,3461.85,649397.09,44.76,7845.08,0.0,0.0
United Kingdom,Europe,2020-09-09,67886004,3695.23,653092.32,35.36,7880.44,0.0,0.0
United Kingdom,Europe,2020-09-10,67886004,3822.38,656914.7,48.42,7928.87,0.0,0.0
United Kingdom,Europe,2020-09-11,67886004,3456.24,660370.94,31.06,7959.93,0.0,0.0
United Kingdom,Europe,2020-09-12,67886004,4085.41,664456.35,51.4,8011.32,0.0,0.0
United Kingdom,Europe,2020-09-13,67886004,3515.98,667972.33,38.28,8049.6,0.0,0.0
United Kingdom,Europe,2020-09-14,67886004,3496.98,671469.3,53.22,8102.82,0.0,0.0
United Kingdom,Europe,2020-09-15,67886004,3055.53,674524.83,39.26,8142.08,0.0,0.0
United Kingdom,Europe,2020-09-16,67886004,3492.9,678017.73,51.8,8193.88,0.0,0.0
United Kingdom,Europe,2020-09-17,67886004,3273.66,681291.39,33.24,8227.12,0.0,0.0
United Kingdom,Europe,2020-09-18,67886004,3083.25,684374.64,37.45,8264.56,0.0,0.0
United Kingdom,Europe,2020-09-19,67886004,3001.39,687376.03,28.17,8292.73,0.0,0.0
United Kingdom,Europe,2020-09-20,67886004,4186.75,691562.78,46.93,8339.66,0.0,0.0
United Kingdom,Europe,2020-09-21,67886004,3139.39,694702.16,35.58,8375.24,0.0,0.0
United Kingdom,Europe,2020-09-22,67886004,2703.13,697405.29,26.63,8401.87,0.0,0.0
United Kingdom,Europe,2020-09-23,67886004,2951.68,700356.97,25.7,8427.57,0.0,0.0
United Kingdom,Europe,2020-09-24,67886004,3162.52,703519.49,26.64,8454.21,0.0,0.0
United Kingdom,Europe,2020-09-25,67886004,3357.95,706877.44,21.58,8475.79,0.0,0.0
United Kingdom,Europe,2020-09-26,67886004,3348.39,710225.83,31.73,8507.52,0.0,0.0
United Kingdom,Europe,2020-09-27,67886004,3380.16,713605.99,45.58,8553.1,0.0,0.0
United Kingdom,Europe,2020-09-28,67886004,2908.33,716514.32,22.11,8575.21,0.0,0.0
United Kingdom,Europe,2020-09-29,67886004,3245.42,719759.74,28.0,8603.21,0.0,0.0
United Kingdom,Europe,2020-09-30,67886004,2813.44,722573.18,48.09,8651.3,0.0,0.0
United Kingdom,Europe,2020-10-01,67886004,2898.51,725471.69,29.69,8680.99,0.0,0.0
United Kingdom,Europe,2020-10-02,67886004,2791.06,728262.75,36.06,8717.05,0.0,0.0
United Kingdom,Europe,2020-10-03,67886004,2694.72,730957.47,37.48,8754.53,0.0,0.0
United Kingdom,Europe,2020-10-04,67886004,3483.05,734440.52,47.1,8801.62,0.0,0.0
United Kingdom,Europe,2020-10-05,67886004,3353.02,737793.55,28.06,8829.68,0.0,0.0
United Kingdom,Europe,2020-10-06,67886004,3456.76,741250.31,39.63,8869.31,0.0,0.0
United Kingdom,Europe,2020-10-07,67886004,3133.09,744383.4,24.65,8893.96,0.0,0.0
United Kingdom,Europe,2020-10-08,67886004,3397.08,747780.48,60.34,8954.3,0.0,0.0
United Kingdom,Europe,2020-10-09,67886004,2516.05,750296.53,17.43,8971.73,0.0,0.0
United Kingdom,Europe,2020-10-10,67886004,3443.3,753739.83,32.94,9004.67,0.0,0.0
United Kingdom,Europe,2020-10-11,67886004,3213.34,756953.17,30.24,9034.91,0.0,0.0
United Kingdom,Europe,2020-10-12,67886004,3382.33,760335.49,28.61,9063.52,0.0,0.0
United Kingdom,Europe,2020-10-13,67886004,3308.69,763644.18,50.52,9114.05,0.0,0.0
United Kingdom,Europe,2020-10-14,67886004,2844.37,766488.55,53.51,9167.56,0.0,0.0
United Kingdom,Europe,2020-10-15,67886004,2680.97,769169.52,28.37,9195.92,0.0,0.0
United Kingdom,Europe,2020-10-16,67886004,2972.77,772142.29,25.11,9221.03,0.0,0.0
United Kingdom,Europe,2020-10-17,67886004,3437.64,775579.93,23.36,9244.39,0.0,0.0
United Kingdom,Europe,2020-10-18,67886004,3500.58,779080.51,40.05,9284.44,0.0,0.0
United Kingdom,Europe,2020-10-19,67886004,2800.55,781881.06,31.08,9315.52,0.0,0.0
United Kingdom,Europe,2020-10-20,67886004,2957.35,784838.41,30.28,9345.8,0.0,0.0
United Kingdom,Europe,2020-10-21,67886004,3070.09,787908.5,38.61,9384.41,0.0,0.0
United Kingdom,Europe,2020-10-22,67886004,3221.7,791130.2,41.82,9426.23,0.0,0.0
United Kingdom,Europe,2020-10-23,67886004,2894.59,794024.79,37.32,9463.55,0.0,0.0
United Kingdom,Europe,2020-10-24,67886004,2899.1,796923.89,32.26,9495.81,0.0,0.0
United Kingdom,Europe,2020-10-25,67886004,3135.61,800059.5,28.81,9524.62,0.0,0.0
United Kingdom,Europe,2020-10-26,67886004,3480.76,803540.27,47.1,9571.72,0.0,0.0
United Kingdom,Europe,2020-10-27,67886004,3065.53,806605.8,36.89,9608.61,0.0,0.0
United Kingdom,Europe,2020-10-28,67886004,3467.17,810072.96,48.71,9657.32,0.0,0.0
United Kingdom,Europe,2020-10-29,67886004,3907.9,813980.87,53.22,9710.54,0.0,0.0
United Kingdom,Europe,2020-10-30,67886004,3112.21,817093.07,25.97,9736.51,0.0,0.0
United Kingdom,Europe,2020-10-31,67886004,3526.66,820619.73,30.85,9767.35,0.0,0.0
United Kingdom,Europe,2020-11-01,67886004,3989.28,824609.01,41.83,9809.18,0.0,0.0
United Kingdom,Europe,2020-11-02,67886004,3516.49,828125.5,33.75,9842.93,0.0,0.0
United Kingdom,Europe,2020-11-03,67886004,3494.89,831620.39,47.98,9890.91,0.0,0.0
United Kingdom,Europe,2020-11-04,67886004,4136.17,835756.55,52.44,9943.35,0.0,0.0
United Kingdom,Europe,2020-11-05,67886004,3655.47,839412.02,52.66,9996.01,0.0,0.0
United Kingdom,Europe,2020-11-06,67886004,4183.29,843595.3,53.37,10049.38,0.0,0.0
United Kingdom,Europe,2020-11-07,67886004,3981.26,847576.56,49.44,10098.83,0.0,0.0
United Kingdom,Europe,2020-11-08,67886004,3745.82,851322.38,54.55,10153.38,0.0,0.0
United Kingdom,Europe,2020-11-09,67886004,4068.63,855391.01,52.58,10205.96,0.0,0.0
United Kingdom,Europe,2020-11-10,67886004,4048.02,859439.03,49.12,10255.08,0.0,0.0
United Kingdom,Europe,2020-11-11,67886004,4328.42,863767.45,63.78,10318.86,0.0,0.0
United Kingdom,Europe,2020-11-12,67886004,3814.54,867581.99,46.7,10365.56,0.0,0.0
United Kingdom,Europe,2020-11-13,67886004,4056.27,871638.26,46.24,10411.8,0.0,0.0
United Kingdom,Europe,2020-11-14,67886004,4055.71,875693.97,41.97,10453.77,0.0,0.0
United Kingdom,Europe,2020-11-15,67886004,4359.02,880052.99,57.93,10511.7,0.0,0.0
United Kingdom,Europe,2020-11-16,67886004,3788.99,883841.98,55.36,10567.06,0.0,0.0
United Kingdom,Europe,2020-11-17,67886004,4538.84,888380.82,54.06,10621.12,0.0,0.0
United Kingdom,Europe,2020-11-18,67886004,4381.01,892761.83,63.04,10684.16,0.0,0.0
United Kingdom,Europe,2020-11-19,67886004,3791.53,896553.36,29.74,10713.9,0.0,0.0
United Kingdom,Europe,2020-11-20,67886004,4709.72,901263.07,56.07,10769.97,0.0,0.0
United Kingdom,Europe,2020-11-21,67886004,5102.8,906365.88,60.91,10830.88,0.0,0.0
United Kingdom,Europe,2020-11-22,67886004,4705.19,911071.06,50.65,10881.53,0.0,0.0
United Kingdom,Europe,2020-11-23,67886004,4887.24,915958.31,77.72,10959.25,0.0,0.0
United Kingdom,Europe,2020-11-24,67886004,4450.47,920408.78,52.88,11012.12,0.0,0.0
United Kingdom,Europe,2020-11-25,67886004,3871.36,924280.14,43.19,11055.32,0.0,0.0
United Kingdom,Europe,2020-11-26,67886004,3839.19,928119.33,46.28,11101.6,0.0,0.0
United Kingdom,Europe,2020-11-27,67886004,4605.07,932724.41,39.24,11140.83,0.0,0.0
United Kingdom,Europe,2020-11-28,67886004,4339.14,937063.55,45.99,11186.83,0.0,0.0
United Kingdom,Europe,2020-11-29,67886004,4256.1,941319.65,58.94,11245.76,0.0,0.0
United Kingdom,Europe,2020-11-30,67886004,4583.41,945903.06,49.97,11295.73,0.0,0.0
United Kingdom,Europe,2020-12-01,67886004,4849.25,950752.32,51.56,11347.29,0.0,0.0
United Kingdom,Europe,2020-12-02,67886004,4152.98,954905.3,60.31,11407.61,0.0,0.0
United Kingdom,Europe,2020-12-03,67886004,4531.18,959436.48,65.1,11472.7,0.0,0.0
United Kingdom,Europe,2020-12-04,67886004,5242.73,964679.21,67.05,11539.75,0.0,0.0
United Kingdom,Europe,2020-12-05,67886004,4363.04,969042.25,48.72,11588.47,0.0,0.0
United Kingdom,Europe,2020-12-06,67886004,5068.0,974110.25,58.9,11647.37,0.0,0.0
United Kingdom,Europe,2020-12-07,67886004,4617.18,978727.43,48.97,11696.34,0.0,0.0
United Kingdom,Europe,2020-12-08,67886004,5000.14,983727.57,52.04,11748.38,0.0,0.0
United Kingdom,Europe,2020-12-09,67886004,5214.45,988942.02,54.22,11802.6,0.0,0.0
United Kingdom,Europe,2020-12-10,67886004,5110.08,994052.09,56.38,11858.98,0.0,0.0
United Kingdom,Europe,2020-12-11,67886004,5188.02,999240.12,53.98,11912.96,0.0,0.0
United Kingdom,Europe,2020-12-12,67886004,4484.86,1003724.98,41.31,11954.26,0.0,0.0
United Kingdom,Europe,2020-12-13,67886004,5294.69,1009019.67,65.29,12019.56,0.0,0.0
United Kingdom,Europe,2020-12-14,67886004,4622.34,1013642.01,57.34,12076.9,0.0,0.0
United Kingdom,Europe,2020-12-15,67886004,5026.33,1018668.34,73.92,12150.82,0.0,0.0
United Kingdom,Europe,2020-12-16,67886004,5039.42,1023707.77,55.13,12205.95,0.0,0.0
United Kingdom,Europe,2020-12-17,67886004,5131.18,1028838.95,63.94,12269.89,0.0,0.0
United Kingdom,Europe,2020-12-18,67886004,5090.47,1033929.42,63.59,12333.48,0.0,0.0
United Kingdom,Europe,2020-12-19,67886004,4687.12,1038616.54,54.21,12387.69,0.0,0.0
United Kingdom,Europe,2020-12-20,67886004,4518.68,1043135.21,60.18,12447.87,0.0,0.0
United Kingdom,Europe,2020-12-21,67886004,5303.88,1048439.1,69.85,12517.72,0.0,0.0
United Kingdom,Europe,2020-12-22,67886004,5069.76,1053508.86,63.46,12581.18,5559894.71,5559894.71
United Kingdom,Europe,2020-12-23,67886004,5411.89,1058920.75,62.9,12644.08,71489.37,5631384.07
United Kingdom,Europe,2020-12-24,67886004,4997.55,1063918.3,57.11,12701.19,72297.95,5703682.02
United Kingdom,Europe,2020-12-25,67886004,4523.7,1068442.0,43.34,12744.53,73112.83,5776794.85
United Kingdom,Europe,2020-12-26,67886004,5354.66,1073796.66,57.81,12802.34,73933.97,5850728.82
United Kingdom,Europe,2020-12-27,67886004,4886.58,1078683.25,53.66,12856.0,74761.35,5925490.17
United Kingdom,Europe,2020-12-28,67886004,5134.3,1083817.55,52.62,12908.62,75594.95,6001085.12
United Kingdom,Europe,2020-12-29,67886004,4785.07,1088602.62,60.94,12969.56,76434.72,6077519.84
United Kingdom,Europe,2020-12-30,67886004,5582.94,1094185.56,76.57,13046.13,77280.63,6154800.46
United Kingdom,Europe,2020-12-31,67886004,4695.08,1098880.64,49.08,13095.2,78132.64,6232933.11
United Kingdom,Europe,2021-01-01,67886004,4876.91,1103757.55,60.79,13156.0,78990.72,6311923.83
United Kingdom,Europe,2021-01-02,67886004,5024.44,1108781.99,52.02,13208.02,79854.82,6391778.65
United Kingdom,Europe,2021-01-03,67886004,4595.08,1113377.07,52.7,13260.72,80724.89,6472503.55
United Kingdom,Europe,2021-01-04,67886004,5082.24,1118459.31,55.46,13316.18,81600.89,6554104.44
United Kingdom,Europe,2021-01-05,67886004,5518.64,1123977.95,71.04,13387.22,82482.76,6636587.2
United Kingdom,Europe,2021-01-06,67886004,4769.44,1128747.39,51.8,13439.02,83370.46,6719957.66
United Kingdom,Europe,2021-01-07,67886004,5064.75,1133812.14,68.87,13507.89,84263.91,6804221.57
United Kingdom,Europe,2021-01-08,67886004,3948.22,1137760.36,45.41,13553.31,85163.07,6889384.64
United Kingdom,Europe,2021-01-09,67886004,4879.72,1142640.09,53.36,13606.67,86067.87,6975452.51
United Kingdom,Europe,2021-01-10,67886004,4765.36,1147405.44,47.16,13653.82,86978.24,7062430.74
United Kingdom,Europe,2021-01-11,67886004,4568.79,1151974.24,56.85,13710.68,87894.11,7150324.85
United Kingdom,Europe,2021-01-12,67886004,5212.9,1157187.14,69.72,13780.39,88815.42,7239140.27
United Kingdom,Europe,2021-01-13,67886004,4698.14,1161885.28,58.56,13838.96,89742.08,7328882.35
United Kingdom,Europe,2021-01-14,67886004,4726.95,1166612.22,74.63,13913.59,90674.02,7419556.37
United Kingdom,Europe,2021-01-15,67886004,4632.62,1171244.85,67.03,13980.62,91611.16,7511167.53
United Kingdom,Europe,2021-01-16,67886004,4068.18,1175313.03,46.36,14026.98,92553.4,7603720.93
United Kingdom,Europe,2021-01-17,67886004,4316.18,1179629.21,49.25,14076.23,93500.67,7697221.6
United Kingdom,Europe,2021-01-18,67886004,5020.95,1184650.16,64.01,14140.24,94452.87,7791674.47
United Kingdom,Europe,2021-01-19,67886004,3917.2,1188567.36,40.3,14180.54,95409.9,7887084.37
United Kingdom,Europe,2021-01-20,67886004,4357.52,1192924.89,61.62,14242.16,96371.67,7983456.03
United Kingdom,Europe,2021-01-21,67886004,4454.85,1197379.73,56.35,14298.51,97338.07,8080794.1
United Kingdom,Europe,2021-01-22,67886004,5173.02,1202552.75,64.13,14362.64,98308.99,8179103.09
United Kingdom,Europe,2021-01-23,67886004,4798.78,1207351.53,63.08,14425.72,99284.34,8278387.43
United Kingdom,Europe,2021-01-24,67886004,4300.81,1211652.34,65.39,14491.11,100263.99,8378651.42
United Kingdom,Europe,2021-01-25,67886004,4917.52,1216569.85,60.38,14551.49,101247.83,8479899.25
United Kingdom,Europe,2021-01-26,67886004,4165.97,1220735.82,49.09,14600.58,102235.74,8582134.99
United Kingdom,Europe,2021-01-27,67886004,4741.67,1225477.49,68.97,14669.55,103227.59,8685362.58
United Kingdom,Europe,2021-01-28,67886004,3875.36,1229352.85,54.24,14723.79,104223.26,8789585.84
United Kingdom,Europe,2021-01-29,67886004,4688.27,1234041.12,53.69,14777.48,105222.62,8894808.45
United Kingdom,Europe,2021-01-30,67886004,4131.36,1238172.47,49.62,14827.1,106225.52,9001033.97
United Kingdom,Europe,2021-01-31,67886004,3873.64,1242046.11,48.05,14875.15,107231.84,9108265.81
United Kingdom,Europe,2021-02-01,67886004,4117.0,1246163.12,52.3,14927.45,108241.43,9216507.25
United Kingdom,Europe,2021-02-02,67886004,4248.76,1250411.88,40.13,14967.58,109254.14,9325761.39
United Kingdom,Europe,2021-02-03,67886004,3936.55,1254348.43,34.9,15002.48,110269.83,9436031.22
United Kingdom,Europe,2021-02-04,67886004,4260.99,1258609.41,44.03,15046.51,111288.34,9547319.56
United Kingdom,Europe,2021-02-05,67886004,3819.85,1262429.26,38.12,15084.63,112309.51,9659629.07
United Kingdom,Europe,2021-02-06,67886004,4197.25,1266626.51,45.22,15129.85,113333.19,9772962.26
United Kingdom,Europe,2021-02-07,67886004,4090.58,1270717.09,54.16,15184.01,114359.2,9887321.46
United Kingdom,Europe,2021-02-08,67886004,3869.67,1274586.76,45.08,15229.1,115387.37,10002708.83
United Kingdom,Europe,2021-02-09,67886004,3691.23,1278278.0,45.87,15274.96,116417.55,10119126.38
United Kingdom,Europe,2021-02-10,67886004,3853.04,1282131.04,36.44,15311.4,117449.54,10236575.92
United Kingdom,Europe,2021-02-11,67886004,3946.48,1286077.52,43.66,15355.07,118483.17,10355059.1
United Kingdom,Europe,2021-02-12,67886004,4429.05,1290506.57,57.85,15412.92,119518.26,10474577.36
United Kingdom,Europe,2021-02-13,67886004,3989.41,1294495.97,52.63,15465.55,120554.62,10595131.98
United Kingdom,Europe,2021-02-14,67886004,3955.1,1298451.07,41.66,15507.21,121592.05,10716724.03
United Kingdom,Europe,2021-02-15,67886004,4647.11,1303098.19,57.06,15564.27,122630.37,10839354.4
United Kingdom,Europe,2021-02-16,67886004,3699.12,1306797.31,61.98,15626.25,123669.36,10963023.76
United Kingdom,Europe,2021-02-17,67886004,3640.37,1310437.68,43.54,15669.79,124708.84,11087732.6
United Kingdom,Europe,2021-02-18,67886004,3669.2,1314106.88,38.48,15708.28,125748.6,11213481.2
United Kingdom,Europe,2021-02-19,67886004,3021.57,1317128.46,34.87,15743.15,126788.42,11340269.61
United Kingdom,Europe,2021-02-20,67886004,3171.17,1320299.63,38.79,15781.94,127828.09,11468097.7
United Kingdom,Europe,2021-02-21,67886004,3101.14,1323400.77,36.0,15817.94,128867.4,11596965.1
United Kingdom,Europe,2021-02-22,67886004,3456.71,1326857.48,41.23,15859.17,129906.12,11726871.22
United Kingdom,Europe,2021-02-23,67886004,3120.82,1329978.3,25.9,15885.08,130944.04,11857815.26
United Kingdom,Europe,2021-02-24,67886004,3181.94,1333160.24,30.48,15915.56,131980.93,11989796.19
United Kingdom,Europe,2021-02-25,67886004,3466.03,1336626.27,40.4,15955.96,133016.55,12122812.75
United Kingdom,Europe,2021-02-26,67886004,3339.48,1339965.75,38.75,15994.71,134050.68,12256863.43
United Kingdom,Europe,2021-02-27,67886004,2932.86,1342898.61,30.66,16025.37,135083.08,12391946.51
United Kingdom,Europe,2021-02-28,67886004,2707.22,1345605.82,31.07,16056.44,136113.51,12528060.02
United Kingdom,Europe,2021-03-01,67886004,3291.52,1348897.34,39.99,16096.43,137141.72,12665201.74
United Kingdom,Europe,2021-03-02,67886004,3117.71,1352015.05,44.53,16140.96,138167.48,12803369.22
United Kingdom,Europe,2021-03-03,67886004,2237.6,1354252.65,26.06,16167.01,139190.53,12942559.76
United Kingdom,Europe,2021-03-04,67886004,2643.41,1356896.05,34.91,16201.93,140210.63,13082770.39
United Kingdom,Europe,2021-03-05,67886004,2764.48,1359660.53,28.84,16230.77,141227.52,13223997.91
United Kingdom,Europe,2021-03-06,67886004,2933.03,1362593.56,39.77,16270.54,142240.94,13366238.85
United Kingdom,Europe,2021-03-07,67886004,2933.23,1365526.79,38.2,16308.75,143250.64,13509489.49
United Kingdom,Europe,2021-03-08,67886004,2668.73,1368195.52,38.95,16347.7,144256.36,13653745.85
United Kingdom,Europe,2021-03-09,67886004,2729.29,1370924.81,38.46,16386.16,145257.83,13799003.68
United Kingdom,Europe,2021-03-10,67886004,2502.45,1373427.26,34.74,16420.9,146254.79,13945258.48
United Kingdom,Europe,2021-03-11,67886004,2200.18,1375627.44,25.61,16446.51,147246.97,14092505.45
United Kingdom,Europe,2021-03-12,67886004,2301.12,1377928.56,29.57,16476.08,148234.11,14240739.56
United Kingdom,Europe,2021-03-13,67886004,2356.29,1380284.85,36.78,16512.87,149215.93,14389955.48
United Kingdom,Europe,2021-03-14,67886004,2295.13,1382579.98,22.32,16535.19,150192.15,14540147.64
United Kingdom,Europe,2021-03-15,67886004,1605.53,1384185.51,14.24,16549.43,151162.52,14691310.15
United Kingdom,Europe,2021-03-16,67886004,2085.18,1386270.69,26.47,16575.91,152126.74,14843436.89
United Kingdom,Europe,2021-03-17,67886004,2203.42,1388474.1,29.76,16605.67,153084.55,14996521.44
United Kingdom,Europe,2021-03-18,67886004,2045.36,1390519.47,17.95,16623.62,154035.66,15150557.11
United Kingdom,Europe,2021-03-19,67886004,2018.23,1392537.69,23.62,16647.24,154979.81,15305536.91
United Kingdom,Europe,2021-03-20,67886004,2236.88,1394774.57,26.09,16673.33,155916.7,15461453.61
United Kingdom,Europe,2021-03-21,67886004,1650.63,1396425.2,2.09,16675.42,156846.06,15618299.66
United Kingdom,Europe,2021-03-22,67886004,1421.37,1397846.56,15.3,16690.72,157767.6,15776067.27
United Kingdom,Europe,2021-03-23,67886004,1832.99,1399679.56,20.74,16711.45,158681.05,15934748.32
United Kingdom,Europe,2021-03-24,67886004,2186.74,1401866.3,24.96,16736.41,159586.13,16094334.45
United Kingdom,Europe,2021-03-25,67886004,2475.19,1404341.49,41.03,16777.44,160482.55,16254816.99
United Kingdom,Europe,2021-03-26,67886004,2124.34,1406465.83,15.77,16793.21,161370.03,16416187.02
United Kingdom,Europe,2021-03-27,67886004,1303.58,1407769.41,9.05,16802.25,162248.29,16578435.3
United Kingdom,Europe,2021-03-28,67886004,1703.87,1409473.28,0.0,16802.25,163117.04,16741552.35
United Kingdom,Europe,2021-03-29,67886004,1843.61,1411316.89,18.28,16820.53,163976.02,16905528.37
United Kingdom,Europe,2021-03-30,67886004,1785.41,1413102.3,18.26,16838.79,164824.94,17070353.31
United Kingdom,Europe,2021-03-31,67886004,1882.37,1414984.67,18.51,16857.3,165663.52,17236016.83
United Kingdom,Europe,2021-04-01,67886004,1343.91,1416328.57,24.99,16882.29,166491.48,17402508.31
United Kingdom,Europe,2021-04-02,67886004,1659.79,1417988.36,26.8,16909.09,167308.55,17569816.86
United Kingdom,Europe,2021-04-03,67886004,1757.29,1419745.65,21.71,16930.8,168114.45,17737931.31
United Kingdom,Europe,2021-04-04,67886004,1873.23,1421618.88,19.51,16950.31,168908.91,17906840.22
United Kingdom,Europe,2021-04-05,67886004,1277.27,1422896.16,23.54,16973.85,169691.66,18076531.87
United Kingdom,Europe,2021-04-06,67886004,1414.47,1424310.63,16.82,16990.67,170462.43,18246994.3
United Kingdom,Europe,2021-04-07,67886004,565.93,1424876.56,0.24,16990.91,171220.95,18418215.25
United Kingdom,Europe,2021-04-08,67886004,1272.74,1426149.3,1.54,16992.45,171966.95,18590182.2
United Kingdom,Europe,2021-04-09,67886004,1285.69,1427434.99,11.9,17004.35,172700.18,18762882.38
United Kingdom,Europe,2021-04-10,67886004,1092.39,1428527.37,19.15,17023.5,173420.38,18936302.76
United Kingdom,Europe,2021-04-11,67886004,1488.24,1430015.61,36.07,17059.57,174127.29,19110430.05
United Kingdom,Europe,2021-04-12,67886004,1392.76,1431408.36,17.21,17076.77,174820.65,19285250.7
United Kingdom,Europe,2021-04-13,67886004,604.72,1432013.09,1.13,17077.91,175500.21,19460750.91
United Kingdom,Europe,2021-04-14,67886004,1455.04,1433468.13,7.98,17085.89,176165.74,19636916.65
United Kingdom,Europe,2021-04-15,67886004,1039.92,1434508.05,16.89,17102.78,176816.98,19813733.63
United Kingdom,Europe,2021-04-16,67886004,1521.12,1436029.17,4.14,17106.92,177453.7,19991187.33
United Kingdom,Europe,2021-04-17,67886004,889.85,1436919.01,15.08,17122.0,178075.66,20169262.99
United Kingdom,Europe,2021-04-18,67886004,1337.45,1438256.46,22.59,17144.59,178682.63,20347945.62
United Kingdom,Europe,2021-04-19,67886004,1217.38,1439473.84,18.1,17162.69,179274.38,20527220.0
United Kingdom,Europe,2021-04-20,67886004,1413.2,1440887.04,15.2,17177.89,179850.7,20707070.7
United Kingdom,Europe,2021-04-21,67886004,1342.49,1442229.53,20.63,17198.52,180411.36,20887482.06
United Kingdom,Europe,2021-04-22,67886004,1202.38,1443431.91,15.8,17214.32,180956.15,21068438.2
United Kingdom,Europe,2021-04-23,67886004,747.94,1444179.85,2.75,17217.07,181484.86,21249923.07
United Kingdom,Europe,2021-04-24,67886004,763.67,1444943.52,23.97,17241.03,181997.3,21431920.37
United Kingdom,Europe,2021-04-25,67886004,1072.51,1446016.04,10.06,17251.09,182493.26,21614413.63
United Kingdom,Europe,2021-04-26,67886004,1271.28,1447287.31,21.46,17272.55,182972.56,21797386.18
United Kingdom,Europe,2021-04-27,67886004,1059.72,1448347.03,0.0,17272.55,183435.0,21980821.18
United Kingdom,Europe,2021-04-28,67886004,1490.98,1449838.01,28.1,17300.66,183880.41,22164701.6
United Kingdom,Europe,2021-04-29,67886004,1175.12,1451013.13,25.85,17326.51,184308.62,22349010.21
United Kingdom,Europe,2021-04-30,67886004,936.91,1451950.03,11.48,17337.99,184719.45,22533729.66
United Kingdom,Europe,2021-05-01,67886004,1180.28,1453130.31,18.63,17356.62,185112.75,22718842.41
United Kingdom,Europe,2021-05-02,67886004,1360.76,1454491.07,20.8,17377.42,185488.35,22904330.76
United Kingdom,Europe,2021-05-03,67886004,1400.64,1455891.71,11.67,17389.09,185846.12,23090176.88
United Kingdom,Europe,2021-05-04,67886004,1950.73,1457842.44,27.79,17416.87,186185.91,23276362.79
United Kingdom,Europe,2021-05-05,67886004,1066.69,1458909.13,6.33,17423.2,186507.58,23462870.37
United Kingdom,Europe,2021-05-06,67886004,1283.73,1460192.86,10.53,17433.74,186811.0,23649681.37
United Kingdom,Europe,2021-05-07,67886004,1468.38,1461661.24,26.64,17460.37,187096.06,23836777.43
United Kingdom,Europe,2021-05-08,67886004,1321.96,1462983.19,23.66,17484.03,187362.64,24024140.06
United Kingdom,Europe,2021-05-09,67886004,1167.0,1464150.19,8.35,17492.39,187610.63,24211750.69
United Kingdom,Europe,2021-05-10,67886004,813.17,1464963.36,3.89,17496.28,187839.93,24399590.62
United Kingdom,Europe,2021-05-11,67886004,1190.95,1466154.3,9.13,17505.4,188050.45,24587641.07
United Kingdom,Europe,2021-05-12,67886004,1009.41,1467163.71,17.97,17523.38,188242.11,24775883.18
United Kingdom,Europe,2021-05-13,67886004,797.48,1467961.19,1.57,17524.95,188414.82,24964298.0
United Kingdom,Europe,2021-05-14,67886004,1141.03,1469102.22,16.55,17541.49,188568.52,25152866.53
United Kingdom,Europe,2021-05-15,67886004,1071.88,1470174.1,18.84,17560.33,188703.15,25341569.68
United Kingdom,Europe,2021-05-16,67886004,1662.65,1471836.76,19.25,17579.58,188818.64,25530388.32
United Kingdom,Europe,2021-05-17,67886004,1689.79,1473526.55,28.36,17607.93,188914.96,25719303.28
United Kingdom,Europe,2021-05-18,67886004,1185.25,1474711.8,11.79,17619.72,188992.06,25908295.35
United Kingdom,Europe,2021-05-19,67886004,1433.83,1476145.64,15.5,17635.22,189049.92,26097345.27
United Kingdom,Europe,2021-05-20,67886004,898.94,1477044.57,2.97,17638.19,189088.5,26286433.76
United Kingdom,Europe,2021-05-21,67886004,1401.81,1478446.38,24.96,17663.15,189107.8,26475541.56
United Kingdom,Europe,2021-05-22,67886004,1741.07,1480187.46,14.76,17677.91,189107.8,26664649.36
United Kingdom,Europe,2021-05-23,67886004,1917.84,1482105.29,25.81,17703.72,189088.5,26853737.85
United Kingdom,Europe,2021-05-24,67886004,1408.31,1483513.6,16.33,17720.05,189049.92,27042787.77
United Kingdom,Europe,2021-05-25,67886004,2055.86,1485569.46,16.25,17736.3,188992.06,27231779.84
United Kingdom,Europe,2021-05-26,67886004,1188.11,1486757.57,9.38,17745.68,188914.96,27420694.8
United Kingdom,Europe,2021-05-27,67886004,1313.89,1488071.46,26.83,17772.51,188818.64,27609513.44
United Kingdom,Europe,2021-05-28,67886004,2031.94,1490103.41,26.0,17798.51,188703.15,27798216.59
United Kingdom,Europe,2021-05-29,67886004,2402.49,1492505.9,20.76,17819.26,188568.52,27986785.12
United Kingdom,Europe,2021-05-30,67886004,2025.37,1494531.27,26.75,17846.01,188414.82,28175199.94
United Kingdom,Europe,2021-05-31,67886004,1874.63,1496405.9,21.33,17867.34,188242.11,28363442.05
United Kingdom,Europe,2021-06-01,67886004,1157.53,1497563.44,41.52,17908.86,188050.45,28551492.5
United Kingdom,Europe,2021-06-02,67886004,1256.08,1498819.52,17.35,17926.21,187839.93,28739332.43
United Kingdom,Europe,2021-06-03,67886004,2048.31,1500867.83,21.53,17947.75,187610.63,28926943.06
United Kingdom,Europe,2021-06-04,67886004,1917.74,1502785.57,34.37,17982.12,187362.64,29114305.69
United Kingdom,Europe,2021-06-05,67886004,1697.03,1504482.61,5.64,17987.76,187096.06,29301401.75
United Kingdom,Europe,2021-06-06,67886004,2148.97,1506631.57,26.54,18014.3,186811.0,29488212.75
United Kingdom,Europe,2021-06-07,67886004,2209.22,1508840.79,42.47,18056.77,186507.58,29674720.33
United Kingdom,Europe,2021-06-08,67886004,2543.28,1511384.07,29.59,18086.36,186185.91,29860906.24
United Kingdom,Europe,2021-06-09,67886004,2305.25,1513689.32,13.8,18100.15,185846.12,30046752.36
United Kingdom,Europe,2021-06-10,67886004,2732.98,1516422.3,29.63,18129.78,185488.35,30232240.71
United Kingdom,Europe,2021-06-11,67886004,2352.32,1518774.62,39.86,18169.65,185112.75,30417353.46
United Kingdom,Europe,2021-06-12,67886004,2356.48,1521131.1,31.29,18200.93,184719.45,30602072.91
United Kingdom,Europe,2021-06-13,67886004,2817.52,1523948.63,27.1,18228.03,184308.62,30786381.52
United Kingdom,Europe,2021-06-14,67886004,2151.55,1526100.18,20.34,18248.37,183880.41,30970261.94
United Kingdom,Europe,2021-06-15,67886004,3528.85,1529629.03,37.87,18286.24,183435.0,31153696.94
United Kingdom,Europe,2021-06-16,67886004,2725.71,1532354.73,35.6,18321.83,182972.56,31336669.49
United Kingdom,Europe,2021-06-17,67886004,2778.99,1535133.73,44.05,18365.89,182493.26,31519162.75
United Kingdom,Europe,2021-06-18,67886004,2881.57,1538015.29,43.0,18408.89,181997.3,31701160.05
United Kingdom,Europe,2021-06-19,67886004,3407.58,1541422.87,44.54,18453.43,181484.86,31882644.92
United Kingdom,Europe,2021-06-20,67886004,3081.46,1544504.34,26.32,18479.75,180956.15,32063601.06
United Kingdom,Europe,2021-06-21,67886004,2296.49,1546800.83,16.93,18496.68,180411.36,32244012.42
United Kingdom,Europe,2021-06-22,67886004,3404.31,1550205.14,45.12,18541.8,179850.7,32423863.12
United Kingdom,Europe,2021-06-23,67886004,2849.25,1553054.39,23.43,18565.23,179274.38,32603137.5
United Kingdom,Europe,2021-06-24,67886004,3062.14,1556116.53,34.94,18600.17,178682.63,32781820.13
United Kingdom,Europe,2021-06-25,67886004,2633.56,1558750.09,34.04,18634.21,178075.66,32959895.79
United Kingdom,Europe,2021-06-26,67886004,3322.68,1562072.77,30.77,18664.98,177453.7,33137349.49
United Kingdom,Europe,2021-06-27,67886004,2968.28,1565041.05,27.43,18692.4,176816.98,33314166.47
United Kingdom,Europe,2021-06-28,67886004,3289.57,1568330.61,38.72,18731.12,176165.74,33490332.21
United Kingdom,Europe,2021-06-29,67886004,3213.8,1571544.42,42.59,18773.72,175500.21,33665832.42
United Kingdom,Europe,2021-06-30,67886004,4046.17,1575590.59,57.05,18830.77,174820.65,33840653.07
United Kingdom,Europe,2021-07-01,67886004,4125.81,1579716.4,54.37,18885.13,174127.29,34014780.36
United Kingdom,Europe,2021-07-02,67886004,3508.3,1583224.7,42.69,18927.82,173420.38,34188200.74
United Kingdom,Europe,2021-07-03,67886004,3574.77,1586799.48,36.93,18964.75,172700.18,34360900.92
United Kingdom,Europe,2021-07-04,67886004,3482.37,1590281.85,33.22,18997.97,171966.95,34532867.87
United Kingdom,Europe,2021-07-05,67886004,4061.18,1594343.02,44.65,19042.62,171220.95,34704088.82
United Kingdom,Europe,2021-07-06,67886004,3620.22,1597963.25,46.72,19089.34,170462.43,34874551.25
United Kingdom,Europe,2021-07-07,67886004,3649.39,1601612.64,46.49,19135.82,169691.66,35044242.9
United Kingdom,Europe,2021-07-08,67886004,4201.09,1605813.72,33.61,19169.44,168908.91,35213151.81
United Kingdom,Europe,2021-07-09,67886004,3732.07,1609545.8,38.5,19207.94,168114.45,35381266.26
United Kingdom,Europe,2021-07-10,67886004,3969.31,1613515.11,57.27,19265.21,167308.55,35548574.81
United Kingdom,Europe,2021-07-11,67886004,3491.22,1617006.32,42.53,19307.73,166491.48,35715066.29
United Kingdom,Europe,2021-07-12,67886004,4353.37,1621359.7,40.9,19348.64,165663.52,35880729.81
United Kingdom,Europe,2021-07-13,67886004,4848.48,1626208.18,77.03,19425.67,164824.94,36045554.75
United Kingdom,Europe,2021-07-14,67886004,4483.89,1630692.06,53.58,19479.24,163976.02,36209530.77
United Kingdom,Europe,2021-07-15,67886004,4805.34,1635497.4,60.74,19539.98,163117.04,36372647.82
United Kingdom,Europe,2021-07-16,67886004,4059.77,1639557.17,51.91,19591.89,162248.29,36534896.1
United Kingdom,Europe,2021-07-17,67886004,4500.71,1644057.88,51.07,19642.96,161370.03,36696266.13
United Kingdom,Europe,2021-07-18,67886004,4149.85,1648207.73,43.98,19686.94,160482.55,36856748.67
United Kingdom,Europe,2021-07-19,67886004,4462.02,1652669.75,70.52,19757.46,159586.13,37016334.8
United Kingdom,Europe,2021-07-20,67886004,4873.6,1657543.35,66.51,19823.97,158681.05,37175015.85
United Kingdom,Europe,2021-07-21,67886004,4700.3,1662243.65,62.98,19886.94,157767.6,37332783.46
United Kingdom,Europe,2021-07-22,67886004,4231.3,1666474.95,55.39,19942.33,156846.06,37489629.51
United Kingdom,Europe,2021-07-23,67886004,4326.21,1670801.16,43.89,19986.22,155916.7,37645546.21
United Kingdom,Europe,2021-07-24,67886004,4363.45,1675164.61,62.58,20048.8,154979.81,37800526.01
United Kingdom,Europe,2021-07-25,67886004,5078.87,1680243.48,54.2,20103.0,154035.66,37954561.68
United Kingdom,Europe,2021-07-26,67886004,5688.79,1685932.27,70.53,20173.53,153084.55,38107646.23
United Kingdom,Europe,2021-07-27,67886004,5502.39,1691434.66,52.91,20226.45,152126.74,38259772.97
United Kingdom,Europe,2021-07-28,67886004,4420.54,1695855.21,36.72,20263.17,151162.52,38410935.48
United Kingdom,Europe,2021-07-29,67886004,5639.58,1701494.79,70.22,20333.39,150192.15,38561127.64
United Kingdom,Europe,2021-07-30,67886004,5527.43,1707022.21,59.86,20393.24,149215.93,38710343.56
United Kingdom,Europe,2021-07-31,67886004,4715.71,1711737.92,40.68,20433.92,148234.11,38858577.67
United Kingdom,Europe,2021-08-01,67886004,5206.66,1716944.59,66.8,20500.72,147246.97,39005824.64
United Kingdom,Europe,2021-08-02,67886004,5751.75,1722696.34,85.98,20586.71,146254.79,39152079.44
United Kingdom,Europe,2021-08-03,67886004,5615.78,1728312.12,78.51,20665.21,145257.83,39297337.27
United Kingdom,Europe,2021-08-04,67886004,5019.0,1733331.12,58.17,20723.38,144256.36,39441593.63
United Kingdom,Europe,2021-08-05,67886004,5744.2,1739075.32,69.0,20792.38,143250.64,39584844.27
United Kingdom,Europe,2021-08-06,67886004,4834.74,1743910.06,65.12,20857.5,142240.94,39727085.21
United Kingdom,Europe,2021-08-07,67886004,5556.43,1749466.49,75.65,20933.16,141227.52,39868312.73
United Kingdom,Europe,2021-08-08,67886004,6083.36,1755549.85,70.25,21003.41,140210.63,40008523.36
United Kingdom,Europe,2021-08-09,67886004,5741.23,1761291.09,69.17,21072.58,139190.53,40147713.9
United Kingdom,Europe,2021-08-10,67886004,5608.91,1766900.0,69.71,21142.29,138167.48,40285881.38
United Kingdom,Europe,2021-08-11,67886004,6142.56,1773042.56,78.14,21220.43,137141.72,40423023.1
United Kingdom,Europe,2021-08-12,67886004,6219.16,1779261.71,73.57,21293.99,136113.51,40559136.61
United Kingdom,Europe,2021-08-13,67886004,6382.14,1785643.85,75.63,21369.62,135083.08,40694219.69
United Kingdom,Europe,2021-08-14,67886004,6274.18,1791918.04,86.33,21455.95,134050.68,40828270.37
United Kingdom,Europe,2021-08-15,67886004,6390.05,1798308.09,86.36,21542.3,133016.55,40961286.93
United Kingdom,Europe,2021-08-16,67886004,6310.32,1804618.41,79.54,21621.85,131980.93,41093267.86
United Kingdom,Europe,2021-08-17,67886004,6187.78,1810806.19,88.01,21709.85,130944.04,41224211.9
United Kingdom,Europe,2021-08-18,67886004,6166.0,1816972.19,70.9,21780.75,129906.12,41354118.02
United Kingdom,Europe,2021-08-19,67886004,6090.2,1823062.39,86.07,21866.82,128867.4,41482985.42
United Kingdom,Europe,2021-08-20,67886004,5786.21,1828848.6,73.77,21940.6,127828.09,41610813.51
United Kingdom,Europe,2021-08-21,67886004,5912.16,1834760.76,97.11,22037.71,126788.42,41737601.92
United Kingdom,Europe,2021-08-22,67886004,6182.47,1840943.23,64.65,22102.36,125748.6,41863350.52
United Kingdom,Europe,2021-08-23,67886004,6398.98,1847342.21,71.27,22173.63,124708.84,41988059.36
United Kingdom,Europe,2021-08-24,67886004,6850.67,1854192.88,85.56,22259.19,123669.36,42111728.72
United Kingdom,Europe,2021-08-25,67886004,6362.27,1860555.15,79.53,22338.72,122630.37,42234359.09
United Kingdom,Europe,2021-08-26,67886004,6757.2,1867312.35,96.69,22435.4,121592.05,42355951.14
United Kingdom,Europe,2021-08-27,67886004,6811.38,1874123.72,76.39,22511.79,120554.62,42476505.76
United Kingdom,Europe,2021-08-28,67886004,6378.78,1880502.5,83.78,22595.58,119518.26,42596024.02
United Kingdom,Europe,2021-08-29,67886004,6692.6,1887195.11,89.61,22685.19,118483.17,42714507.2
United Kingdom,Europe,2021-08-30,67886004,6422.4,1893617.51,82.71,22767.89,117449.54,42831956.74
United Kingdom,Europe,2021-08-31,67886004,6992.03,1900609.54,76.22,22844.11,116417.55,42948374.29
United Kingdom,Europe,2021-09-01,67886004,6771.94,1907381.47,92.53,22936.64,115387.37,43063761.66
United Kingdom,Europe,2021-09-02,67886004,6151.28,1913532.75,83.65,23020.29,114359.2,43178120.86
United Kingdom,Europe,2021-09-03,67886004,6641.46,1920174.21,84.49,23104.78,113333.19,43291454.05
United Kingdom,Europe,2021-09-04,67886004,7177.17,1927351.39,87.76,23192.54,112309.51,43403763.56
United Kingdom,Europe,2021-09-05,67886004,6550.71,1933902.1,80.42,23272.96,111288.34,43515051.9
United Kingdom,Europe,2021-09-06,67886004,6783.05,1940685.15,80.77,23353.73,110269.83,43625321.73
United Kingdom,Europe,2021-09-07,67886004,6828.0,1947513.16,87.06,23440.79,109254.14,43734575.87
United Kingdom,Europe,2021-09-08,67886004,6283.1,1953796.26,75.65,23516.43,108241.43,43842817.31
United Kingdom,Europe,2021-09-09,67886004,6832.01,1960628.27,75.2,23591.63,107231.84,43950049.15
United Kingdom,Europe,2021-09-10,67886004,6171.13,1966799.41,65.66,23657.3,106225.52,44056274.67
United Kingdom,Europe,2021-09-11,67886004,6444.08,1973243.49,71.31,23728.61,105222.62,44161497.28
United Kingdom,Europe,2021-09-12,67886004,7041.99,1980285.48,86.28,23814.89,104223.26,44265720.54
United Kingdom,Europe,2021-09-13,67886004,6791.14,1987076.62,81.28,23896.17,103227.59,44368948.13
United Kingdom,Europe,2021-09-14,67886004,6558.86,1993635.47,80.43,23976.6,102235.74,44471183.87
United Kingdom,Europe,2021-09-15,67886004,6819.19,2000454.66,85.84,24062.43,101247.83,44572431.7
United Kingdom,Europe,2021-09-16,67886004,6637.76,2007092.42,74.63,24137.07,100263.99,44672695.69
United Kingdom,Europe,2021-09-17,67886004,6657.42,2013749.84,91.61,24228.68,99284.34,44771980.03
United Kingdom,Europe,2021-09-18,67886004,6875.49,2020625.33,80.36,24309.05,98308.99,44870289.02
United Kingdom,Europe,2021-09-19,67886004,6381.98,2027007.31,73.12,24382.16,97338.07,44967627.09
United Kingdom,Europe,2021-09-20,67886004,6640.02,2033647.33,83.54,24465.7,96371.67,45063998.75
United Kingdom,Europe,2021-09-21,67886004,6504.33,2040151.66,63.36,24529.06,95409.9,45159408.65
United Kingdom,Europe,2021-09-22,67886004,6044.78,2046196.44,66.21,24595.27,94452.87,45253861.52
United Kingdom,Europe,2021-09-23,67886004,6262.1,2052458.54,82.99,24678.27,93500.67,45347362.19
United Kingdom,Europe,2021-09-24,67886004,7116.07,2059574.62,71.49,24749.76,92553.4,45439915.59
United Kingdom,Europe,2021-09-25,67886004,6683.22,2066257.83,89.14,24838.9,91611.16,45531526.75
United Kingdom,Europe,2021-09-26,67886004,6065.12,2072322.95,84.87,24923.77,90674.02,45622200.77
United Kingdom,Europe,2021-09-27,67886004,5967.51,2078290.46,68.65,24992.43,89742.08,45711942.85
United Kingdom,Europe,2021-09-28,67886004,6444.11,2084734.58,79.66,25072.09,88815.42,45800758.27
United Kingdom,Europe,2021-09-29,67886004,7005.01,2091739.59,93.01,25165.1,87894.11,45888652.38
United Kingdom,Europe,2021-09-30,67886004,6366.96,2098106.55,72.67,25237.77,86978.24,45975630.61
United Kingdom,Europe,2021-10-01,67886004,6862.04,2104968.59,89.29,25327.06,86067.87,46061698.48
United Kingdom,Europe,2021-10-02,67886004,6498.56,2111467.16,72.61,25399.67,85163.07,46146861.55
United Kingdom,Europe,2021-10-03,67886004,6509.7,2117976.85,74.3,25473.97,84263.91,46231125.46
United Kingdom,Europe,2021-10-04,67886004,5845.22,2123822.07,63.75,25537.72,83370.46,46314495.92
United Kingdom,Europe,2021-10-05,67886004,6607.42,2130429.49,82.03,25619.75,82482.76,46396978.68
United Kingdom,Europe,2021-10-06,67886004,6127.27,2136556.76,82.79,25702.54,81600.89,46478579.57
United Kingdom,Europe,2021-10-07,67886004,6510.44,2143067.2,76.65,25779.19,80724.89,46559304.47
United Kingdom,Europe,2021-10-08,67886004,5885.95,2148953.16,60.46,25839.65,79854.82,46639159.29
United Kingdom,Europe,2021-10-09,67886004,6194.14,2155147.3,65.67,25905.32,78990.72,46718150.01
United Kingdom,Europe,2021-10-10,67886004,6215.38,2161362.68,77.74,25983.06,78132.64,46796282.66
United Kingdom,Europe,2021-10-11,67886004,5997.04,2167359.72,86.72,26069.78,77280.63,46873563.28
United Kingdom,Europe,2021-10-12,67886004,6150.1,2173509.82,76.95,26146.73,76434.72,46949998.0
United Kingdom,Europe,2021-10-13,67886004,5871.66,2179381.48,67.36,26214.09,75594.95,47025592.95
United Kingdom,Europe,2021-10-14,67886004,5692.98,2185074.46,74.45,26288.54,74761.35,47100354.3
United Kingdom,Europe,2021-10-15,67886004,6436.2,2191510.66,75.32,26363.86,73933.97,47174288.27
United Kingdom,Europe,2021-10-16,67886004,6194.46,2197705.12,71.31,26435.16,73112.83,47247401.1
United Kingdom,Europe,2021-10-17,67886004,5513.02,2203218.14,58.49,26493.65,72297.95,47319699.05
United Kingdom,Europe,2021-10-18,67886004,5929.25,2209147.39,82.42,26576.07,71489.37,47391188.41
United Kingdom,Europe,2021-10-19,67886004,5420.35,2214567.73,44.73,26620.8,70687.1,47461875.51
United Kingdom,Europe,2021-10-20,67886004,5214.68,2219782.41,68.96,26689.76,69891.17,47531766.69
United Kingdom,Europe,2021-10-21,67886004,5939.27,2225721.68,67.56,26757.32,69101.6,47600868.28
United Kingdom,Europe,2021-10-22,67886004,4928.23,2230649.91,55.86,26813.18,68318.4,47669186.68
United Kingdom,Europe,2021-10-23,67886004,5795.44,2236445.36,83.08,26896.26,67541.58,47736728.26
United Kingdom,Europe,2021-10-24,67886004,5328.15,2241773.51,58.22,26954.49,66771.17,47803499.43
United Kingdom,Europe,2021-10-25,67886004,5287.34,2247060.85,58.01,27012.49,66007.16,47869506.59
United Kingdom,Europe,2021-10-26,67886004,5448.83,2252509.68,64.34,27076.84,65249.58,47934756.17
United Kingdom,Europe,2021-10-27,67886004,5452.15,2257961.83,68.74,27145.57,64498.41,47999254.58
United Kingdom,Europe,2021-10-28,67886004,4902.16,2262863.99,55.29,27200.86,63753.68,48063008.26
United Kingdom,Europe,2021-10-29,67886004,5384.58,2268248.57,52.02,27252.89,63015.38,48126023.64
United Kingdom,Europe,2021-10-30,67886004,5114.46,2273363.03,54.45,27307.34,62283.5,48188307.14
United Kingdom,Europe,2021-10-31,67886004,4575.99,2277939.02,65.16,27372.5,61558.07,48249865.21
United Kingdom,Europe,2021-11-01,67886004,4896.44,2282835.46,59.36,27431.85,60839.05,48310704.26
United Kingdom,Europe,2021-11-02,67886004,5379.14,2288214.6,68.16,27500.01,60126.47,48370830.73
United Kingdom,Europe,2021-11-03,67886004,5421.84,2293636.44,62.97,27562.98,59420.3,48430251.03
United Kingdom,Europe,2021-11-04,67886004,5025.01,2298661.45,55.02,27618.01,58720.54,48488971.57
United Kingdom,Europe,2021-11-05,67886004,4295.83,2302957.28,64.97,27682.98,58027.19,48546998.75
United Kingdom,Europe,2021-11-06,67886004,4822.32,2307779.6,56.36,27739.34,57340.22,48604338.98
United Kingdom,Europe,2021-11-07,67886004,4886.25,2312665.84,55.09,27794.43,56659.64,48660998.62
United Kingdom,Europe,2021-11-08,67886004,4779.99,2317445.83,66.13,27860.56,55985.42,48716984.04
United Kingdom,Europe,2021-11-09,67886004,4738.03,2322183.86,51.08,27911.63,55317.55,48772301.59
United Kingdom,Europe,2021-11-10,67886004,4527.51,2326711.37,49.57,27961.21,54656.02,48826957.61
United Kingdom,Europe,2021-11-11,67886004,4311.92,2331023.29,51.83,28013.03,54000.81,48880958.42
United Kingdom,Europe,2021-11-12,67886004,4061.08,2335084.38,48.74,28061.77,53351.9,48934310.32
United Kingdom,Europe,2021-11-13,67886004,3546.36,2338630.74,44.63,28106.4,52709.27,48987019.59
United Kingdom,Europe,2021-11-14,67886004,4266.06,2342896.8,67.93,28174.33,52072.9,49039092.49
United Kingdom,Europe,2021-11-15,67886004,4148.79,2347045.59,52.48,28226.8,51442.76,49090535.25
United Kingdom,Europe,2021-11-16,67886004,4215.3,2351260.89,31.56,28258.36,50818.84,49141354.09
United Kingdom,Europe,2021-11-17,67886004,3488.49,2354749.38,44.47,28302.83,50201.11,49191555.2
United Kingdom,Europe,2021-11-18,67886004,4118.91,2358868.29,49.73,28352.56,49589.55,49241144.75
United Kingdom,Europe,2021-11-19,67886004,4548.84,2363417.13,54.93,28407.5,48984.12,49290128.88
United Kingdom,Europe,2021-11-20,67886004,3793.91,2367211.03,47.49,28454.99,48384.81,49338513.69
United Kingdom,Europe,2021-11-21,67886004,3681.7,2370892.73,43.95,28498.94,47791.59,49386305.28
United Kingdom,Europe,2021-11-22,67886004,3748.42,2374641.16,44.56,28543.5,47204.41,49433509.69
United Kingdom,Europe,2021-11-23,67886004,4288.77,2378929.93,56.37,28599.87,46623.27,49480132.96
United Kingdom,Europe,2021-11-24,67886004,3156.57,2382086.5,33.54,28633.41,46048.12,49526181.08
United Kingdom,Europe,2021-11-25,67886004,3523.61,2385610.11,34.7,28668.12,45478.94,49571660.02
United Kingdom,Europe,2021-11-26,67886004,3110.52,2388720.63,61.52,28729.63,44915.69,49616575.71
United Kingdom,Europe,2021-11-27,67886004,3137.15,2391857.78,31.92,28761.55,44358.34,49660934.05
United Kingdom,Europe,2021-11-28,67886004,3249.77,2395107.55,39.8,28801.35,43806.86,49704740.9
United Kingdom,Europe,2021-11-29,67886004,3677.56,2398785.11,32.17,28833.52,43261.21,49748002.11
United Kingdom,Europe,2021-11-30,67886004,3775.57,2402560.68,46.24,28879.75,42721.36,49790723.47
United Kingdom,Europe,2021-12-01,67886004,3241.7,2405802.38,31.43,28911.19,42187.27,49832910.75
United Kingdom,Europe,2021-12-02,67886004,2893.08,2408695.46,31.18,28942.37,41658.92,49874569.66
United Kingdom,Europe,2021-12-03,67886004,3837.81,2412533.27,54.41,28996.78,41136.25,49915705.92
United Kingdom,Europe,2021-12-04,67886004,2756.63,2415289.9,36.86,29033.64,40619.25,49956325.16
United Kingdom,Europe,2021-12-05,67886004,2647.78,2417937.68,36.32,29069.96,40107.86,49996433.02
United Kingdom,Europe,2021-12-06,67886004,2168.33,2420106.02,11.85,29081.81,39602.05,50036035.07
United Kingdom,Europe,2021-12-07,67886004,3220.6,2423326.61,53.34,29135.15,39101.78,50075136.85
United Kingdom,Europe,2021-12-08,67886004,3013.78,2426340.4,26.63,29161.78,38607.02,50113743.87
United Kingdom,Europe,2021-12-09,67886004,3464.6,2429805.0,53.8,29215.58,38117.73,50151861.6
United Kingdom,Europe,2021-12-10,67886004,2076.07,2431881.07,33.09,29248.67,37633.86,50189495.47
United Kingdom,Europe,2021-12-11,67886004,3017.38,2434898.45,40.83,29289.5,37155.38,50226650.85
United Kingdom,Europe,2021-12-12,67886004,2476.77,2437375.23,22.88,29312.38,36682.25,50263333.1
United Kingdom,Europe,2021-12-13,67886004,2680.17,2440055.4,33.37,29345.75,36214.43,50299547.53
United Kingdom,Europe,2021-12-14,67886004,1767.75,2441823.15,17.45,29363.2,35751.87,50335299.41
United Kingdom,Europe,2021-12-15,67886004,2805.36,2444628.51,33.9,29397.09,35294.55,50370593.95
United Kingdom,Europe,2021-12-16,67886004,2514.51,2447143.02,28.18,29425.27,34842.4,50405436.36
United Kingdom,Europe,2021-12-17,67886004,2173.97,2449316.99,9.78,29435.05,34395.41,50439831.77
United Kingdom,Europe,2021-12-18,67886004,2362.4,2451679.38,37.32,29472.37,33953.52,50473785.28
United Kingdom,Europe,2021-12-19,67886004,1818.38,2453497.76,21.17,29493.54,33516.69,50507301.97
United Kingdom,Europe,2021-12-20,67886004,1833.87,2455331.63,18.13,29511.67,33084.88,50540386.85
United Kingdom,Europe,2021-12-21,67886004,1825.53,2457157.16,17.42,29529.09,32658.05,50573044.91
United Kingdom,Europe,2021-12-22,67886004,1291.04,2458448.2,18.36,29547.45,32236.17,50605281.07
United Kingdom,Europe,2021-12-23,67886004,2193.58,2460641.78,19.17,29566.63,31819.17,50637100.24
United Kingdom,Europe,2021-12-24,67886004,2262.19,2462903.97,9.1,29575.73,31407.04,50668507.28
United Kingdom,Europe,2021-12-25,67886004,1553.55,2464457.52,21.9,29597.63,30999.71,50699506.99
United Kingdom,Europe,2021-12-26,67886004,1875.5,2466333.02,26.66,29624.29,30597.16,50730104.15
United Kingdom,Europe,2021-12-27,67886004,1616.02,2467949.04,17.8,29642.09,30199.33,50760303.48
United Kingdom,Europe,2021-12-28,67886004,1779.91,2469728.96,12.18,29654.26,29806.2,50790109.68
United Kingdom,Europe,2021-12-29,67886004,1402.15,2471131.11,17.54,29671.8,29417.7,50819527.38
United Kingdom,Europe,2021-12-30,67886004,1270.12,2472401.24,3.53,29675.32,29033.81,50848561.19
United Kingdom,Europe,2021-12-31,67886004,1905.8,2474307.04,14.65,29689.98,28654.48,50877215.68
United Kingdom,Europe,2022-01-01,67886004,1474.21,2475781.24,11.68,29701.66,28279.67,50905495.35
United Kingdom,Europe,2022-01-02,67886004,2164.02,2477945.26,32.72,29734.38,27909.34,50933404.69
United Kingdom,Europe,2022-01-03,67886004,1432.94,2479378.2,14.29,29748.68,27543.44,50960948.12
United Kingdom,Europe,2022-01-04,67886004,1053.8,2480432.0,9.06,29757.74,27181.93,50988130.06
United Kingdom,Europe,2022-01-05,67886004,1769.27,2482201.27,36.87,29794.61,26824.78,51014954.83
United Kingdom,Europe,2022-01-06,67886004,1523.27,2483724.55,21.1,29815.71,26471.93,51041426.77
United Kingdom,Europe,2022-01-07,67886004,1520.28,2485244.82,20.96,29836.66,26123.35,51067550.12
United Kingdom,Europe,2022-01-08,67886004,1646.69,2486891.51,16.8,29853.46,25779.0,51093329.12
United Kingdom,Europe,2022-01-09,67886004,966.33,2487857.84,6.82,29860.29,25438.84,51118767.96
United Kingdom,Europe,2022-01-10,67886004,1115.82,2488973.66,0.0,29860.29,25102.82,51143870.78
United Kingdom,Europe,2022-01-11,67886004,1066.61,2490040.26,20.55,29880.84,24770.9,51168641.68
United Kingdom,Europe,2022-01-12,67886004,641.83,2490682.09,11.29,29892.13,24443.04,51193084.72
United Kingdom,Europe,2022-01-13,67886004,969.01,2491651.11,10.19,29902.32,24119.21,51217203.93
United Kingdom,Europe,2022-01-14,67886004,1497.38,2493148.49,16.87,29919.19,23799.35,51241003.28
United Kingdom,Europe,2022-01-15,67886004,1081.79,2494230.28,18.87,29938.06,23483.44,51264486.72
United Kingdom,Europe,2022-01-16,67886004,497.37,2494727.65,0.0,29938.06,23171.42,51287658.15
United Kingdom,Europe,2022-01-17,67886004,394.4,2495122.05,0.01,29938.08,22863.27,51310521.42
United Kingdom,Europe,2022-01-18,67886004,1492.74,2496614.79,8.82,29946.9,22558.94,51333080.35
United Kingdom,Europe,2022-01-19,67886004,850.25,2497465.04,24.38,29971.27,22258.38,51355338.73
United Kingdom,Europe,2022-01-20,67886004,627.73,2498092.77,14.54,29985.81,21961.57,51377300.3
United Kingdom,Europe,2022-01-21,67886004,731.54,2498824.3,0.0,29985.81,21668.45,51398968.75
United Kingdom,Europe,2022-01-22,67886004,284.14,2499108.45,0.0,29985.81,21379.0,51420347.76
United Kingdom,Europe,2022-01-23,67886004,1273.69,2500382.13,14.23,30000.04,21093.17,51441440.93
United Kingdom,Europe,2022-01-24,67886004,613.07,2500995.2,3.58,30003.61,20810.93,51462251.86
United Kingdom,Europe,2022-01-25,67886004,1204.89,2502200.09,3.86,30007.48,20532.23,51482784.09
United Kingdom,Europe,2022-01-26,67886004,720.65,2502920.75,24.21,30031.68,20257.04,51503041.14
United Kingdom,Europe,2022-01-27,67886004,1179.79,2504100.54,16.66,30048.34,19985.33,51523026.46
United Kingdom,Europe,2022-01-28,67886004,746.78,2504847.32,12.76,30061.1,19717.04,51542743.5
United Kingdom,Europe,2022-01-29,67886004,933.64,2505780.96,5.67,30066.77,19452.15,51562195.65
United Kingdom,Europe,2022-01-30,67886004,865.34,2506646.31,16.16,30082.93,19190.61,51581386.26
United Kingdom,Europe,2022-01-31,67886004,811.04,2507457.34,6.69,30089.62,18932.39,51600318.65
United States,North America,2020-02-01,331002647,0.0,0.0,0.29,0.29,0.0,0.0
United States,North America,2020-02-02,331002647,23.37,23.37,1.66,1.96,0.0,0.0
United States,North America,2020-02-03,331002647,58.46,81.83,0.0,1.96,0.0,0.0
United States,North America,2020-02-04,331002647,21.57,103.39,0.0,1.96,0.0,0.0
United States,North America,2020-02-05,331002647,0.0,103.39,0.11,2.07,0.0,0.0
United States,North America,2020-02-06,331002647,0.0,103.39,0.0,2.07,0.0,0.0
United States,North America,2020-02-07,331002647,0.0,103.39,0.0,2.07,0.0,0.0
United States,North America,2020-02-08,331002647,0.0,103.39,0.0,2.07,0.0,0.0
United States,North America,2020-02-09,331002647,71.2,174.59,0.0,2.07,0.0,0.0
United States,North America,2020-02-10,331002647,227.32,401.91,3.45,5.53,0.0,0.0
United States,North America,2020-02-11,331002647,76.51,478.42,5.76,11.28,0.0,0.0
United States,North America,2020-02-12,331002647,0.0,478.42,8.65,19.93,0.0,0.0
United States,North America,2020-02-13,331002647,69.48,547.89,0.0,19.93,0.0,0.0
United States,North America,2020-02-14,331002647,87.21,635.11,0.0,19.93,0.0,0.0
United States,North America,2020-02-15,331002647,578.84,1213.95,10.45,30.38,0.0,0.0
United States,North America,2020-02-16,331002647,0.0,1213.95,4.89,35.26,0.0,0.0
United States,North America,2020-02-17,331002647,79.24,1293.19,0.0,35.26,0.0,0.0
United States,North America,2020-02-18,331002647,625.31,1918.5,13.83,49.09,0.0,0.0
United States,North America,2020-02-19,331002647,336.63,2255.13,11.88,60.97,0.0,0.0
United States,North America,2020-02-20,331002647,399.46,2654.59,15.13,76.09,0.0,0.0
United States,North America,2020-02-21,331002647,301.93,2956.52,17.85,93.94,0.0,0.0
United States,North America,2020-02-22,331002647,399.01,3355.53,0.0,93.94,0.0,0.0
United States,North America,2020-02-23,331002647,579.28,3934.81,7.06,101.01,0.0,0.0
United States,North America,2020-02-24,331002647,90.47,4025.28,1.18,102.18,0.0,0.0
United States,North America,2020-02-25,331002647,706.47,4731.76,7.69,109.87,0.0,0.0
United States,North America,2020-02-26,331002647,0.0,4731.76,0.0,109.87,0.0,0.0
United States,North America,2020-02-27,331002647,560.59,5292.34,0.0,109.87,0.0,0.0
United States,North America,2020-02-28,331002647,533.18,5825.52,7.14,117.01,0.0,0.0
United States,North America,2020-02-29,331002647,281.07,6106.59,0.0,117.01,0.0,0.0
United States,North America,2020-03-01,331002647,516.23,6622.81,6.88,123.9,0.0,0.0
United States,North America,2020-03-02,331002647,334.95,6957.77,0.0,123.9,0.0,0.0
United States,North America,2020-03-03,331002647,207.76,7165.53,0.0,123.9,0.0,0.0
United States,North America,2020-03-04,331002647,490.48,7656.0,7.76,131.66,0.0,0.0
United States,North America,2020-03-05,331002647,260.66,7916.66,4.34,135.99,0.0,0.0
United States,North America,2020-03-06,331002647,794.32,8710.99,14.17,150.16,0.0,0.0
United States,North America,2020-03-07,331002647,314.63,9025.62,21.26,171.42,0.0,0.0
United States,North America,2020-03-08,331002647,1003.74,10029.36,14.26,185.68,0.0,0.0
United States,North America,2020-03-09,331002647,380.04,10409.4,8.44,194.13,0.0,0.0
United States,North America,2020-03-10,331002647,636.05,11045.45,0.0,194.13,0.0,0.0
United States,North America,2020-03-11,331002647,658.06,11703.51,0.0,194.13,0.0,0.0
United States,North America,2020-03-12,331002647,1384.67,13088.18,29.28,223.4,0.0,0.0
United States,North America,2020-03-13,331002647,1082.51,14170.68,5.6,229.01,0.0,0.0
United States,North America,2020-03-14,331002647,940.72,15111.4,2.94,231.94,0.0,0.0
United States,North America,2020-03-15,331002647,1239.24,16350.64,14.56,246.5,0.0,0.0
United States,North America,2020-03-16,331002647,379.03,16729.67,3.83,250.33,0.0,0.0
United States,North America,2020-03-17,331002647,1155.35,17885.02,6.64,256.97,0.0,0.0
United States,North America,2020-03-18,331002647,1925.58,19810.6,20.67,277.64,0.0,0.0
United States,North America,2020-03-19,331002647,1330.94,21141.53,25.81,303.45,0.0,0.0
United States,North America,2020-03-20,331002647,1368.75,22510.29,9.98,313.42,0.0,0.0
United States,North America,2020-03-21,331002647,1599.46,24109.75,8.04,321.47,0.0,0.0
United States,North America,2020-03-22,331002647,1786.03,25895.78,28.97,350.44,0.0,0.0
United States,North America,2020-03-23,331002647,840.77,26736.56,14.03,364.47,0.0,0.0
United States,North America,2020-03-24,331002647,1020.81,27757.37,7.29,371.75,0.0,0.0
United States,North America,2020-03-25,331002647,1755.44,29512.8,8.41,380.16,0.0,0.0
United States,North America,2020-03-26,331002647,1506.36,31019.17,12.12,392.28,0.0,0.0
United States,North America,2020-03-27,331002647,2293.09,33312.26,27.08,419.36,0.0,0.0
United States,North America,2020-03-28,331002647,1803.49,35115.75,30.97,450.33,0.0,0.0
United States,North America,2020-03-29,331002647,1319.32,36435.07,7.54,457.87,0.0,0.0
United States,North America,2020-03-30,331002647,1637.91,38072.98,18.98,476.85,0.0,0.0
United States,North America,2020-03-31,331002647,1207.4,39280.38,19.89,496.74,0.0,0.0
United States,North America,2020-04-01,331002647,2178.72,41459.11,7.09,503.83,0.0,0.0
United States,North America,2020-04-02,331002647,2288.46,43747.57,35.73,539.56,0.0,0.0
United States,North America,2020-04-03,331002647,2302.44,46050.01,18.17,557.73,0.0,0.0
United States,North America,2020-04-04,331002647,2928.14,48978.15,37.79,595.52,0.0,0.0
United States,North America,2020-04-05,331002647,3072.51,52050.67,38.84,634.37,0.0,0.0
United States,North America,2020-04-06,331002647,2698.88,54749.55,41.06,675.43,0.0,0.0
United States,North America,2020-04-07,331002647,2119.89,56869.44,29.85,705.28,0.0,0.0
United States,North America,2020-04-08,331002647,3194.65,60064.09,19.32,724.6,0.0,0.0
United States,North America,2020-04-09,331002647,3287.62,63351.71,33.17,757.77,0.0,0.0
United States,North America,2020-04-10,331002647,3319.28,66670.99,40.94,798.71,0.0,0.0
United States,North America,2020-04-11,331002647,3675.39,70346.39,42.54,841.25,0.0,0.0
United States,North America,2020-04-12,331002647,3048.2,73394.58,40.4,881.65,0.0,0.0
United States,North America,2020-04-13,331002647,4286.13,77680.71,57.75,939.4,0.0,0.0
United States,North America,2020-04-14,331002647,3377.6,81058.31,45.4,984.8,0.0,0.0
United States,North America,2020-04-15,331002647,4109.14,85167.45,47.6,1032.39,0.0,0.0
United States,North America,2020-04-16,331002647,3393.02,88560.47,25.95,1058.34,0.0,0.0
United States,North America,2020-04-17,331002647,3797.87,92358.34,41.93,1100.27,0.0,0.0
United States,North America,2020-04-18,331002647,4797.22,97155.56,60.9,1161.17,0.0,0.0
United States,North America,2020-04-19,331002647,4321.38,101476.94,43.13,1204.3,0.0,0.0
United States,North America,2020-04-20,331002647,4856.02,106332.96,63.32,1267.62,0.0,0.0
United States,North America,2020-04-21,331002647,4797.46,111130.42,64.84,1332.46,0.0,0.0
United States,North America,2020-04-22,331002647,4833.39,115963.81,59.02,1391.47,0.0,0.0
United States,North America,2020-04-23,331002647,5506.15,121469.96,41.56,1433.04,0.0,0.0
United States,North America,2020-04-24,331002647,5107.71,126577.67,51.07,1484.11,0.0,0.0
United States,North America,2020-04-25,331002647,4732.05,131309.72,71.87,1555.98,0.0,0.0
United States,North America,2020-04-26,331002647,5241.91,136551.63,58.53,1614.51,0.0,0.0
United States,North America,2020-04-27,331002647,5886.64,142438.27,54.77,1669.28,0.0,0.0
United States,North America,2020-04-28,331002647,6005.71,148443.99,81.95,1751.23,0.0,0.0
United States,North America,2020-04-29,331002647,5495.21,153939.19,66.05,1817.28,0.0,0.0
United States,North America,2020-04-30,331002647,5969.32,159908.51,80.47,1897.75,0.0,0.0
United States,North America,2020-05-01,331002647,6201.1,166109.62,76.63,1974.38,0.0,0.0
United States,North America,2020-05-02,331002647,6461.29,172570.91,81.2,2055.58,0.0,0.0
United States,North America,2020-05-03,331002647,6294.7,178865.6,78.44,2134.02,0.0,0.0
United States,North America,2020-05-04,331002647,6745.87,185611.47,86.53,2220.55,0.0,0.0
United States,North America,2020-05-05,331002647,6902.71,192514.19,101.05,2321.6,0.0,0.0
United States,North America,2020-05-06,331002647,7621.99,200136.17,99.23,2420.84,0.0,0.0
United States,North America,2020-05-07,331002647,7831.57,207967.74,81.34,2502.17,0.0,0.0
United States,North America,2020-05-08,331002647,7695.86,215663.6,95.92,2598.1,0.0,0.0
United States,North America,2020-05-09,331002647,7810.2,223473.8,102.85,2700.95,0.0,0.0
United States,North America,2020-05-10,331002647,8198.78,231672.58,108.01,2808.96,0.0,0.0
United States,North America,2020-05-11,331002647,8068.15,239740.73,93.41,2902.36,0.0,0.0
United States,North America,2020-05-12,331002647,8158.35,247899.09,107.22,3009.58,0.0,0.0
United States,North America,2020-05-13,331002647,8437.97,256337.05,108.68,3118.26,0.0,0.0
United States,North America,2020-05-14,331002647,8753.54,265090.59,125.62,3243.88,0.0,0.0
United States,North America,2020-05-15,331002647,8778.42,273869.01,99.34,3343.22,0.0,0.0
United States,North America,2020-05-16,331002647,9453.37,283322.37,109.38,3452.6,0.0,0.0
United States,North America,2020-05-17,331002647,9864.0,293186.38,115.92,3568.52,0.0,0.0
United States,North America,2020-05-18,331002647,9265.88,302452.26,107.27,3675.79,0.0,0.0
United States,North America,2020-05-19,331002647,10043.56,312495.81,113.4,3789.19,0.0,0.0
United States,North America,2020-05-20,331002647,10171.67,322667.48,99.96,3889.15,0.0,0.0
United States,North America,2020-05-21,331002647,10582.38,333249.86,123.51,4012.66,0.0,0.0
United States,North America,2020-05-22,331002647,10672.68,343922.54,131.03,4143.69,0.0,0.0
United States,North America,2020-05-23,331002647,10382.79,354305.33,120.65,4264.34,0.0,0.0
United States,North America,2020-05-24,331002647,10663.86,364969.19,143.45,4407.79,0.0,0.0
United States,North America,2020-05-25,331002647,11329.77,376298.96,136.06,4543.85,0.0,0.0
United States,North America,2020-05-26,331002647,11892.78,388191.75,153.04,4696.89,0.0,0.0
United States,North America,2020-05-27,331002647,10970.24,399161.99,133.73,4830.63,0.0,0.0
United States,North America,2020-05-28,331002647,12077.8,411239.79,151.54,4982.17,0.0,0.0
United States,North America,2020-05-29,331002647,12583.65,423823.45,153.24,5135.41,0.0,0.0
United States,North America,2020-05-30,331002647,12322.93,436146.37,158.83,5294.24,0.0,0.0
United States,North America,2020-05-31,331002647,12776.78,448923.15,153.77,5448.0,0.0,0.0
United States,North America,2020-06-01,331002647,12544.19,461467.34,154.5,5602.5,0.0,0.0
United States,North America,2020-06-02,331002647,12952.67,474420.01,158.36,5760.87,0.0,0.0
United States,North America,2020-06-03,331002647,12629.27,487049.28,149.24,5910.11,0.0,0.0
United States,North America,2020-06-04,331002647,12575.97,499625.25,154.15,6064.26,0.0,0.0
United States,North America,2020-06-05,331002647,13923.92,513549.17,184.96,6249.22,0.0,0.0
United States,North America,2020-06-06,331002647,13444.03,526993.2,159.17,6408.39,0.0,0.0
United States,North America,2020-06-07,331002647,13821.36,540814.57,169.21,6577.6,0.0,0.0
United States,North America,2020-06-08,331002647,13684.55,554499.12,174.28,6751.88,0.0,0.0
United States,North America,2020-06-09,331002647,13862.13,568361.25,175.47,6927.35,0.0,0.0
United States,North America,2020-06-10,331002647,14477.2,582838.45,173.82,7101.17,0.0,0.0
United States,North America,2020-06-11,331002647,14461.56,597300.01,154.47,7255.64,0.0,0.0
United States,North America,2020-06-12,331002647,15024.32,612324.32,184.43,7440.06,0.0,0.0
United States,North America,2020-06-13,331002647,15221.61,627545.93,164.9,7604.97,0.0,0.0
United States,North America,2020-06-14,331002647,15342.6,642888.53,195.87,7800.84,0.0,0.0
United States,North America,2020-06-15,331002647,15476.63,658365.16,187.08,7987.91,0.0,0.0
United States,North America,2020-06-16,331002647,16103.71,674468.88,201.24,8189.16,0.0,0.0
United States,North America,2020-06-17,331002647,15331.61,689800.49,176.76,8365.92,0.0,0.0
United States,North America,2020-06-18,331002647,15835.04,705635.53,177.6,8543.52,0.0,0.0
United States,North America,2020-06-19,331002647,16394.8,722030.33,198.82,8742.34,0.0,0.0
United States,North America,2020-06-20,331002647,16579.96,738610.29,198.69,8941.03,0.0,0.0
United States,North America,2020-06-21,331002647,15773.57,754383.86,185.35,9126.38,0.0,0.0
United States,North America,2020-06-22,331002647,16290.32,770674.18,196.16,9322.54,0.0,0.0
United States,North America,2020-06-23,331002647,16997.96,787672.14,226.12,9548.66,0.0,0.0
United States,North America,2020-06-24,331002647,16817.82,804489.96,208.49,9757.15,0.0,0.0
United States,North America,2020-06-25,331002647,16819.98,821309.95,210.24,9967.39,0.0,0.0
United States,North America,2020-06-26,331002647,16781.26,838091.21,208.13,10175.51,0.0,0.0
United States,North America,2020-06-27,331002647,16822.99,854914.2,213.71,10389.22,0.0,0.0
United States,North America,2020-06-28,331002647,17152.03,872066.24,204.3,10593.53,0.0,0.0
United States,North America,2020-06-29,331002647,17050.53,889116.77,188.17,10781.7,0.0,0.0
United States,North America,2020-06-30,331002647,17205.46,906322.23,204.96,10986.65,0.0,0.0
United States,North America,2020-07-01,331002647,17323.09,923645.32,214.37,11201.02,0.0,0.0
United States,North America,2020-07-02,331002647,17127.12,940772.44,197.77,11398.79,0.0,0.0
United States,North America,2020-07-03,331002647,17613.15,958385.59,209.95,11608.74,0.0,0.0
United States,North America,2020-07-04,331002647,18502.9,976888.49,216.5,11825.24,0.0,0.0
United States,North America,2020-07-05,331002647,16910.49,993798.98,214.94,12040.18,0.0,0.0
United States,North America,2020-07-06,331002647,17688.83,1011487.82,218.26,12258.44,0.0,0.0
United States,North America,2020-07-07,331002647,17345.81,1028833.63,213.36,12471.8,0.0,0.0
United States,North America,2020-07-08,331002647,17843.86,1046677.49,219.1,12690.9,0.0,0.0
United States,North America,2020-07-09,331002647,17681.39,1064358.87,211.88,12902.78,0.0,0.0
United States,North America,2020-07-10,331002647,17948.51,1082307.38,216.96,13119.74,0.0,0.0
United States,North America,2020-07-11,331002647,18103.51,1100410.9,207.76,13327.5,0.0,0.0
United States,North America,2020-07-12,331002647,17763.14,1118174.04,195.67,13523.17,0.0,0.0
United States,North America,2020-07-13,331002647,18089.23,1136263.26,218.27,13741.44,0.0,0.0
United States,North America,2020-07-14,331002647,16863.27,1153126.54,204.95,13946.39,0.0,0.0
United States,North America,2020-07-15,331002647,18224.81,1171351.35,228.37,14174.77,0.0,0.0
United States,North America,2020-07-16,331002647,17777.46,1189128.8,225.9,14400.67,0.0,0.0
United States,North America,2020-07-17,331002647,17995.2,1207124.01,228.5,14629.17,0.0,0.0
United States,North America,2020-07-18,331002647,17156.58,1224280.58,197.89,14827.06,0.0,0.0
United States,North America,2020-07-19,331002647,17252.23,1241532.81,204.21,15031.27,0.0,0.0
United States,North America,2020-07-20,331002647,17547.54,1259080.35,214.41,15245.68,0.0,0.0
United States,North America,2020-07-21,331002647,17438.05,1276518.4,229.51,15475.2,0.0,0.0
United States,North America,2020-07-22,331002647,17484.84,1294003.24,221.66,15696.86,0.0,0.0
United States,North America,2020-07-23,331002647,17701.41,1311704.65,221.37,15918.23,0.0,0.0
United States,North America,2020-07-24,331002647,16634.52,1328339.17,196.51,16114.74,0.0,0.0
United States,North America,2020-07-25,331002647,17518.29,1345857.46,203.15,16317.89,0.0,0.0
United States,North America,2020-07-26,331002647,17100.17,1362957.63,211.51,16529.41,0.0,0.0
United States,North America,2020-07-27,331002647,16940.64,1379898.27,194.48,16723.89,0.0,0.0
United States,North America,2020-07-28,331002647,16406.8,1396305.07,194.97,16918.86,0.0,0.0
United States,North America,2020-07-29,331002647,17002.66,1413307.73,203.11,17121.98,0.0,0.0
United States,North America,2020-07-30,331002647,15881.92,1429189.65,203.33,17325.3,0.0,0.0
United States,North America,2020-07-31,331002647,16849.6,1446039.25,199.36,17524.66,0.0,0.0
United States,North America,2020-08-01,331002647,15991.93,1462031.18,172.39,17697.05,0.0,0.0
United States,North America,2020-08-02,331002647,16420.29,1478451.47,201.08,17898.13,0.0,0.0
United States,North America,2020-08-03,331002647,16243.36,1494694.83,189.33,18087.46,0.0,0.0
United States,North America,2020-08-04,331002647,16574.19,1511269.02,199.23,18286.69,0.0,0.0
United States,North America,2020-08-05,331002647,15978.58,1527247.6,191.05,18477.74,0.0,0.0
United States,North America,2020-08-06,331002647,15671.11,1542918.71,185.86,18663.6,0.0,0.0
United States,North America,2020-08-07,331002647,15606.59,1558525.29,193.6,18857.2,0.0,0.0
United States,North America,2020-08-08,331002647,16096.35,1574621.64,180.89,19038.1,0.0,0.0
United States,North America,2020-08-09,331002647,15702.81,1590324.46,184.3,19222.39,0.0,0.0
United States,North America,2020-08-10,331002647,15241.94,1605566.39,188.38,19410.77,0.0,0.0
United States,North America,2020-08-11,331002647,15153.7,1620720.09,176.93,19587.7,0.0,0.0
United States,North America,2020-08-12,331002647,14545.47,1635265.56,161.68,19749.38,0.0,0.0
United States,North America,2020-08-13,331002647,15085.67,1650351.23,186.38,19935.75,0.0,0.0
United States,North America,2020-08-14,331002647,14187.91,1664539.14,179.24,20114.99,0.0,0.0
United States,North America,2020-08-15,331002647,14919.75,1679458.89,178.68,20293.67,0.0,0.0
United States,North America,2020-08-16,331002647,14553.29,1694012.18,158.95,20452.62,0.0,0.0
United States,North America,2020-08-17,331002647,15194.44,1709206.62,187.98,20640.6,0.0,0.0
United States,North America,2020-08-18,331002647,13824.01,1723030.64,152.61,20793.21,0.0,0.0
United States,North America,2020-08-19,331002647,14022.72,1737053.36,170.74,20963.96,0.0,0.0
United States,North America,2020-08-20,331002647,14537.4,1751590.76,167.35,21131.3,0.0,0.0
United States,North America,2020-08-21,331002647,14174.32,1765765.08,160.81,21292.12,0.0,0.0
United States,North America,2020-08-22,331002647,13363.19,1779128.26,156.82,21448.94,0.0,0.0
United States,North America,2020-08-23,331002647,13535.2,1792663.46,160.96,21609.9,0.0,0.0
United States,North America,2020-08-24,331002647,13308.08,1805971.54,154.54,21764.44,0.0,0.0
United States,North America,2020-08-25,331002647,13257.49,1819229.03,163.8,21928.24,0.0,0.0
United States,North America,2020-08-26,331002647,12766.74,1831995.77,149.63,22077.87,0.0,0.0
United States,North America,2020-08-27,331002647,12833.74,1844829.51,161.85,22239.72,0.0,0.0
United States,North America,2020-08-28,331002647,12160.87,1856990.38,148.18,22387.9,0.0,0.0
United States,North America,2020-08-29,331002647,12624.32,1869614.7,145.91,22533.81,0.0,0.0
United States,North America,2020-08-30,331002647,12593.23,1882207.93,144.19,22678.0,0.0,0.0
United States,North America,2020-08-31,331002647,12216.86,1894424.79,133.42,22811.42,0.0,0.0
United States,North America,2020-09-01,331002647,11594.14,1906018.94,141.46,22952.88,0.0,0.0
United States,North America,2020-09-02,331002647,12370.76,1918389.69,145.61,23098.49,0.0,0.0
United States,North America,2020-09-03,331002647,12020.29,1930409.99,125.27,23223.76,0.0,0.0
United States,North America,2020-09-04,331002647,11509.29,1941919.28,133.83,23357.58,0.0,0.0
United States,North America,2020-09-05,331002647,11538.78,1953458.06,131.26,23488.84,0.0,0.0
United States,North America,2020-09-06,331002647,10988.42,1964446.48,144.47,23633.31,0.0,0.0
United States,North America,2020-09-07,331002647,11034.65,1975481.13,118.79,23752.1,0.0,0.0
United States,North America,2020-09-08,331002647,11088.56,1986569.69,121.53,23873.63,0.0,0.0
United States,North America,2020-09-09,331002647,11593.5,1998163.19,148.0,24021.63,0.0,0.0
United States,North America,2020-09-10,331002647,10830.12,2008993.31,140.82,24162.45,0.0,0.0
United States,North America,2020-09-11,331002647,11172.18,2020165.49,128.11,24290.56,0.0,0.0
United States,North America,2020-09-12,331002647,10657.74,2030823.24,122.84,24413.39,0.0,0.0
United States,North America,2020-09-13,331002647,10834.98,2041658.22,134.95,24548.34,0.0,0.0
United States,North America,2020-09-14,331002647,10604.86,2052263.08,108.64,24656.98,0.0,0.0
United States,North America,2020-09-15,331002647,10870.27,2063133.35,115.55,24772.54,0.0,0.0
United States,North America,2020-09-16,331002647,10292.17,2073425.52,121.26,24893.8,0.0,0.0
United States,North America,2020-09-17,331002647,9848.0,2083273.52,130.58,25024.37,0.0,0.0
United States,North America,2020-09-18,331002647,9838.19,2093111.71,114.57,25138.94,0.0,0.0
United States,North America,2020-09-19,331002647,10063.74,2103175.45,121.57,25260.52,0.0,0.0
United States,North America,2020-09-20,331002647,9745.35,2112920.8,126.01,25386.53,0.0,0.0
United States,North America,2020-09-21,331002647,10263.36,2123184.16,140.02,25526.55,0.0,0.0
United States,North America,2020-09-22,331002647,9898.74,2133082.9,114.17,25640.72,0.0,0.0
United States,North America,2020-09-23,331002647,10839.59,2143922.49,129.94,25770.66,0.0,0.0
United States,North America,2020-09-24,331002647,9351.78,2153274.27,126.8,25897.45,0.0,0.0
United States,North America,2020-09-25,331002647,9987.56,2163261.82,107.67,26005.13,0.0,0.0
United States,North America,2020-09-26,331002647,9482.64,2172744.47,122.01,26127.14,0.0,0.0
United States,North America,2020-09-27,331002647,9670.72,2182415.18,107.9,26235.04,0.0,0.0
United States,North America,2020-09-28,331002647,9863.74,2192278.93,119.18,26354.23,0.0,0.0
United States,North America,2020-09-29,331002647,8976.06,2201254.99,105.77,26460.0,0.0,0.0
United States,North America,2020-09-30,331002647,9853.37,2211108.36,110.58,26570.58,0.0,0.0
United States,North America,2020-10-01,331002647,10421.88,2221530.24,117.2,26687.77,0.0,0.0
United States,North America,2020-10-02,331002647,9587.36,2231117.6,117.26,26805.03,0.0,0.0
United States,North America,2020-10-03,331002647,9831.98,2240949.58,125.95,26930.98,0.0,0.0
United States,North America,2020-10-04,331002647,10099.52,2251049.1,120.16,27051.14,0.0,0.0
United States,North America,2020-10-05,331002647,9687.89,2260736.99,116.82,27167.95,0.0,0.0
United States,North America,2020-10-06,331002647,9551.09,2270288.08,119.18,27287.13,0.0,0.0
United States,North America,2020-10-07,331002647,8971.71,2279259.79,99.89,27387.02,0.0,0.0
United States,North America,2020-10-08,331002647,10010.92,2289270.71,126.05,27513.07,0.0,0.0
United States,North America,2020-10-09,331002647,9769.84,2299040.55,123.79,27636.86,0.0,0.0
United States,North America,2020-10-10,331002647,9482.33,2308522.87,134.62,27771.48,0.0,0.0
United States,North America,2020-10-11,331002647,9912.77,2318435.64,115.94,27887.43,0.0,0.0
United States,North America,2020-10-12,331002647,9700.16,2328135.8,112.74,28000.16,0.0,0.0
United States,North America,2020-10-13,331002647,9759.71,2337895.51,123.27,28123.43,0.0,0.0
United States,North America,2020-10-14,331002647,10201.2,2348096.71,128.97,28252.4,0.0,0.0
United States,North America,2020-10-15,331002647,9568.94,2357665.65,110.55,28362.94,0.0,0.0
United States,North America,2020-10-16,331002647,10456.25,2368121.9,122.25,28485.19,0.0,0.0
United States,North America,2020-10-17,331002647,9656.65,2377778.55,120.21,28605.4,0.0,0.0
United States,North America,2020-10-18,331002647,9973.78,2387752.33,113.06,28718.47,0.0,0.0
United States,North America,2020-10-19,331002647,10942.28,2398694.61,128.02,28846.49,0.0,0.0
United States,North America,2020-10-20,331002647,10730.85,2409425.46,129.49,28975.98,0.0,0.0
United States,North America,2020-10-21,331002647,10440.87,2419866.32,133.26,29109.24,0.0,0.0
United States,North America,2020-10-22,331002647,10151.22,2430017.55,116.98,29226.21,0.0,0.0
United States,North America,2020-10-23,331002647,10372.02,2440389.57,109.73,29335.94,0.0,0.0
United States,North America,2020-10-24,331002647,10662.81,2451052.38,112.62,29448.56,0.0,0.0
United States,North America,2020-10-25,331002647,10733.08,2461785.46,118.72,29567.28,0.0,0.0
United States,North America,2020-10-26,331002647,10773.7,2472559.16,118.78,29686.06,0.0,0.0
United States,North America,2020-10-27,331002647,10882.9,2483442.06,129.36,29815.42,0.0,0.0
United States,North America,2020-10-28,331002647,10909.35,2494351.41,121.4,29936.82,0.0,0.0
United States,North America,2020-10-29,331002647,10572.73,2504924.14,121.25,30058.07,0.0,0.0
United States,North America,2020-10-30,331002647,10991.91,2515916.05,125.71,30183.78,0.0,0.0
United States,North America,2020-10-31,331002647,11590.14,2527506.19,135.56,30319.34,0.0,0.0
United States,North America,2020-11-01,331002647,10890.37,2538396.57,141.26,30460.6,0.0,0.0
United States,North America,2020-11-02,331002647,11404.0,2549800.57,142.14,30602.75,0.0,0.0
United States,North America,2020-11-03,331002647,11286.12,2561086.68,135.56,30738.31,0.0,0.0
United States,North America,2020-11-04,331002647,11716.18,2572802.87,136.91,30875.21,0.0,0.0
United States,North America,2020-11-05,331002647,11646.71,2584449.57,136.29,31011.51,0.0,0.0
United States,North America,2020-11-06,331002647,12406.53,2596856.1,151.5,31163.01,0.0,0.0
United States,North America,2020-11-07,331002647,12174.49,2609030.59,150.77,31313.78,0.0,0.0
United States,North America,2020-11-08,331002647,11646.69,2620677.28,132.5,31446.28,0.0,0.0
United States,North America,2020-11-09,331002647,12450.13,2633127.42,149.69,31595.97,0.0,0.0
United States,North America,2020-11-10,331002647,12054.04,2645181.46,128.4,31724.37,0.0,0.0
United States,North America,2020-11-11,331002647,12233.62,2657415.08,148.5,31872.86,0.0,0.0
United States,North America,2020-11-12,331002647,12656.1,2670071.18,157.97,32030.83,0.0,0.0
United States,North America,2020-11-13,331002647,12484.97,2682556.15,147.58,32178.41,0.0,0.0
United States,North America,2020-11-14,331002647,13080.4,2695636.55,171.5,32349.91,0.0,0.0
United States,North America,2020-11-15,331002647,12607.47,2708244.02,144.24,32494.15,0.0,0.0
United States,North America,2020-11-16,331002647,12772.25,2721016.27,155.01,32649.15,0.0,0.0
United States,North America,2020-11-17,331002647,12869.04,2733885.31,154.14,32803.3,0.0,0.0
United States,North America,2020-11-18,331002647,13010.08,2746895.38,155.32,32958.62,0.0,0.0
United States,North America,2020-11-19,331002647,13701.3,2760596.68,163.5,33122.12,0.0,0.0
United States,North America,2020-11-20,331002647,13644.31,2774240.99,164.59,33286.7,0.0,0.0
United States,North America,2020-11-21,331002647,14129.32,2788370.31,176.34,33463.04,0.0,0.0
United States,North America,2020-11-22,331002647,14429.96,2802800.28,184.18,33647.22,0.0,0.0
United States,North America,2020-11-23,331002647,13379.68,2816179.96,160.54,33807.76,0.0,0.0
United States,North America,2020-11-24,331002647,13867.77,2830047.73,172.94,33980.7,0.0,0.0
United States,North America,2020-11-25,331002647,13532.58,2843580.31,156.78,34137.47,0.0,0.0
United States,North America,2020-11-26,331002647,13771.5,2857351.81,171.39,34308.86,0.0,0.0
United States,North America,2020-11-27,331002647,13920.72,2871272.53,160.95,34469.81,0.0,0.0
United States,North America,2020-11-28,331002647,13866.87,2885139.41,175.13,34644.94,0.0,0.0
United States,North America,2020-11-29,331002647,13962.26,2899101.66,185.23,34830.17,0.0,0.0
United States,North America,2020-11-30,331002647,14371.26,2913472.92,171.48,35001.65,0.0,0.0
United States,North America,2020-12-01,331002647,14084.93,2927557.85,151.48,35153.13,0.0,0.0
United States,North America,2020-12-02,331002647,14892.11,2942449.96,174.32,35327.45,0.0,0.0
United States,North America,2020-12-03,331002647,14360.19,2956810.15,182.18,35509.63,0.0,0.0
United States,North America,2020-12-04,331002647,15746.14,2972556.3,193.38,35703.0,0.0,0.0
United States,North America,2020-12-05,331002647,14683.44,2987239.74,178.19,35881.2,0.0,0.0
United States,North America,2020-12-06,331002647,14942.4,3002182.14,187.38,36068.58,0.0,0.0
United States,North America,2020-12-07,331002647,14536.64,3016718.78,178.32,36246.89,0.0,0.0
United States,North America,2020-12-08,331002647,15656.9,3032375.68,197.62,36444.52,0.0,0.0
United States,North America,2020-12-09,331002647,15518.22,3047893.9,193.57,36638.09,0.0,0.0
United States,North America,2020-12-10,331002647,15293.71,3063187.61,195.7,36833.79,0.0,0.0
United States,North America,2020-12-11,331002647,14778.48,3077966.09,180.21,37014.0,0.0,0.0
United States,North America,2020-12-12,331002647,15380.29,3093346.38,191.81,37205.81,0.0,0.0
United States,North America,2020-12-13,331002647,14967.28,3108313.65,177.15,37382.96,0.0,0.0
United States,North America,2020-12-14,331002647,15921.28,3124234.94,186.24,37569.2,0.0,0.0
United States,North America,2020-12-15,331002647,15738.76,3139973.7,202.52,37771.72,0.0,0.0
United States,North America,2020-12-16,331002647,15531.35,3155505.05,188.11,37959.82,0.0,0.0
United States,North America,2020-12-17,331002647,14683.9,3170188.95,182.65,38142.47,0.0,0.0
United States,North America,2020-12-18,331002647,15227.33,3185416.28,183.72,38326.19,0.0,0.0
United States,North America,2020-12-19,331002647,15843.31,3201259.58,185.43,38511.62,0.0,0.0
United States,North America,2020-12-20,331002647,16054.28,3217313.86,192.74,38704.35,0.0,0.0
United States,North America,2020-12-21,331002647,16041.24,3233355.1,203.98,38908.34,0.0,0.0
United States,North America,2020-12-22,331002647,15115.12,3248470.22,185.82,39094.16,27109267.83,27109267.83
United States,North America,2020-12-23,331002647,15793.16,3264263.38,175.83,39269.99,348572.14,27457839.97
United States,North America,2020-12-24,331002647,16054.32,3280317.71,190.93,39460.92,352514.68,27810354.65
United States,North America,2020-12-25,331002647,15125.7,3295443.4,195.77,39656.68,356487.9,28166842.54
United States,North America,2020-12-26,331002647,15706.49,3311149.89,186.77,39843.45,360491.68,28527334.23
United States,North America,2020-12-27,331002647,15804.16,3326954.05,175.25,40018.7,364525.89,28891860.12
United States,North America,2020-12-28,331002647,15598.0,3342552.05,202.32,40221.02,368590.37,29260450.49
United States,North America,2020-12-29,331002647,15045.85,3357597.9,186.01,40407.03,372684.98,29633135.47
United States,North America,2020-12-30,331002647,15566.83,3373164.73,186.24,40593.27,376809.52,30009944.99
United States,North America,2020-12-31,331002647,15548.87,3388713.6,183.62,40776.88,380963.83,30390908.82
United States,North America,2021-01-01,331002647,15590.09,3404303.7,195.74,40972.62,385147.7,30776056.52
United States,North America,2021-01-02,331002647,15419.09,3419722.79,180.69,41153.32,389360.92,31165417.44
United States,North America,2021-01-03,331002647,15431.54,3435154.33,194.36,41347.68,393603.28,31559020.72
United States,North America,2021-01-04,331002647,15538.91,3450693.24,190.8,41538.49,397874.52,31956895.24
United States,North America,2021-01-05,331002647,15669.83,3466363.07,190.0,41728.48,402174.41,32359069.65
United States,North America,2021-01-06,331002647,15366.54,3481729.61,185.56,41914.04,406502.67,32765572.31
United States,North America,2021-01-07,331002647,15283.83,3497013.44,182.01,42096.05,410859.03,33176431.34
United States,North America,2021-01-08,331002647,15409.68,3512423.12,193.28,42289.33,415243.2,33591674.54
United States,North America,2021-01-09,331002647,14651.24,3527074.35,168.89,42458.22,419654.86,34011329.4
United States,North America,2021-01-10,331002647,15432.82,3542507.18,172.22,42630.44,424093.7,34435423.1
United States,North America,2021-01-11,331002647,15204.11,3557711.29,187.36,42817.81,428559.37,34863982.47
United States,North America,2021-01-12,331002647,15152.84,3572864.13,186.88,43004.69,433051.54,35297034.01
United States,North America,2021-01-13,331002647,15406.08,3588270.21,188.71,43193.41,437569.81,35734603.82
United States,North America,2021-01-14,331002647,14313.51,3602583.71,175.02,43368.43,442113.82,36176717.65
United States,North America,2021-01-15,331002647,14229.67,3616813.38,168.19,43536.62,446683.16,36623400.81
United States,North America,2021-01-16,331002647,14936.27,3631749.65,185.54,43722.16,451277.42,37074678.23
United States,North America,2021-01-17,331002647,14754.34,3646503.99,176.69,43898.84,455896.17,37530574.4
United States,North America,2021-01-18,331002647,14729.33,3661233.32,172.86,44071.7,460538.95,37991113.35
United States,North America,2021-01-19,331002647,14417.56,3675650.88,170.52,44242.21,465205.3,38456318.65
United States,North America,2021-01-20,331002647,14718.05,3690368.93,192.78,44435.0,469894.74,38926213.4
United States,North America,2021-01-21,331002647,14714.92,3705083.85,162.7,44597.7,474606.78,39400820.17
United States,North America,2021-01-22,331002647,14457.68,3719541.53,177.49,44775.19,479340.88,39880161.06
United States,North America,2021-01-23,331002647,14093.7,3733635.24,155.69,44930.88,484096.53,40364257.59
United States,North America,2021-01-24,331002647,13341.0,3746976.23,159.23,45090.1,488873.17,40853130.76
United States,North America,2021-01-25,331002647,14238.69,3761214.92,167.4,45257.5,493670.24,41346801.0
United States,North America,2021-01-26,331002647,14284.99,3775499.92,154.74,45412.24,498487.14,41845288.13
United States,North America,2021-01-27,331002647,13968.16,3789468.08,170.73,45582.97,503323.27,42348611.4
United States,North America,2021-01-28,331002647,13317.21,3802785.29,156.77,45739.74,508178.01,42856789.42
United States,North America,2021-01-29,331002647,13740.86,3816526.15,148.1,45887.83,513050.73,43369840.15
United States,North America,2021-01-30,331002647,13683.69,3830209.84,170.92,46058.75,517940.77,43887780.92
United States,North America,2021-01-31,331002647,13803.19,3844013.03,177.12,46235.87,522847.44,44410628.36
United States,North America,2021-02-01,331002647,12823.78,3856836.81,165.81,46401.68,527770.06,44938398.41
United States,North America,2021-02-02,331002647,12921.79,3869758.6,157.93,46559.61,532707.9,45471106.32
United States,North America,2021-02-03,331002647,13131.14,3882889.74,157.94,46717.55,537660.26,46008766.57
United States,North America,2021-02-04,331002647,12756.26,3895646.0,163.7,46881.25,542626.36,46551392.93
United States,North America,2021-02-05,331002647,12209.79,3907855.79,159.98,47041.23,547605.45,47098998.38
United States,North America,2021-02-06,331002647,12608.88,3920464.68,160.38,47201.6,552596.74,47651595.12
United States,North America,2021-02-07,331002647,12527.54,3932992.21,142.8,47344.4,557599.42,48209194.54
United States,North America,2021-02-08,331002647,12215.47,3945207.68,148.2,47492.6,562612.68,48771807.22
United States,North America,2021-02-09,331002647,12119.74,3957327.42,148.95,47641.55,567635.66,49339442.88
United States,North America,2021-02-10,331002647,11809.19,3969136.62,127.23,47768.79,572667.52,49912110.4
United States,North America,2021-02-11,331002647,12272.74,3981409.36,151.03,47919.81,577707.37,50489817.76
United States,North America,2021-02-12,331002647,11294.56,3992703.92,153.72,48073.53,582754.31,51072572.07
United States,North America,2021-02-13,331002647,11257.66,4003961.58,140.21,48213.74,587807.44,51660379.51
United States,North America,2021-02-14,331002647,11319.56,4015281.14,147.62,48361.37,592865.81,52253245.33
United States,North America,2021-02-15,331002647,11475.02,4026756.16,139.16,48500.53,597928.49,52851173.82
United States,North America,2021-02-16,331002647,10494.25,4037250.41,125.35,48625.87,602994.5,53454168.31
United States,North America,2021-02-17,331002647,10410.07,4047660.47,127.97,48753.85,608062.85,54062231.16
United States,North America,2021-02-18,331002647,10005.3,4057665.77,113.54,48867.38,613132.54,54675363.7
United States,North America,2021-02-19,331002647,10579.38,4068245.15,119.24,48986.62,618202.55,55293566.26
United States,North America,2021-02-20,331002647,10025.67,4078270.83,130.44,49117.06,623271.85,55916838.11
United States,North America,2021-02-21,331002647,10131.44,4088402.27,132.56,49249.62,628339.38,56545177.48
United States,North America,2021-02-22,331002647,10346.38,4098748.65,116.23,49365.85,633404.06,57178581.54
United States,North America,2021-02-23,331002647,9739.24,4108487.89,124.61,49490.46,638464.81,57817046.35
United States,North America,2021-02-24,331002647,9893.73,4118381.62,118.03,49608.49,643520.52,58460566.88
United States,North America,2021-02-25,331002647,9557.24,4127938.86,117.41,49725.9,648570.08,59109136.96
United States,North America,2021-02-26,331002647,9746.8,4137685.66,120.64,49846.54,653612.35,59762749.31
United States,North America,2021-02-27,331002647,9527.82,4147213.47,122.29,49968.83,658646.18,60421395.5
United States,North America,2021-02-28,331002647,8969.83,4156183.31,108.3,50077.13,663670.4,61085065.9
United States,North America,2021-03-01,331002647,9004.08,4165187.39,119.33,50196.46,668683.84,61753749.73
United States,North America,2021-03-02,331002647,9280.24,4174467.63,113.84,50310.3,673685.29,62427435.02
United States,North America,2021-03-03,331002647,8905.23,4183372.86,111.86,50422.15,678673.55,63106108.57
United States,North America,2021-03-04,331002647,8132.14,4191505.0,90.92,50513.07,683647.4,63789755.96
United States,North America,2021-03-05,331002647,8705.05,4200210.05,121.73,50634.8,688605.6,64478361.57
United States,North America,2021-03-06,331002647,7951.57,4208161.62,99.18,50733.98,693546.91,65171908.48
United States,North America,2021-03-07,331002647,8682.33,4216843.94,109.89,50843.87,698470.07,65870378.55
United States,North America,2021-03-08,331002647,8404.41,4225248.35,87.99,50931.86,703373.81,66573752.36
United States,North America,2021-03-09,331002647,8006.8,4233255.15,89.5,51021.36,708256.84,67282009.2
United States,North America,2021-03-10,331002647,7821.17,4241076.32,103.76,51125.12,713117.88,67995127.07
United States,North America,2021-03-11,331002647,7555.28,4248631.6,92.96,51218.07,717955.62,68713082.69
United States,North America,2021-03-12,331002647,7729.83,4256361.43,77.45,51295.52,722768.75,69435851.44
United States,North America,2021-03-13,331002647,7228.14,4263589.57,95.04,51390.57,727555.95,70163407.4
United States,North America,2021-03-14,331002647,7307.68,4270897.24,83.34,51473.91,732315.9,70895723.3
United States,North America,2021-03-15,331002647,7399.54,4278296.79,100.09,51573.99,737047.26,71632770.55
United States,North America,2021-03-16,331002647,6768.77,4285065.56,80.52,51654.52,741748.68,72374519.23
United States,North America,2021-03-17,331002647,6622.75,4291688.3,81.11,51735.63,746418.82,73120938.05
United States,North America,2021-03-18,331002647,6295.43,4297983.74,84.98,51820.6,751056.32,73871994.37
United States,North America,2021-03-19,331002647,6218.05,4304201.79,67.44,51888.04,755659.83,74627654.2
United States,North America,2021-03-20,331002647,5830.01,4310031.8,62.02,51950.06,760227.98,75387882.18
United States,North America,2021-03-21,331002647,6606.96,4316638.76,77.71,52027.77,764759.4,76152641.58
United States,North America,2021-03-22,331002647,6868.52,4323507.28,89.04,52116.81,769252.73,76921894.3
United States,North America,2021-03-23,331002647,6620.51,4330127.79,68.8,52185.61,773706.59,77695600.89
United States,North America,2021-03-24,331002647,5441.18,4335568.96,51.95,52237.56,778119.61,78473720.5
United States,North America,2021-03-25,331002647,6155.16,4341724.12,80.45,52318.01,782490.42,79256210.91
United States,North America,2021-03-26,331002647,6292.89,4348017.01,70.69,52388.7,786817.64,80043028.56
United States,North America,2021-03-27,331002647,5531.55,4353548.57,63.24,52451.94,791099.92,80834128.48
United States,North America,2021-03-28,331002647,5625.88,4359174.44,52.66,52504.6,795335.86,81629464.34
United States,North America,2021-03-29,331002647,4789.24,4363963.68,52.04,52556.64,799524.12,82428988.46
United States,North America,2021-03-30,331002647,5489.73,4369453.42,65.82,52622.45,803663.32,83232651.77
United States,North America,2021-03-31,331002647,4931.3,4374384.72,66.62,52689.07,807752.11,84040403.88
United States,North America,2021-04-01,331002647,5283.43,4379668.15,57.23,52746.3,811789.13,84852193.02
United States,North America,2021-04-02,331002647,4580.04,4384248.19,68.22,52814.52,815773.05,85667966.06
United States,North America,2021-04-03,331002647,5232.29,4389480.48,57.31,52871.83,819702.51,86487668.57
United States,North America,2021-04-04,331002647,5319.66,4394800.14,58.37,52930.2,823576.19,87311244.75
United States,North America,2021-04-05,331002647,4608.77,4399408.91,67.6,52997.81,827392.76,88138637.51
United States,North America,2021-04-06,331002647,4409.81,4403818.73,54.61,53052.42,831150.91,88969788.43
United States,North America,2021-04-07,331002647,3981.06,4407799.79,43.36,53095.77,834849.35,89804637.78
United States,North America,2021-04-08,331002647,4573.47,4412373.26,53.64,53149.41,838486.77,90643124.55
United States,North America,2021-04-09,331002647,4397.36,4416770.63,63.59,53213.01,842061.91,91485186.46
United States,North America,2021-04-10,331002647,3995.45,4420766.08,59.68,53272.68,845573.49,92330759.94
United States,North America,2021-04-11,331002647,4637.46,4425403.54,49.12,53321.8,849020.26,93179780.2
United States,North America,2021-04-12,331002647,4265.26,4429668.79,50.84,53372.64,852400.99,94032181.2
United States,North America,2021-04-13,331002647,3993.35,4433662.14,48.64,53421.28,855714.47,94887895.66
United States,North America,2021-04-14,331002647,4126.16,4437788.31,41.62,53462.91,858959.48,95746855.14
United States,North America,2021-04-15,331002647,4648.95,4442437.26,55.34,53518.25,862134.84,96608989.98
United States,North America,2021-04-16,331002647,4442.1,4446879.35,53.35,53571.6,865239.38,97474229.36
United States,North America,2021-04-17,331002647,4146.0,4451025.35,58.87,53630.47,868271.97,98342501.33
United States,North America,2021-04-18,331002647,4372.03,4455397.38,62.12,53692.59,871231.47,99213732.8
United States,North America,2021-04-19,331002647,3716.26,4459113.64,41.96,53734.56,874116.78,100087849.58
United States,North America,2021-04-20,331002647,4104.57,4463218.21,47.54,53782.1,876926.81,100964776.39
United States,North America,2021-04-21,331002647,4118.92,4467337.13,54.74,53836.84,879660.5,101844436.89
United States,North America,2021-04-22,331002647,3880.48,4471217.61,41.88,53878.72,882316.83,102726753.72
United States,North America,2021-04-23,331002647,4178.38,4475395.99,54.85,53933.57,884894.77,103611648.49
United States,North America,2021-04-24,331002647,3737.35,4479133.35,44.14,53977.72,887393.34,104499041.82
United States,North America,2021-04-25,331002647,4176.98,4483310.33,42.37,54020.09,889811.58,105388853.41
United States,North America,2021-04-26,331002647,4183.24,4487493.57,42.54,54062.63,892148.56,106281001.97
United States,North America,2021-04-27,331002647,2964.16,4490457.73,47.15,54109.78,894403.37,107175405.34
United States,North America,2021-04-28,331002647,4400.38,4494858.1,51.55,54161.33,896575.13,108071980.47
United States,North America,2021-04-29,331002647,2919.25,4497777.35,48.15,54209.48,898663.01,108970643.48
United States,North America,2021-04-30,331002647,3776.0,4501553.35,41.2,54250.69,900666.17,109871309.64
United States,North America,2021-05-01,331002647,4359.73,4505913.08,54.65,54305.33,902583.82,110773893.47
United States,North America,2021-05-02,331002647,3902.62,4509815.7,65.97,54371.31,904415.23,111678308.69
United States,North America,2021-05-03,331002647,3516.88,4513332.57,33.74,54405.05,906159.65,112584468.35
United States,North America,2021-05-04,331002647,3667.17,4516999.74,28.82,54433.87,907816.4,113492284.75
United States,North America,2021-05-05,331002647,4432.9,4521432.64,63.49,54497.36,909384.82,114401669.56
United States,North America,2021-05-06,331002647,3428.02,4524860.66,34.52,54531.88,910864.27,115312533.84
United States,North America,2021-05-07,331002647,4526.33,4529386.99,54.15,54586.03,912254.18,116224788.01
United States,North America,2021-05-08,331002647,4146.1,4533533.09,45.07,54631.1,913553.98,117138341.99
United States,North America,2021-05-09,331002647,3785.81,4537318.9,47.58,54678.67,914763.14,118053105.13
United States,North America,2021-05-10,331002647,4040.38,4541359.29,40.88,54719.55,915881.19,118968986.32
United States,North America,2021-05-11,331002647,3933.32,4545292.61,45.76,54765.32,916907.66,119885893.98
United States,North America,2021-05-12,331002647,4640.95,4549933.56,59.29,54824.6,917842.16,120803736.14
United States,North America,2021-05-13,331002647,4646.08,4554579.64,47.69,54872.29,918684.29,121722420.42
United States,North America,2021-05-14,331002647,3843.52,4558423.16,40.52,54912.81,919433.71,122641854.13
United States,North America,2021-05-15,331002647,4362.98,4562786.14,49.58,54962.39,920090.12,123561944.26
United States,North America,2021-05-16,331002647,4264.65,4567050.79,39.75,55002.14,920653.26,124482597.52
United States,North America,2021-05-17,331002647,5085.52,4572136.31,57.65,55059.78,921122.9,125403720.42
United States,North America,2021-05-18,331002647,4229.77,4576366.08,51.71,55111.49,921498.83,126325219.25
United States,North America,2021-05-19,331002647,5336.76,4581702.84,60.84,55172.33,921780.92,127247000.17
United States,North America,2021-05-20,331002647,4840.06,4586542.9,55.91,55228.24,921969.04,128168969.21
United States,North America,2021-05-21,331002647,4524.91,4591067.82,54.14,55282.38,922063.12,129091032.33
United States,North America,2021-05-22,331002647,4777.84,4595845.65,52.09,55334.47,922063.12,130013095.45
United States,North America,2021-05-23,331002647,4821.01,4600666.66,63.38,55397.85,921969.04,130935064.49
United States,North America,2021-05-24,331002647,4745.53,4605412.19,68.43,55466.29,921780.92,131856845.41
United States,North America,2021-05-25,331002647,5318.26,4610730.45,60.1,55526.39,921498.83,132778344.24
United States,North America,2021-05-26,331002647,4952.06,4615682.51,63.31,55589.7,921122.9,133699467.14
United States,North America,2021-05-27,331002647,4718.76,4620401.27,54.71,55644.4,920653.26,134620120.4
United States,North America,2021-05-28,331002647,5452.35,4625853.62,68.35,55712.76,920090.12,135540210.53
United States,North America,2021-05-29,331002647,5060.83,4630914.45,73.26,55786.01,919433.71,136459644.24
United States,North America,2021-05-30,331002647,5538.39,4636452.84,70.53,55856.54,918684.29,137378328.52
United States,North America,2021-05-31,331002647,5596.46,4642049.3,52.97,55909.51,917842.16,138296170.68
United States,North America,2021-06-01,331002647,5725.88,4647775.19,72.34,55981.86,916907.66,139213078.34
United States,North America,2021-06-02,331002647,6850.43,4654625.62,92.07,56073.92,915881.19,140128959.53
United States,North America,2021-06-03,331002647,6292.2,4660917.82,73.73,56147.66,914763.14,141043722.67
United States,North America,2021-06-04,331002647,6483.75,4667401.58,85.77,56233.43,913553.98,141957276.65
United States,North America,2021-06-05,331002647,5904.56,4673306.13,65.33,56298.76,912254.18,142869530.82
United States,North America,2021-06-06,331002647,6428.8,4679734.93,65.26,56364.02,910864.27,143780395.1
United States,North America,2021-06-07,331002647,6867.35,4686602.28,83.54,56447.56,909384.82,144689779.91
United States,North America,2021-06-08,331002647,6570.6,4693172.88,64.8,56512.35,907816.4,145597596.31
United States,North America,2021-06-09,331002647,7387.02,4700559.9,86.73,56599.08,906159.65,146503755.97
United States,North America,2021-06-10,331002647,6791.06,4707350.96,91.79,56690.87,904415.23,147408171.19
United States,North America,2021-06-11,331002647,7257.31,4714608.27,71.81,56762.68,902583.82,148310755.02
United States,North America,2021-06-12,331002647,7300.63,4721908.9,77.37,56840.05,900666.17,149211421.18
United States,North America,2021-06-13,331002647,7714.1,4729622.99,84.31,56924.36,898663.01,150110084.19
United States,North America,2021-06-14,331002647,7585.82,4737208.81,90.52,57014.89,896575.13,151006659.32
United States,North America,2021-06-15,331002647,7871.1,4745079.91,91.53,57106.41,894403.37,151901062.69
United States,North America,2021-06-16,331002647,8041.64,4753121.55,107.69,57214.11,892148.56,152793211.25
United States,North America,2021-06-17,331002647,8028.0,4761149.55,103.97,57318.08,889811.58,153683022.84
United States,North America,2021-06-18,331002647,8617.91,4769767.46,107.38,57425.45,887393.34,154570416.17
United States,North America,2021-06-19,331002647,8696.91,4778464.37,105.53,57530.98,884894.77,155455310.94
United States,North America,2021-06-20,331002647,8750.0,4787214.36,108.15,57639.13,882316.83,156337627.77
United States,North America,2021-06-21,331002647,8800.01,4796014.38,98.7,57737.83,879660.5,157217288.27
United States,North America,2021-06-22,331002647,9401.18,4805415.56,119.67,57857.5,876926.81,158094215.08
United States,North America,2021-06-23,331002647,9213.54,4814629.1,101.67,57959.17,874116.78,158968331.86
United States,North America,2021-06-24,331002647,9364.33,4823993.43,119.06,58078.22,871231.47,159839563.33
United States,North America,2021-06-25,331002647,9685.74,4833679.17,125.72,58203.94,868271.97,160707835.3
United States,North America,2021-06-26,331002647,10422.07,4844101.24,126.75,58330.69,865239.38,161573074.68
United States,North America,2021-06-27,331002647,9539.98,4853641.22,113.07,58443.76,862134.84,162435209.52
United States,North America,2021-06-28,331002647,10460.97,4864102.19,128.73,58572.5,858959.48,163294169.0
United States,North America,2021-06-29,331002647,9712.82,4873815.01,93.66,58666.16,855714.47,164149883.46
United States,North America,2021-06-30,331002647,10636.8,4884451.81,130.06,58796.22,852400.99,165002284.46
United States,North America,2021-07-01,331002647,11298.68,4895750.5,134.68,58930.9,849020.26,165851304.72
United States,North America,2021-07-02,331002647,11106.32,4906856.82,132.87,59063.77,845573.49,166696878.2
United States,North America,2021-07-03,331002647,11184.02,4918040.84,139.86,59203.63,842061.91,167538940.11
United States,North America,2021-07-04,331002647,11118.22,4929159.06,132.82,59336.45,838486.77,168377426.88
United States,North America,2021-07-05,331002647,11516.26,4940675.31,129.07,59465.52,834849.35,169212276.23
United States,North America,2021-07-06,331002647,11609.04,4952284.36,138.18,59603.7,831150.91,170043427.15
United States,North America,2021-07-07,331002647,11614.8,4963899.16,139.92,59743.62,827392.76,170870819.91
United States,North America,2021-07-08,331002647,11981.72,4975880.88,144.7,59888.32,823576.19,171694396.09
United States,North America,2021-07-09,331002647,12346.45,4988227.32,149.45,60037.77,819702.51,172514098.6
United States,North America,2021-07-10,331002647,12202.77,5000430.09,154.75,60192.52,815773.05,173329871.64
United States,North America,2021-07-11,331002647,12383.73,5012813.83,139.92,60332.44,811789.13,174141660.78
United States,North America,2021-07-12,331002647,12384.72,5025198.55,150.02,60482.46,807752.11,174949412.89
United States,North America,2021-07-13,331002647,13192.57,5038391.11,168.63,60651.09,803663.32,175753076.2
United States,North America,2021-07-14,331002647,13441.71,5051832.82,147.42,60798.51,799524.12,176552600.32
United States,North America,2021-07-15,331002647,13526.87,5065359.69,163.76,60962.27,795335.86,177347936.18
United States,North America,2021-07-16,331002647,13978.35,5079338.04,163.06,61125.33,791099.92,178139036.1
United States,North America,2021-07-17,331002647,13865.74,5093203.78,163.42,61288.75,786817.64,178925853.75
United States,North America,2021-07-18,331002647,14166.21,5107369.99,162.76,61451.51,782490.42,179708344.16
United States,North America,2021-07-19,331002647,14328.85,5121698.84,170.59,61622.1,778119.61,180486463.77
United States,North America,2021-07-20,331002647,14383.31,5136082.15,187.33,61809.43,773706.59,181260170.36
United States,North America,2021-07-21,331002647,14421.65,5150503.79,162.94,61972.37,769252.73,182029423.08
United States,North America,2021-07-22,331002647,15573.6,5166077.39,177.53,62149.9,764759.4,182794182.48
United States,North America,2021-07-23,331002647,14830.68,5180908.07,167.55,62317.45,760227.98,183554410.46
United States,North America,2021-07-24,331002647,14944.92,5195852.99,193.16,62510.61,755659.83,184310070.29
United States,North America,2021-07-25,331002647,15517.77,5211370.76,182.51,62693.12,751056.32,185061126.61
United States,North America,2021-07-26,331002647,15640.56,5227011.32,187.48,62880.61,746418.82,185807545.43
United States,North America,2021-07-27,331002647,15245.82,5242257.14,179.73,63060.33,741748.68,186549294.11
United States,North America,2021-07-28,331002647,16313.95,5258571.09,188.21,63248.54,737047.26,187286341.36
United States,North America,2021-07-29,331002647,16069.88,5274640.97,190.96,63439.5,732315.9,188018657.26
United States,North America,2021-07-30,331002647,15894.04,5290535.01,210.39,63649.9,727555.95,188746213.22
United States,North America,2021-07-31,331002647,16877.04,5307412.05,213.66,63863.56,722768.75,189468981.97
United States,North America,2021-08-01,331002647,16856.01,5324268.06,195.45,64059.01,717955.62,190186937.59
United States,North America,2021-08-02,331002647,16368.35,5340636.41,201.6,64260.61,713117.88,190900055.46
United States,North America,2021-08-03,331002647,17604.59,5358241.0,204.6,64465.21,708256.84,191608312.3
United States,North America,2021-08-04,331002647,17382.42,5375623.43,194.38,64659.59,703373.81,192311686.11
United States,North America,2021-08-05,331002647,17315.05,5392938.47,215.94,64875.52,698470.07,193010156.18
United States,North America,2021-08-06,331002647,18039.36,5410977.83,225.75,65101.28,693546.91,193703703.09
United States,North America,2021-08-07,331002647,17699.99,5428677.82,220.77,65322.05,688605.6,194392308.7
United States,North America,2021-08-08,331002647,17793.03,5446470.84,209.76,65531.8,683647.4,195075956.09
United States,North America,2021-08-09,331002647,17727.45,5464198.29,211.4,65743.2,678673.55,195754629.64
United States,North America,2021-08-10,331002647,18314.85,5482513.15,225.78,65968.97,673685.29,196428314.93
United States,North America,2021-08-11,331002647,18427.53,5500940.67,224.26,66193.24,668683.84,197096998.76
United States,North America,2021-08-12,331002647,18412.12,5519352.79,217.8,66411.03,663670.4,197760669.16
United States,North America,2021-08-13,331002647,18273.39,5537626.18,206.33,66617.36,658646.18,198419315.35
United States,North America,2021-08-14,331002647,18734.83,5556361.01,225.73,66843.09,653612.35,199072927.7
United States,North America,2021-08-15,331002647,18800.84,5575161.85,234.24,67077.33,648570.08,199721497.78
United States,North America,2021-08-16,331002647,18490.82,5593652.67,212.31,67289.64,643520.52,200365018.31
United States,North America,2021-08-17,331002647,18570.93,5612223.6,227.96,67517.6,638464.81,201003483.12
United States,North America,2021-08-18,331002647,19408.58,5631632.17,235.56,67753.16,633404.06,201636887.18
United States,North America,2021-08-19,331002647,18420.9,5650053.07,227.05,67980.21,628339.38,202265226.55
United States,North America,2021-08-20,331002647,19520.23,5669573.3,241.22,68221.43,623271.85,202888498.4
United States,North America,2021-08-21,331002647,19393.7,5688967.0,227.17,68448.6,618202.55,203506700.96
United States,North America,2021-08-22,331002647,20127.43,5709094.43,228.59,68677.19,613132.54,204119833.5
United States,North America,2021-08-23,331002647,19601.1,5728695.53,230.95,68908.14,608062.85,204727896.35
United States,North America,2021-08-24,331002647,20104.58,5748800.11,248.37,69156.5,602994.5,205330890.84
United States,North America,2021-08-25,331002647,19830.38,5768630.49,233.63,69390.13,597928.49,205928819.33
United States,North America,2021-08-26,331002647,20100.19,5788730.68,235.65,69625.78,592865.81,206521685.15
United States,North America,2021-08-27,331002647,20404.81,5809135.5,230.29,69856.07,587807.44,207109492.59
United States,North America,2021-08-28,331002647,20066.97,5829202.47,254.82,70110.89,582754.31,207692246.9
United States,North America,2021-08-29,331002647,20654.94,5849857.41,254.46,70365.36,577707.37,208269954.26
United States,North America,2021-08-30,331002647,20030.91,5869888.32,246.53,70611.89,572667.52,208842621.78
United States,North America,2021-08-31,331002647,20549.61,5890437.93,254.34,70866.23,567635.66,209410257.44
United States,North America,2021-09-01,331002647,20832.4,5911270.33,254.6,71120.83,562612.68,209972870.12
United States,North America,2021-09-02,331002647,20798.59,5932068.91,247.63,71368.46,557599.42,210530469.54
United States,North America,2021-09-03,331002647,21291.52,5953360.43,254.19,71622.65,552596.74,211083066.28
United States,North America,2021-09-04,331002647,20401.79,5973762.22,241.4,71864.05,547605.45,211630671.73
United States,North America,2021-09-05,331002647,20229.54,5993991.77,263.83,72127.88,542626.36,212173298.09
United States,North America,2021-09-06,331002647,20402.45,6014394.22,249.28,72377.16,537660.26,212710958.34
United States,North America,2021-09-07,331002647,21014.8,6035409.03,248.47,72625.62,532707.9,213243666.25
United States,North America,2021-09-08,331002647,20986.02,6056395.05,255.56,72881.18,527770.06,213771436.3
United States,North America,2021-09-09,331002647,20870.54,6077265.59,242.36,73123.54,522847.44,214294283.74
United States,North America,2021-09-10,331002647,20459.6,6097725.19,257.55,73381.09,517940.77,214812224.51
United States,North America,2021-09-11,331002647,21133.8,6118858.99,248.32,73629.41,513050.73,215325275.24
United States,North America,2021-09-12,331002647,20444.37,6139303.37,249.34,73878.75,508178.01,215833453.26
United States,North America,2021-09-13,331002647,21281.13,6160584.49,263.9,74142.65,503323.27,216336776.53
United States,North America,2021-09-14,331002647,21872.93,6182457.42,265.55,74408.2,498487.14,216835263.66
United States,North America,2021-09-15,331002647,20993.27,6203450.69,252.67,74660.88,493670.24,217328933.9
United States,North America,2021-09-16,331002647,21056.14,6224506.83,252.76,74913.64,488873.17,217817807.07
United States,North America,2021-09-17,331002647,20661.46,6245168.29,247.49,75161.12,484096.53,218301903.6
United States,North America,2021-09-18,331002647,20177.18,6265345.47,237.51,75398.64,479340.88,218781244.49
United States,North America,2021-09-19,331002647,20571.5,6285916.97,243.26,75641.9,474606.78,219255851.26
United States,North America,2021-09-20,331002647,20366.55,6306283.52,256.24,75898.13,469894.74,219725746.01
United States,North America,2021-09-21,331002647,20204.16,6326487.68,241.58,76139.72,465205.3,220190951.31
United States,North America,2021-09-22,331002647,21269.97,6347757.65,248.95,76388.67,460538.95,220651490.26
United States,North America,2021-09-23,331002647,20714.17,6368471.82,244.44,76633.11,455896.17,221107386.43
United States,North America,2021-09-24,331002647,20698.13,6389169.95,257.18,76890.29,451277.42,221558663.85
United States,North America,2021-09-25,331002647,20398.73,6409568.68,250.19,77140.48,446683.16,222005347.01
United States,North America,2021-09-26,331002647,20383.15,6429951.82,249.08,77389.56,442113.82,222447460.84
United States,North America,2021-09-27,331002647,20713.18,6450665.0,246.5,77636.06,437569.81,222885030.65
United States,North America,2021-09-28,331002647,20291.41,6470956.41,248.08,77884.14,433051.54,223318082.19
United States,North America,2021-09-29,331002647,20410.89,6491367.3,239.78,78123.92,428559.37,223746641.56
United States,North America,2021-09-30,331002647,20074.28,6511441.59,238.81,78362.74,424093.7,224170735.26
United States,North America,2021-10-01,331002647,19936.26,6531377.84,246.99,78609.73,419654.86,224590390.12
United States,North America,2021-10-02,331002647,19472.16,6550850.0,240.66,78850.39,415243.2,225005633.32
United States,North America,2021-10-03,331002647,19176.45,6570026.45,222.26,79072.65,410859.03,225416492.35
United States,North America,2021-10-04,331002647,19676.78,6589703.23,229.28,79301.93,406502.67,225822995.01
United States,North America,2021-10-05,331002647,19683.42,6609386.65,237.07,79539.0,402174.41,226225169.42
United States,North America,2021-10-06,331002647,19104.54,6628491.19,243.06,79782.06,397874.52,226623043.94
United States,North America,2021-10-07,331002647,19429.46,6647920.65,217.83,79999.89,393603.28,227016647.22
United States,North America,2021-10-08,331002647,19343.07,6667263.73,234.34,80234.24,389360.92,227406008.14
United States,North America,2021-10-09,331002647,18448.35,6685712.08,210.37,80444.61,385147.7,227791155.84
United States,North America,2021-10-10,331002647,18757.41,6704469.49,220.01,80664.62,380963.83,228172119.67
United States,North America,2021-10-11,331002647,19091.13,6723560.63,226.18,80890.8,376809.52,228548929.19
United States,North America,2021-10-12,331002647,18951.18,6742511.8,224.05,81114.85,372684.98,228921614.17
United States,North America,2021-10-13,331002647,18275.36,6760787.16,215.03,81329.89,368590.37,229290204.54
United States,North America,2021-10-14,331002647,18594.45,6779381.61,223.19,81553.08,364525.89,229654730.43
United States,North America,2021-10-15,331002647,18753.19,6798134.8,220.76,81773.83,360491.68,230015222.12
United States,North America,2021-10-16,331002647,18520.29,6816655.09,210.54,81984.38,356487.9,230371710.01
United States,North America,2021-10-17,331002647,18064.64,6834719.72,223.01,82207.39,352514.68,230724224.69
United States,North America,2021-10-18,331002647,17780.67,6852500.4,219.39,82426.78,348572.14,231072796.83
United States,North America,2021-10-19,331002647,17567.59,6870067.98,217.56,82644.34,344660.4,231417457.23
United States,North America,2021-10-20,331002647,17792.0,6887859.98,201.18,82845.52,340779.56,231758236.79
United States,North America,2021-10-21,331002647,17534.07,6905394.05,212.8,83058.32,336929.71,232095166.5
United States,North America,2021-10-22,331002647,17520.82,6922914.87,215.66,83273.97,333110.93,232428277.43
United States,North America,2021-10-23,331002647,17178.77,6940093.64,197.9,83471.87,329323.3,232757600.73
United States,North America,2021-10-24,331002647,17248.7,6957342.35,207.06,83678.93,325566.86,233083167.59
United States,North America,2021-10-25,331002647,16822.32,6974164.67,200.94,83879.87,321841.68,233405009.27
United States,North America,2021-10-26,331002647,16888.59,6991053.25,217.4,84097.27,318147.79,233723157.07
United States,North America,2021-10-27,331002647,16741.24,7007794.49,216.29,84313.56,314485.23,234037642.29
United States,North America,2021-10-28,331002647,15975.25,7023769.75,178.39,84491.95,310854.01,234348496.3
United States,North America,2021-10-29,331002647,15442.37,7039212.12,205.26,84697.2,307254.15,234655750.45
United States,North America,2021-10-30,331002647,16431.93,7055644.05,189.86,84887.07,303685.65,234959436.09
United States,North America,2021-10-31,331002647,15796.24,7071440.28,197.4,85084.47,300148.5,235259584.6
United States,North America,2021-11-01,331002647,14919.37,7086359.65,186.8,85271.26,296642.71,235556227.3
United States,North America,2021-11-02,331002647,15081.07,7101440.72,173.01,85444.27,293168.23,235849395.53
United States,North America,2021-11-03,331002647,15411.09,7116851.81,188.88,85633.15,289725.05,236139120.59
United States,North America,2021-11-04,331002647,14851.73,7131703.54,177.36,85810.51,286313.14,236425433.72
United States,North America,2021-11-05,331002647,14577.85,7146281.39,179.37,85989.88,282932.43,236708366.16
United States,North America,2021-11-06,331002647,15053.72,7161335.11,182.49,86172.37,279582.89,236987949.05
United States,North America,2021-11-07,331002647,14002.2,7175337.31,177.6,86349.97,276264.46,237264213.51
United States,North America,2021-11-08,331002647,13893.83,7189231.14,167.33,86517.3,272977.07,237537190.58
United States,North America,2021-11-09,331002647,14050.82,7203281.96,167.27,86684.56,269720.65,237806911.22
United States,North America,2021-11-10,331002647,13916.46,7217198.41,175.77,86860.33,266495.12,238073406.34
United States,North America,2021-11-11,331002647,13755.91,7230954.32,169.71,87030.04,263300.39,238336706.73
United States,North America,2021-11-12,331002647,13703.04,7244657.35,170.29,87200.33,260136.39,238596843.12
United States,North America,2021-11-13,331002647,13255.15,7257912.51,153.75,87354.08,257003.01,238853846.13
United States,North America,2021-11-14,331002647,13158.22,7271070.73,149.54,87503.61,253900.15,239107746.28
United States,North America,2021-11-15,331002647,12697.34,7283768.07,147.83,87651.44,250827.7,239358573.98
United States,North America,2021-11-16,331002647,12611.06,7296379.13,146.37,87797.81,247785.55,239606359.53
United States,North America,2021-11-17,331002647,12427.85,7308806.98,155.42,87953.23,244773.59,239851133.12
United States,North America,2021-11-18,331002647,12266.72,7321073.7,155.01,88108.24,241791.69,240092924.82
United States,North America,2021-11-19,331002647,12263.28,7333336.98,145.92,88254.16,238839.73,240331764.55
United States,North America,2021-11-20,331002647,11988.97,7345325.95,155.31,88409.47,235917.57,240567682.12
United States,North America,2021-11-21,331002647,11612.33,7356938.28,150.3,88559.77,233025.08,240800707.2
United States,North America,2021-11-22,331002647,11116.35,7368054.63,135.34,88695.11,230162.11,241030869.31
United States,North America,2021-11-23,331002647,11226.51,7379281.14,128.14,88823.25,227328.53,241258197.85
United States,North America,2021-11-24,331002647,10996.97,7390278.11,144.57,88967.82,224524.19,241482722.04
United States,North America,2021-11-25,331002647,10879.11,7401157.23,130.06,89097.88,221748.93,241704470.97
United States,North America,2021-11-26,331002647,11389.34,7412546.57,137.68,89235.56,219002.6,241923473.57
United States,North America,2021-11-27,331002647,10240.22,7422786.79,120.17,89355.73,216285.05,242139758.62
United States,North America,2021-11-28,331002647,10378.83,7433165.62,117.43,89473.16,213596.1,242353354.72
United States,North America,2021-11-29,331002647,10413.55,7443579.17,113.21,89586.37,210935.59,242564290.31
United States,North America,2021-11-30,331002647,9883.6,7453462.77,123.67,89710.04,208303.36,242772593.67
United States,North America,2021-12-01,331002647,10478.48,7463941.25,119.47,89829.51,205699.24,242978292.91
United States,North America,2021-12-02,331002647,9340.14,7473281.39,136.56,89966.07,203123.05,243181415.96
United States,North America,2021-12-03,331002647,9399.46,7482680.85,104.1,90070.17,200574.61,243381990.57
United States,North America,2021-12-04,331002647,8821.45,7491502.3,95.8,90165.97,198053.75,243580044.32
United States,North America,2021-12-05,331002647,8794.48,7500296.79,109.61,90275.59,195560.29,243775604.61
United States,North America,2021-12-06,331002647,8822.67,7509119.46,118.11,90393.69,193094.04,243968698.65
United States,North America,2021-12-07,331002647,8851.38,7517970.84,106.73,90500.43,190654.82,244159353.47
United States,North America,2021-12-08,331002647,8488.14,7526458.98,106.44,90606.86,188242.44,244347595.91
United States,North America,2021-12-09,331002647,8640.14,7535099.11,88.93,90695.8,185856.71,244533452.62
United States,North America,2021-12-10,331002647,7990.96,7543090.08,90.47,90786.27,183497.44,244716950.07
United States,North America,2021-12-11,331002647,7734.5,7550824.57,84.23,90870.49,181164.45,244898114.51
United States,North America,2021-12-12,331002647,8625.56,7559450.14,88.35,90958.84,178857.53,245076972.04
United States,North America,2021-12-13,331002647,7647.46,7567097.6,92.71,91051.54,176576.49,245253548.53
United States,North America,2021-12-14,331002647,7089.9,7574187.5,67.14,91118.68,174321.13,245427869.66
United States,North America,2021-12-15,331002647,6932.95,7581120.44,72.62,91191.3,172091.26,245599960.93
United States,North America,2021-12-16,331002647,6682.23,7587802.67,75.89,91267.19,169886.68,245769847.61
United States,North America,2021-12-17,331002647,7178.25,7594980.92,79.49,91346.68,167707.19,245937554.8
United States,North America,2021-12-18,331002647,6563.27,7601544.19,81.93,91428.61,165552.59,246103107.4
United States,North America,2021-12-19,331002647,6577.84,7608122.03,81.38,91509.99,163422.68,246266530.07
United States,North America,2021-12-20,331002647,6355.63,7614477.66,83.42,91593.4,161317.24,246427847.32
United States,North America,2021-12-21,331002647,6480.64,7620958.29,83.79,91677.19,159236.1,246587083.41
United States,North America,2021-12-22,331002647,5777.19,7626735.48,78.45,91755.64,157179.03,246744262.44
United States,North America,2021-12-23,331002647,5548.24,7632283.72,66.56,91822.21,155145.83,246899408.27
United States,North America,2021-12-24,331002647,5856.56,7638140.28,72.71,91894.91,153136.31,247052544.58
United States,North America,2021-12-25,331002647,5843.99,7643984.27,74.22,91969.13,151150.25,247203694.83
United States,North America,2021-12-26,331002647,5607.89,7649592.16,68.43,92037.56,149187.46,247352882.29
United States,North America,2021-12-27,331002647,5068.32,7654660.48,57.64,92095.2,147247.72,247500130.01
United States,North America,2021-12-28,331002647,5451.14,7660111.61,62.75,92157.96,145330.84,247645460.84
United States,North America,2021-12-29,331002647,4818.34,7664929.96,51.28,92209.24,143436.6,247788897.44
United States,North America,2021-12-30,331002647,4763.13,7669693.08,60.53,92269.77,141564.8,247930462.24
United States,North America,2021-12-31,331002647,4484.54,7674177.63,53.06,92322.83,139715.24,248070177.48
United States,North America,2022-01-01,331002647,5141.9,7679319.52,56.4,92379.23,137887.72,248208065.2
United States,North America,2022-01-02,331002647,4782.05,7684101.58,52.09,92431.31,136082.02,248344147.22
United States,North America,2022-01-03,331002647,4648.26,7688749.84,46.1,92477.41,134297.95,248478445.17
United States,North America,2022-01-04,331002647,4751.5,7693501.34,64.85,92542.26,132535.29,248610980.46
United States,North America,2022-01-05,331002647,5180.15,7698681.49,62.79,92605.05,130793.86,248741774.32
United States,North America,2022-01-06,331002647,3480.54,7702162.03,34.86,92639.91,129073.43,248870847.75
United States,North America,2022-01-07,331002647,3705.66,7705867.69,50.94,92690.85,127373.82,248998221.57
United States,North America,2022-01-08,331002647,3636.03,7709503.72,39.15,92730.0,125694.81,249123916.38
United States,North America,2022-01-09,331002647,3443.76,7712947.48,30.07,92760.07,124036.21,249247952.6
United States,North America,2022-01-10,331002647,3256.5,7716203.98,47.25,92807.32,122397.82,249370350.42
United States,North America,2022-01-11,331002647,3423.13,7719627.11,36.78,92844.1,120779.44,249491129.86
United States,North America,2022-01-12,331002647,2998.77,7722625.88,32.71,92876.81,119180.85,249610310.71
United States,North America,2022-01-13,331002647,3440.64,7726066.52,41.62,92918.43,117601.88,249727912.59
United States,North America,2022-01-14,331002647,3242.45,7729308.97,48.05,92966.48,116042.31,249843954.9
United States,North America,2022-01-15,331002647,3295.88,7732604.85,39.71,93006.19,114501.96,249958456.87
United States,North America,2022-01-16,331002647,3210.54,7735815.39,28.93,93035.13,112980.62,250071437.49
United States,North America,2022-01-17,331002647,3151.35,7738966.74,42.17,93077.29,111478.1,250182915.59
United States,North America,2022-01-18,331002647,2719.19,7741685.93,28.75,93106.04,109994.21,250292909.8
United States,North America,2022-01-19,331002647,3503.96,7745189.89,57.15,93163.19,108528.74,250401438.54
United States,North America,2022-01-20,331002647,2757.36,7747947.25,33.08,93196.27,107081.52,250508520.06
United States,North America,2022-01-21,331002647,1939.25,7749886.51,5.39,93201.66,105652.34,250614172.4
United States,North America,2022-01-22,331002647,2158.13,7752044.64,28.76,93230.42,104241.02,250718413.42
United States,North America,2022-01-23,331002647,1819.63,7753864.27,37.39,93267.81,102847.36,250821260.79
United States,North America,2022-01-24,331002647,2356.7,7756220.97,40.89,93308.7,101471.19,250922731.97
United States,North America,2022-01-25,331002647,2231.78,7758452.75,41.43,93350.13,100112.3,251022844.27
United States,North America,2022-01-26,331002647,2036.17,7760488.92,16.28,93366.41,98770.51,251121614.78
United States,North America,2022-01-27,331002647,2831.55,7763320.47,41.28,93407.68,97445.65,251219060.43
United States,North America,2022-01-28,331002647,2249.35,7765569.82,21.22,93428.9,96137.51,251315197.94
United States,North America,2022-01-29,331002647,2242.67,7767812.5,28.71,93457.6,94845.93,251410043.88
United States,North America,2022-01-30,331002647,1595.81,7769408.3,8.97,93466.57,93570.72,251503614.6
United States,North America,2022-01-31,331002647,1506.92,7770915.22,12.93,93479.5,92311.7,251595926.31
